st_name,year,pc_no,pc_name,pc_type,cand_name,cand_sex,partyname,partyabbre,totvotpoll,electors
Andaman & Nicobar Islands,2014,1,Andaman & Nicobar Islands,GEN,A Pandian,M,AIFB,AIFB,225,269360
Andaman & Nicobar Islands,2014,1,Andaman & Nicobar Islands,GEN,N Kannan,M,IND,IND,314,269360
Andaman & Nicobar Islands,2014,1,Andaman & Nicobar Islands,GEN,C G Saji Kumar,M,IND,IND,334,269360
Andaman & Nicobar Islands,2014,1,Andaman & Nicobar Islands,GEN,Raghubir Singh,M,SP,SP,379,269360
Andaman & Nicobar Islands,2014,1,Andaman & Nicobar Islands,GEN,V V Khalid,M,IND,IND,429,269360
Andaman & Nicobar Islands,2014,1,Andaman & Nicobar Islands,GEN,N K P Nair,M,CPI(ML)(L),CPI(ML)(L),436,269360
Andaman & Nicobar Islands,2014,1,Andaman & Nicobar Islands,GEN,Saravanan,M,IND,IND,847,269360
Andaman & Nicobar Islands,2014,1,Andaman & Nicobar Islands,GEN,Gour Chandra Majumder,M,BSP,BSP,1139,269360
Andaman & Nicobar Islands,2014,1,Andaman & Nicobar Islands,GEN,R.S.Uma Bharatthy,F,NCP,NCP,1151,269360
Andaman & Nicobar Islands,2014,1,Andaman & Nicobar Islands,GEN,None Of The Above,,NOTA,NOTA,1564,269360
Andaman & Nicobar Islands,2014,1,Andaman & Nicobar Islands,GEN,Prakash Minj,M,IND,IND,1587,269360
Andaman & Nicobar Islands,2014,1,Andaman & Nicobar Islands,GEN,K.G.Das,M,CPM,CPM,1777,269360
Andaman & Nicobar Islands,2014,1,Andaman & Nicobar Islands,GEN,Anita Mondal,F,AITC,AITC,2283,269360
Andaman & Nicobar Islands,2014,1,Andaman & Nicobar Islands,GEN,Sanjay Meshack,M,AAAP,AAAP,3737,269360
Andaman & Nicobar Islands,2014,1,Andaman & Nicobar Islands,GEN,Kuldeep Rai Sharma,M,INC,INC,83157,269360
Andaman & Nicobar Islands,2014,1,Andaman & Nicobar Islands,GEN,Bishnu Pada Ray,M,BJP,BJP,90969,269360
Andhra Pradesh,2014,1,Adilabad ,ST,Banka Sahadev,M,IND,IND,4787,1386282
Andhra Pradesh,2014,1,Adilabad ,ST,Pawar Krishna,M,IND,IND,5055,1386282
Andhra Pradesh,2014,1,Adilabad ,ST,Mosali Chinnaiah,M,IND,IND,8859,1386282
Andhra Pradesh,2014,1,Adilabad ,ST,None Of The Above,,NOTA,NOTA,17084,1386282
Andhra Pradesh,2014,1,Adilabad ,ST,Nethawath Ramdas,M,IND,IND,41032,1386282
Andhra Pradesh,2014,1,Adilabad ,ST,Rathod Sadashiv,M,BSP,BSP,94420,1386282
Andhra Pradesh,2014,1,Adilabad ,ST,Ramesh Rathod,M,TDP,TDP,184198,1386282
Andhra Pradesh,2014,1,Adilabad ,ST,Naresh,M,INC,INC,259557,1386282
Andhra Pradesh,2014,1,Adilabad ,ST,Godam Nagesh,M,TRS,TRS,430847,1386282
Andhra Pradesh,2014,2,Peddapalle ,SC,Botha Venkata Mallaiah,M,BCUF,BCUF,2245,1425355
Andhra Pradesh,2014,2,Peddapalle ,SC,Gorre Ramesh,M,IND,IND,2361,1425355
Andhra Pradesh,2014,2,Peddapalle ,SC,Moutam Ravinder,M,IND,IND,2674,1425355
Andhra Pradesh,2014,2,Peddapalle ,SC,Kamilla Jaya Rao,M,IND,IND,2742,1425355
Andhra Pradesh,2014,2,Peddapalle ,SC,J.V. Raju,M,NIP,NIP,3020,1425355
Andhra Pradesh,2014,2,Peddapalle ,SC,Gaddala Vinay Kumar,M,IND,IND,3266,1425355
Andhra Pradesh,2014,2,Peddapalle ,SC,Thallapalli Srinivas,M,IND,IND,3699,1425355
Andhra Pradesh,2014,2,Peddapalle ,SC,Venkata Swamy Injam,M,MaSP,MaSP,3866,1425355
Andhra Pradesh,2014,2,Peddapalle ,SC,None Of The Above,,NOTA,NOTA,5361,1425355
Andhra Pradesh,2014,2,Peddapalle ,SC,Bupelli Narayana,M,IND,IND,7258,1425355
Andhra Pradesh,2014,2,Peddapalle ,SC,Kalvala Sanjeev,M,RPI,RPI,8609,1425355
Andhra Pradesh,2014,2,Peddapalle ,SC,Jinna Ramadevi,F,IND,IND,9199,1425355
Andhra Pradesh,2014,2,Peddapalle ,SC,Kalvala Shankar,M,PPOI,PPOI,9290,1425355
Andhra Pradesh,2014,2,Peddapalle ,SC,Tagaram Shankar Lal,M,BSP,BSP,9449,1425355
Andhra Pradesh,2014,2,Peddapalle ,SC,Velthuru Mallaiah,M,RP(K),RP(K),45977,1425355
Andhra Pradesh,2014,2,Peddapalle ,SC,Dr.Janapati Sarat Babu,M,TDP,TDP,63334,1425355
Andhra Pradesh,2014,2,Peddapalle ,SC,G. Vivekanand,M,INC,INC,274338,1425355
Andhra Pradesh,2014,2,Peddapalle ,SC,Balka Suman,M,TRS,TRS,565496,1425355
Andhra Pradesh,2014,3,Karimnagar ,GEN,Pulikota Ramesh,M,IND,IND,1773,1550810
Andhra Pradesh,2014,3,Karimnagar ,GEN,Ranaveni Lakshman,M,NIP,NIP,2062,1550810
Andhra Pradesh,2014,3,Karimnagar ,GEN,Uppuleti.Laxman,M,IND,IND,2445,1550810
Andhra Pradesh,2014,3,Karimnagar ,GEN,Mallesh Yadav Barla,M,IND,IND,2757,1550810
Andhra Pradesh,2014,3,Karimnagar ,GEN,Meesala Raji Reddy,M,YSRCP,YSRCP,3075,1550810
Andhra Pradesh,2014,3,Karimnagar ,GEN,Dr.Dharmaiah Vendavetla,M,BMUP,BMUP,3772,1550810
Andhra Pradesh,2014,3,Karimnagar ,GEN,Srinivas Reddy Lingampally,M,IND,IND,3851,1550810
Andhra Pradesh,2014,3,Karimnagar ,GEN,L. Prabhakar Reddy,M,PPOI,PPOI,3943,1550810
Andhra Pradesh,2014,3,Karimnagar ,GEN,Kandem Prabhakar,M,IND,IND,4728,1550810
Andhra Pradesh,2014,3,Karimnagar ,GEN,Burla. Ravi,M,NCP,NCP,4769,1550810
Andhra Pradesh,2014,3,Karimnagar ,GEN,None Of The Above,,NOTA,NOTA,5734,1550810
Andhra Pradesh,2014,3,Karimnagar ,GEN,Mohammed Amjad Mohiuddin,M,IND,IND,6713,1550810
Andhra Pradesh,2014,3,Karimnagar ,GEN,Reddi Malla Srinivas,M,RPI(A),RPI(A),8034,1550810
Andhra Pradesh,2014,3,Karimnagar ,GEN,B. Laxman,M,BSP,BSP,11328,1550810
Andhra Pradesh,2014,3,Karimnagar ,GEN,Shaik Mahmood,M,WPOI,WPOI,39308,1550810
Andhra Pradesh,2014,3,Karimnagar ,GEN,Chennamaneni Vidya Sagar Rao,M,BJP,BJP,214828,1550810
Andhra Pradesh,2014,3,Karimnagar ,GEN,Ponnam Prabhakar,M,INC,INC,300706,1550810
Andhra Pradesh,2014,3,Karimnagar ,GEN,Vinod Kumar Boinapally,M,TRS,TRS,505358,1550810
Andhra Pradesh,2014,4,Nizamabad,GEN,Abdul Kareem Khan (Babu),M,IND,IND,1601,1496193
Andhra Pradesh,2014,4,Nizamabad,GEN,Sagar Suddala,M,BMUP,BMUP,1978,1496193
Andhra Pradesh,2014,4,Nizamabad,GEN,Kotapati Narsimham Naidu,M,IND,IND,2462,1496193
Andhra Pradesh,2014,4,Nizamabad,GEN,Rapelly Srinivas,M,AAAP,AAAP,2621,1496193
Andhra Pradesh,2014,4,Nizamabad,GEN,S. Chandraiah,M,IND,IND,2817,1496193
Andhra Pradesh,2014,4,Nizamabad,GEN,Chirulingadrula Venkatesham,M,IND,IND,3091,1496193
Andhra Pradesh,2014,4,Nizamabad,GEN,Singareddy Ravindra Reddy,M,YSRCP,YSRCP,3529,1496193
Andhra Pradesh,2014,4,Nizamabad,GEN,Banja Veerappa,M,PPOI,PPOI,3651,1496193
Andhra Pradesh,2014,4,Nizamabad,GEN,Kandem Prabhakar,M,IND,IND,3990,1496193
Andhra Pradesh,2014,4,Nizamabad,GEN,Abdul Gani,M,BCUF,BCUF,4791,1496193
Andhra Pradesh,2014,4,Nizamabad,GEN,None Of The Above,,NOTA,NOTA,7266,1496193
Andhra Pradesh,2014,4,Nizamabad,GEN,Talari Ramulu,M,BSP,BSP,7421,1496193
Andhra Pradesh,2014,4,Nizamabad,GEN,Bagwan B,M,IND,IND,8129,1496193
Andhra Pradesh,2014,4,Nizamabad,GEN,Malik Mohtasim Khan,M,WPOI,WPOI,43814,1496193
Andhra Pradesh,2014,4,Nizamabad,GEN,Endala Lakshminarayana,M,BJP,BJP,225333,1496193
Andhra Pradesh,2014,4,Nizamabad,GEN,Madhu Yaskhi Goud,M,INC,INC,272123,1496193
Andhra Pradesh,2014,4,Nizamabad,GEN,Kalvakuntla Kavitha,F,TRS,TRS,439307,1496193
Andhra Pradesh,2014,5,Zahirabad,GEN,Tandale Ambaji Rao,M,IND,IND,2323,1445354
Andhra Pradesh,2014,5,Zahirabad,GEN,Dr. Suneel Kumar Chowdhary,M,AAAP,AAAP,3285,1445354
Andhra Pradesh,2014,5,Zahirabad,GEN,Rama Rao,M,IND,IND,4426,1445354
Andhra Pradesh,2014,5,Zahirabad,GEN,Benjamin Raju,M,IND,IND,4804,1445354
Andhra Pradesh,2014,5,Zahirabad,GEN,Syed Ferozuddin,M,BSP,BSP,8180,1445354
Andhra Pradesh,2014,5,Zahirabad,GEN,None Of The Above,,NOTA,NOTA,11190,1445354
Andhra Pradesh,2014,5,Zahirabad,GEN,Mahmood Mohiuddin,M,YSRCP,YSRCP,12383,1445354
Andhra Pradesh,2014,5,Zahirabad,GEN,Marri Durgesh,M,RPI(A),RPI(A),18027,1445354
Andhra Pradesh,2014,5,Zahirabad,GEN,K.Madan Mohan Rao,M,TDP,TDP,157497,1445354
Andhra Pradesh,2014,5,Zahirabad,GEN,Suresh Kumar Shetkar,M,INC,INC,364030,1445354
Andhra Pradesh,2014,5,Zahirabad,GEN,B.B. Patil,M,TRS,TRS,508661,1445354
Andhra Pradesh,2014,6,Medak,GEN,Gurjada Bheeraiah Yadav,M,IND,IND,2053,1536166
Andhra Pradesh,2014,6,Medak,GEN,Balaraju Mittapally,M,IND,IND,2973,1536166
Andhra Pradesh,2014,6,Medak,GEN,Gajabinkar Bansilal,M,IND,IND,3281,1536166
Andhra Pradesh,2014,6,Medak,GEN,Bomma Balesham,M,PPOI,PPOI,3297,1536166
Andhra Pradesh,2014,6,Medak,GEN,Meka. Subba Rao,M,IND,IND,4441,1536166
Andhra Pradesh,2014,6,Medak,GEN,Iqbal Ali Zafar,M,MBT,MBT,5010,1536166
Andhra Pradesh,2014,6,Medak,GEN,Y. Shankar Goud,M,BSP,BSP,6643,1536166
Andhra Pradesh,2014,6,Medak,GEN,Kompelli Prabhudas,M,RPI(A),RPI(A),7599,1536166
Andhra Pradesh,2014,6,Medak,GEN,None Of The Above,,NOTA,NOTA,10696,1536166
Andhra Pradesh,2014,6,Medak,GEN,"Prabhugoud, Pullaiahgari",M,YSRCP,YSRCP,11752,1536166
Andhra Pradesh,2014,6,Medak,GEN,Kundeti. Ravi.,M,IND,IND,33507,1536166
Andhra Pradesh,2014,6,Medak,GEN,Chaganla Narendra Nath,M,BJP,BJP,181804,1536166
Andhra Pradesh,2014,6,Medak,GEN,Dr.P. Shravan Kumar Reddy,M,INC,INC,260463,1536166
Andhra Pradesh,2014,6,Medak,GEN,Kalvakuntla Chandrasekhar Rao,M,TRS,TRS,657492,1536166
Andhra Pradesh,2014,7,Malkajgiri,GEN,Potturi Tulasi Das,M,IND,IND,411,3183083
Andhra Pradesh,2014,7,Malkajgiri,GEN,Polisetty Krishna Rao,M,IND,IND,496,3183083
Andhra Pradesh,2014,7,Malkajgiri,GEN,Sutharapu Padmaiah,M,APRSSP,APRSSP,529,3183083
Andhra Pradesh,2014,7,Malkajgiri,GEN,Sathyanarayana Yaadav Peddiboyina,M,BCBDP,BCBDP,596,3183083
Andhra Pradesh,2014,7,Malkajgiri,GEN,B.Veera Hanumantha Reddy,M,IND,IND,775,3183083
Andhra Pradesh,2014,7,Malkajgiri,GEN,Paduri Srinivas Reddy,M,TLP,TLP,802,3183083
Andhra Pradesh,2014,7,Malkajgiri,GEN,Rahul Pandit,M,IND,IND,899,3183083
Andhra Pradesh,2014,7,Malkajgiri,GEN,M.T.Varughese,M,IND,IND,1026,3183083
Andhra Pradesh,2014,7,Malkajgiri,GEN,Vattikuti Ramarao Goud,M,IND,IND,1032,3183083
Andhra Pradesh,2014,7,Malkajgiri,GEN,M.Nageswara Rao,M,IND,IND,1301,3183083
Andhra Pradesh,2014,7,Malkajgiri,GEN,Peesari Satish Reddy,M,IND,IND,1325,3183083
Andhra Pradesh,2014,7,Malkajgiri,GEN,Murari.T.N,M,SHS,SHS,1390,3183083
Andhra Pradesh,2014,7,Malkajgiri,GEN,Gajabinkar Bansilal,M,IND,IND,1416,3183083
Andhra Pradesh,2014,7,Malkajgiri,GEN,Koyalkar Bhoj Raj,M,IND,IND,1547,3183083
Andhra Pradesh,2014,7,Malkajgiri,GEN,Dasari Bharath Reddy,M,IND,IND,1693,3183083
Andhra Pradesh,2014,7,Malkajgiri,GEN,Surakanti Venkat Reddy,M,PPOI,PPOI,2049,3183083
Andhra Pradesh,2014,7,Malkajgiri,GEN,Kante Sayanna,M,IND,IND,2261,3183083
Andhra Pradesh,2014,7,Malkajgiri,GEN,Anjaneyulu.E,M,IND,IND,2677,3183083
Andhra Pradesh,2014,7,Malkajgiri,GEN,Bandi Sudhakar,M,JaSPa,JaSPa,4095,3183083
Andhra Pradesh,2014,7,Malkajgiri,GEN,D.Bikshapathi,M,IND,IND,5717,3183083
Andhra Pradesh,2014,7,Malkajgiri,GEN,Karunakar.R,M,BSP,BSP,6133,3183083
Andhra Pradesh,2014,7,Malkajgiri,GEN,Jajula Bhaskar,M,SHP,SHP,7953,3183083
Andhra Pradesh,2014,7,Malkajgiri,GEN,Dr.N.V.Sudha Kiran,M,AAAP,AAAP,8301,3183083
Andhra Pradesh,2014,7,Malkajgiri,GEN,None Of The Above,,NOTA,NOTA,8692,3183083
Andhra Pradesh,2014,7,Malkajgiri,GEN,Prof. K.Nageshwar,M,IND,IND,13239,3183083
Andhra Pradesh,2014,7,Malkajgiri,GEN,Divakar Dharanikota Sudhakar,M,AIMIM,AIMIM,18544,3183083
Andhra Pradesh,2014,7,Malkajgiri,GEN,V.Dinesh Reddy,M,YSRCP,YSRCP,115221,3183083
Andhra Pradesh,2014,7,Malkajgiri,GEN,Dr.Jayaprakash Narayan .N,M,LSP,LSP,158248,3183083
Andhra Pradesh,2014,7,Malkajgiri,GEN,Sarvey Sathyanarayana,M,INC,INC,233530,3183083
Andhra Pradesh,2014,7,Malkajgiri,GEN,Hanumanth Rao Mynampally,M,TRS,TRS,495190,3183083
Andhra Pradesh,2014,7,Malkajgiri,GEN,Ch.Malla Reddy,M,TDP,TDP,523356,3183083
Andhra Pradesh,2014,8,Secundrabad,GEN,Michael Daniel Ovelz,M,IND,IND,291,1893741
Andhra Pradesh,2014,8,Secundrabad,GEN,Mohd Abubakar Parwaiz Siddiqui,M,IND,IND,322,1893741
Andhra Pradesh,2014,8,Secundrabad,GEN,Mohammed Rizwan Hussain,M,IND,IND,370,1893741
Andhra Pradesh,2014,8,Secundrabad,GEN,Syed Madani Quadri,M,IND,IND,376,1893741
Andhra Pradesh,2014,8,Secundrabad,GEN,Karankote Narender,M,AIFB,AIFB,474,1893741
Andhra Pradesh,2014,8,Secundrabad,GEN,Kumar Chowdary Yadav.G,M,sps,sps,547,1893741
Andhra Pradesh,2014,8,Secundrabad,GEN,Ch. Murahari,M,SUCI,SUCI,554,1893741
Andhra Pradesh,2014,8,Secundrabad,GEN,Shakthi Satyavathi,F,PPOI,PPOI,638,1893741
Andhra Pradesh,2014,8,Secundrabad,GEN,Ananth Rao Gundepally,M,IND,IND,779,1893741
Andhra Pradesh,2014,8,Secundrabad,GEN,Mohd Imtiaz Hussain,M,IUML,IUML,786,1893741
Andhra Pradesh,2014,8,Secundrabad,GEN,Abdus Sattar Mujahed,M,ABML(S),ABML(S),809,1893741
Andhra Pradesh,2014,8,Secundrabad,GEN,Dr.Malathi Latha Eppa,F,JAP,JAP,873,1893741
Andhra Pradesh,2014,8,Secundrabad,GEN,S. Lakshman Rao,M,IND,IND,886,1893741
Andhra Pradesh,2014,8,Secundrabad,GEN,Dr.N.S.Uday Kumar,M,pjdl,pjdl,928,1893741
Andhra Pradesh,2014,8,Secundrabad,GEN,Khaja Sirajuddin Azaz,M,mmsp,mmsp,959,1893741
Andhra Pradesh,2014,8,Secundrabad,GEN,Avula Ranganayakulu,M,IND,IND,1144,1893741
Andhra Pradesh,2014,8,Secundrabad,GEN,Raghu Deshaboina,M,BMUP,BMUP,1496,1893741
Andhra Pradesh,2014,8,Secundrabad,GEN,B.Deepak Kumar,M,RPI(KH),RPI(KH),1813,1893741
Andhra Pradesh,2014,8,Secundrabad,GEN,J.Ramulu,M,RSP,RSP,2058,1893741
Andhra Pradesh,2014,8,Secundrabad,GEN,Sonu Sarsal Valmiki,M,TECPI,TECPI,2311,1893741
Andhra Pradesh,2014,8,Secundrabad,GEN,B.Subramanyam,M,IND,IND,2481,1893741
Andhra Pradesh,2014,8,Secundrabad,GEN,K.Sai Krishna Mohan Rao,M,ICSP,ICSP,2603,1893741
Andhra Pradesh,2014,8,Secundrabad,GEN,Khaja Khalid Anwar,M,BSP,BSP,2863,1893741
Andhra Pradesh,2014,8,Secundrabad,GEN,K. Srinivasulu,M,JaSPa,JaSPa,3691,1893741
Andhra Pradesh,2014,8,Secundrabad,GEN,None Of The Above,,NOTA,NOTA,6572,1893741
Andhra Pradesh,2014,8,Secundrabad,GEN,Chaya Ratan Musinipally,F,AAAP,AAAP,11184,1893741
Andhra Pradesh,2014,8,Secundrabad,GEN,Syed Sajid Ali,M,YSRCP,YSRCP,45187,1893741
Andhra Pradesh,2014,8,Secundrabad,GEN,T.Bheemsen,M,TRS,TRS,143847,1893741
Andhra Pradesh,2014,8,Secundrabad,GEN,Narla Mohan Rao,M,AIMIM,AIMIM,145120,1893741
Andhra Pradesh,2014,8,Secundrabad,GEN,M.Anjan Kumar Yadav,M,INC,INC,183536,1893741
Andhra Pradesh,2014,8,Secundrabad,GEN,Bandaru Dattatreya,M,BJP,BJP,438271,1893741
Andhra Pradesh,2014,9,Hyderabad,GEN,N.Mahender Singh,M,NBNP,NBNP,485,1823217
Andhra Pradesh,2014,9,Hyderabad,GEN,Jaya Vindhyala,F,SP(I),SP(I),598,1823217
Andhra Pradesh,2014,9,Hyderabad,GEN,Shaik Moin,M,IND,IND,626,1823217
Andhra Pradesh,2014,9,Hyderabad,GEN,Md Osman,M,IND,IND,728,1823217
Andhra Pradesh,2014,9,Hyderabad,GEN,Syed Abdul Gaffer,M,IND,IND,740,1823217
Andhra Pradesh,2014,9,Hyderabad,GEN,S.Khaja Moinuddin,M,AIACP,AIACP,1593,1823217
Andhra Pradesh,2014,9,Hyderabad,GEN,Syed Mustafa Mahmood,M,MBT,MBT,2102,1823217
Andhra Pradesh,2014,9,Hyderabad,GEN,Venu Gopal.P,M,BSP,BSP,3100,1823217
Andhra Pradesh,2014,9,Hyderabad,GEN,None Of The Above,,NOTA,NOTA,5013,1823217
Andhra Pradesh,2014,9,Hyderabad,GEN,M A Habeeb,M,IND,IND,5992,1823217
Andhra Pradesh,2014,9,Hyderabad,GEN,Lubna Sarwath,F,AAAP,AAAP,6118,1823217
Andhra Pradesh,2014,9,Hyderabad,GEN,Boddu Sainath Reddy,M,YSRCP,YSRCP,10743,1823217
Andhra Pradesh,2014,9,Hyderabad,GEN,Binghi Rajashekar,M,PPOI,PPOI,21796,1823217
Andhra Pradesh,2014,9,Hyderabad,GEN,Rashid Shareef,M,TRS,TRS,37195,1823217
Andhra Pradesh,2014,9,Hyderabad,GEN,S Krishna Reddy,M,INC,INC,49310,1823217
Andhra Pradesh,2014,9,Hyderabad,GEN,Dr.Bhagavanth Rao,M,BJP,BJP,311414,1823217
Andhra Pradesh,2014,9,Hyderabad,GEN,Asaduddin Owaisi,M,AIMIM,AIMIM,513868,1823217
Andhra Pradesh,2014,10,Chelvella,GEN,Syed Hashmathullah Quadri,M,IUML,IUML,1411,2185164
Andhra Pradesh,2014,10,Chelvella,GEN,Dr.Golla Ramaiah,M,TLP,TLP,1765,2185164
Andhra Pradesh,2014,10,Chelvella,GEN,Sanike Ram Gopal Yadav,M,IND,IND,2058,2185164
Andhra Pradesh,2014,10,Chelvella,GEN,Sutharapu Padmaiah,M,APRSSP,APRSSP,2214,2185164
Andhra Pradesh,2014,10,Chelvella,GEN,Dr. P. Sadhu Satyanadhan,M,ICSP,ICSP,2545,2185164
Andhra Pradesh,2014,10,Chelvella,GEN,Md Yunus Miya,M,MCPI,MCPI,2904,2185164
Andhra Pradesh,2014,10,Chelvella,GEN,Kummari Giri,M,PPOI,PPOI,5789,2185164
Andhra Pradesh,2014,10,Chelvella,GEN,Regatte Venkat Reddy,M,AAAP,AAAP,7462,2185164
Andhra Pradesh,2014,10,Chelvella,GEN,Samala Ravindar,M,BSP,BSP,7732,2185164
Andhra Pradesh,2014,10,Chelvella,GEN,None Of The Above,,NOTA,NOTA,10018,2185164
Andhra Pradesh,2014,10,Chelvella,GEN,G.Mallesham Goud,M,IND,IND,24660,2185164
Andhra Pradesh,2014,10,Chelvella,GEN,Konda Raghava Reddy,M,YSRCP,YSRCP,40135,2185164
Andhra Pradesh,2014,10,Chelvella,GEN,Chan Pasha,M,ABML(S),ABML(S),56835,2185164
Andhra Pradesh,2014,10,Chelvella,GEN,Tulla Veerender,M,TDP,TDP,353203,2185164
Andhra Pradesh,2014,10,Chelvella,GEN,Patlolla Kartik Reddy,M,INC,INC,362054,2185164
Andhra Pradesh,2014,10,Chelvella,GEN,Konda Vishweshwar Reddy,M,TRS,TRS,435077,2185164
Andhra Pradesh,2014,11,Mahbubnagar,GEN,S. Shiva Shankar,M,IND,IND,3252,1418668
Andhra Pradesh,2014,11,Mahbubnagar,GEN,Dr. Chandra Sekhar. A,M,IND,IND,4033,1418668
Andhra Pradesh,2014,11,Mahbubnagar,GEN,Ibrahim Syed,M,IND,IND,4549,1418668
Andhra Pradesh,2014,11,Mahbubnagar,GEN,None Of The Above,,NOTA,NOTA,9037,1418668
Andhra Pradesh,2014,11,Mahbubnagar,GEN,H.A. Rahman,M,YSRCP,YSRCP,9105,1418668
Andhra Pradesh,2014,11,Mahbubnagar,GEN,Kadire Krishna,M,BSP,BSP,15779,1418668
Andhra Pradesh,2014,11,Mahbubnagar,GEN,S.R.Premaiah,M,PPOI,PPOI,30388,1418668
Andhra Pradesh,2014,11,Mahbubnagar,GEN,Dr. Janardhan Reddy Nagam,M,BJP,BJP,272791,1418668
Andhra Pradesh,2014,11,Mahbubnagar,GEN,Jaipal Reddy Sudini,M,INC,INC,331638,1418668
Andhra Pradesh,2014,11,Mahbubnagar,GEN,Ap Jithender Reddy,M,TRS,TRS,334228,1418668
Andhra Pradesh,2014,12,Nagarkurnool,SC,Bahadhur Srinivas,M,BSP,BSP,12089,1477305
Andhra Pradesh,2014,12,Nagarkurnool,SC,None Of The Above,,NOTA,NOTA,12388,1477305
Andhra Pradesh,2014,12,Nagarkurnool,SC,Maredu Gopal,M,YSRCP,YSRCP,22985,1477305
Andhra Pradesh,2014,12,Nagarkurnool,SC,Buddula Srinivas,M,IND,IND,54680,1477305
Andhra Pradesh,2014,12,Nagarkurnool,SC,Bakkani Narsimlu,M,TDP,TDP,183352,1477305
Andhra Pradesh,2014,12,Nagarkurnool,SC,Dr. Manda Jagannath,M,TRS,TRS,403399,1477305
Andhra Pradesh,2014,12,Nagarkurnool,SC,Yellaiah Nandi,M,INC,INC,420075,1477305
Andhra Pradesh,2014,13,Nalgonda,GEN,Tejavath Bellaiah Naik,M,AAAP,AAAP,2308,1494343
Andhra Pradesh,2014,13,Nalgonda,GEN,Manupuri Daya Sagar,M,PPOI,PPOI,4495,1494343
Andhra Pradesh,2014,13,Nalgonda,GEN,None Of The Above,,NOTA,NOTA,9305,1494343
Andhra Pradesh,2014,13,Nalgonda,GEN,Kundarapu Ramesh,M,BSP,BSP,11517,1494343
Andhra Pradesh,2014,13,Nalgonda,GEN,Gunnam Nagi Reddy,M,YSRCP,YSRCP,39385,1494343
Andhra Pradesh,2014,13,Nalgonda,GEN,Nandyala Narsimha Reddy,M,CPM,CPM,54423,1494343
Andhra Pradesh,2014,13,Nalgonda,GEN,Marri Nehemiah,M,IND,IND,56259,1494343
Andhra Pradesh,2014,13,Nalgonda,GEN,Dr. Palla Rajeshwar Reddy,M,TRS,TRS,260677,1494343
Andhra Pradesh,2014,13,Nalgonda,GEN,Tera Chinnapa Reddy,M,TDP,TDP,278937,1494343
Andhra Pradesh,2014,13,Nalgonda,GEN,Gutha Sukhender Reddy,M,INC,INC,472093,1494343
Andhra Pradesh,2014,14,Bhongir ,GEN,Nagula Srinivas Yadav,M,MaSP,MaSP,1858,1492240
Andhra Pradesh,2014,14,Bhongir ,GEN,Guduru Janardhan Reddy,M,JaSPa,JaSPa,2342,1492240
Andhra Pradesh,2014,14,Bhongir ,GEN,Guahati Mothilal,M,AIMIM,AIMIM,2600,1492240
Andhra Pradesh,2014,14,Bhongir ,GEN,Kapilavai Dileep Kumar,M,RLD,RLD,5551,1492240
Andhra Pradesh,2014,14,Bhongir ,GEN,Boilla Narender,M,RPI(A),RPI(A),6847,1492240
Andhra Pradesh,2014,14,Bhongir ,GEN,Ravulapally Kondal Rao,M,IND,IND,7721,1492240
Andhra Pradesh,2014,14,Bhongir ,GEN,Arvapally Ambati,M,BSP,BSP,9029,1492240
Andhra Pradesh,2014,14,Bhongir ,GEN,None Of The Above,,NOTA,NOTA,10907,1492240
Andhra Pradesh,2014,14,Bhongir ,GEN,Navulla Malla Reddy,M,IND,IND,26805,1492240
Andhra Pradesh,2014,14,Bhongir ,GEN,Varikuppala Krishna Vaddera,M,IND,IND,35004,1492240
Andhra Pradesh,2014,14,Bhongir ,GEN,Cherupally Seetharamulu,M,CPM,CPM,54035,1492240
Andhra Pradesh,2014,14,Bhongir ,GEN,Indrasena Reddy Nallu,M,BJP,BJP,183249,1492240
Andhra Pradesh,2014,14,Bhongir ,GEN,Komatireddy Rajgopal Reddy,M,INC,INC,417620,1492240
Andhra Pradesh,2014,14,Bhongir ,GEN,Dr. Boora Narsaiah Goud,M,TRS,TRS,448164,1492240
Andhra Pradesh,2014,15,Warangal,SC,Venu Esampelly,M,AIFB,AIFB,1541,1537778
Andhra Pradesh,2014,15,Warangal,SC,Kanakam Ramesh,M,IND,IND,2013,1537778
Andhra Pradesh,2014,15,Warangal,SC,Venkanna Neerudu,M,BMUP,BMUP,2098,1537778
Andhra Pradesh,2014,15,Warangal,SC,Venkanna Kannam,M,MCPI,MCPI,2258,1537778
Andhra Pradesh,2014,15,Warangal,SC,Jannu Mahendar,M,IND,IND,3211,1537778
Andhra Pradesh,2014,15,Warangal,SC,Chintha Swamy,M,AAAP,AAAP,5569,1537778
Andhra Pradesh,2014,15,Warangal,SC,Thuppari Narasimha Swamy,M,PPOI,PPOI,7350,1537778
Andhra Pradesh,2014,15,Warangal,SC,Chiluveru Prathap,M,IND,IND,9178,1537778
Andhra Pradesh,2014,15,Warangal,SC,Gannarapu Surender,M,BSP,BSP,9536,1537778
Andhra Pradesh,2014,15,Warangal,SC,None Of The Above,,NOTA,NOTA,14034,1537778
Andhra Pradesh,2014,15,Warangal,SC,Parameshwar Ramagalla,M,BJP,BJP,187139,1537778
Andhra Pradesh,2014,15,Warangal,SC,Rajaiah Siricilla,M,INC,INC,269065,1537778
Andhra Pradesh,2014,15,Warangal,SC,Kadiyam Srihari,M,TRS,TRS,661639,1537778
Andhra Pradesh,2014,16,Mahabubabad  ,ST,Eesam Sudhakar,M,IND,IND,2193,1387288
Andhra Pradesh,2014,16,Mahabubabad  ,ST,Balunayak Bhukya,M,IND,IND,3091,1387288
Andhra Pradesh,2014,16,Mahabubabad  ,ST,Ponaka Sammakka,F,IND,IND,3443,1387288
Andhra Pradesh,2014,16,Mahabubabad  ,ST,Padiga Yarraiah,M,IND,IND,3498,1387288
Andhra Pradesh,2014,16,Mahabubabad  ,ST,Gugulotu Jagan,M,MCPI,MCPI,3662,1387288
Andhra Pradesh,2014,16,Mahabubabad  ,ST,Metla Papaiah,M,IND,IND,3925,1387288
Andhra Pradesh,2014,16,Mahabubabad  ,ST,Laxminarayana Borra,M,IND,IND,5879,1387288
Andhra Pradesh,2014,16,Mahabubabad  ,ST,Boda Raasi,F,BSP,BSP,6224,1387288
Andhra Pradesh,2014,16,Mahabubabad  ,ST,Kavitha Rani Lunavath,F,PPOI,PPOI,6637,1387288
Andhra Pradesh,2014,16,Mahabubabad  ,ST,None Of The Above,,NOTA,NOTA,6704,1387288
Andhra Pradesh,2014,16,Mahabubabad  ,ST,Datla Nageshwar Rao,M,IND,IND,6853,1387288
Andhra Pradesh,2014,16,Mahabubabad  ,ST,V. Gouri Nagamani,F,IND,IND,13663,1387288
Andhra Pradesh,2014,16,Mahabubabad  ,ST,Laxman Bukya,M,IND,IND,14034,1387288
Andhra Pradesh,2014,16,Mahabubabad  ,ST,Payam Chandhar Rao (Chinna Chandhranna),M,IND,IND,94044,1387288
Andhra Pradesh,2014,16,Mahabubabad  ,ST,Tellam Venkata Rao,M,YSRCP,YSRCP,128472,1387288
Andhra Pradesh,2014,16,Mahabubabad  ,ST,Banoth Mohanlal,M,TDP,TDP,215904,1387288
Andhra Pradesh,2014,16,Mahabubabad  ,ST,P. Balram,M,INC,INC,285577,1387288
Andhra Pradesh,2014,16,Mahabubabad  ,ST,Prof. Azmeera Seetaram Naik,M,TRS,TRS,320569,1387288
Andhra Pradesh,2014,17,Khammam ,GEN,Marikanti Vasudasu,M,IND,IND,879,1440267
Andhra Pradesh,2014,17,Khammam ,GEN,Sanapa Pommaiah,M,IND,IND,889,1440267
Andhra Pradesh,2014,17,Khammam ,GEN,Kanakam Tirumala Rao,M,IND,IND,917,1440267
Andhra Pradesh,2014,17,Khammam ,GEN,Busireddy Shankar Reddy,M,IND,IND,964,1440267
Andhra Pradesh,2014,17,Khammam ,GEN,Kalthi Ramulamma,F,IND,IND,983,1440267
Andhra Pradesh,2014,17,Khammam ,GEN,Ramu Kandula,M,IND,IND,1021,1440267
Andhra Pradesh,2014,17,Khammam ,GEN,Kalthi Venkateswarlu,M,IND,IND,1063,1440267
Andhra Pradesh,2014,17,Khammam ,GEN,Jerripothula Srinivas,M,IND,IND,1116,1440267
Andhra Pradesh,2014,17,Khammam ,GEN,Mudige Nageswara Rao,M,IND,IND,1202,1440267
Andhra Pradesh,2014,17,Khammam ,GEN,Ramesh Kommu,M,IND,IND,1274,1440267
Andhra Pradesh,2014,17,Khammam ,GEN,Banoth Laxma Naik,M,IND,IND,1342,1440267
Andhra Pradesh,2014,17,Khammam ,GEN,Gugulothu Ranjith Kumar,M,IND,IND,1434,1440267
Andhra Pradesh,2014,17,Khammam ,GEN,Gugulothu Sarvan,M,IND,IND,1491,1440267
Andhra Pradesh,2014,17,Khammam ,GEN,Banoth Kishan Nayak,M,IND,IND,1617,1440267
Andhra Pradesh,2014,17,Khammam ,GEN,Medarametla Rama Rao,M,PPOI,PPOI,4139,1440267
Andhra Pradesh,2014,17,Khammam ,GEN,Nagireddy Raji Reddy (Rajanna),M,IND,IND,4484,1440267
Andhra Pradesh,2014,17,Khammam ,GEN,Dodda Ram Babu,M,BSP,BSP,4761,1440267
Andhra Pradesh,2014,17,Khammam ,GEN,None Of The Above,,NOTA,NOTA,4991,1440267
Andhra Pradesh,2014,17,Khammam ,GEN,Nagarjuna Cherukuru,M,JaSPa,JaSPa,5002,1440267
Andhra Pradesh,2014,17,Khammam ,GEN,Kaki Bhaskar,M,IND,IND,5368,1440267
Andhra Pradesh,2014,17,Khammam ,GEN,Mokalla Ramesh,M,IND,IND,5401,1440267
Andhra Pradesh,2014,17,Khammam ,GEN,Bachala Laxmaiah,M,IND,IND,6506,1440267
Andhra Pradesh,2014,17,Khammam ,GEN,Gokinepalli Venkateswara Rao (Gvr),M,IND,IND,8055,1440267
Andhra Pradesh,2014,17,Khammam ,GEN,Lingala Ravi Kumar,M,IND,IND,9460,1440267
Andhra Pradesh,2014,17,Khammam ,GEN,Budan Baig Shaik,M,TRS,TRS,89124,1440267
Andhra Pradesh,2014,17,Khammam ,GEN,Kankanala Narayana,M,CPI,CPI,187702,1440267
Andhra Pradesh,2014,17,Khammam ,GEN,Nama Nageswara Rao,M,TDP,TDP,410230,1440267
Andhra Pradesh,2014,17,Khammam ,GEN,Ponguleti Srinivasa Reddy,M,YSRCP,YSRCP,422434,1440267
Andhra Pradesh,2014,18,Aruku ,ST,Vanugu Sankararao,M,IND,IND,4614,1272340
Andhra Pradesh,2014,18,Aruku ,ST,Iilla Rami Reddy,M,IND,IND,5692,1272340
Andhra Pradesh,2014,18,Aruku ,ST,Biddika Ramaiah,M,IND,IND,7587,1272340
Andhra Pradesh,2014,18,Aruku ,ST,Sallangi Ratnam,F,IND,IND,7688,1272340
Andhra Pradesh,2014,18,Aruku ,ST,Burjabariki Dhanaraju,M,AAAP,AAAP,8569,1272340
Andhra Pradesh,2014,18,Aruku ,ST,Chetti Sankararao,M,IND,IND,8951,1272340
Andhra Pradesh,2014,18,Aruku ,ST,None Of The Above,,NOTA,NOTA,16532,1272340
Andhra Pradesh,2014,18,Aruku ,ST,Kangala Baludora,M,IND,IND,23215,1272340
Andhra Pradesh,2014,18,Aruku ,ST,Midiyam Baburao,M,CPM,CPM,38898,1272340
Andhra Pradesh,2014,18,Aruku ,ST,Kishore Chandra Deo,M,INC,INC,52884,1272340
Andhra Pradesh,2014,18,Aruku ,ST,Gummidi Sandhyarani,F,TDP,TDP,321793,1272340
Andhra Pradesh,2014,18,Aruku ,ST,Kothapalli Geetha,F,YSRCP,YSRCP,413191,1272340
Andhra Pradesh,2014,19,Srikakulam,GEN,Kinjarapu Tejeswara Rao,M,IND,IND,2075,1413726
Andhra Pradesh,2014,19,Srikakulam,GEN,Tota Tejeswara Rao,M,IND,IND,2144,1413726
Andhra Pradesh,2014,19,Srikakulam,GEN,Jaidev Injarapu,M,AAAP,AAAP,2559,1413726
Andhra Pradesh,2014,19,Srikakulam,GEN,Kadiyam Jayalakshmi,F,PPOI,PPOI,5026,1413726
Andhra Pradesh,2014,19,Srikakulam,GEN,Vasudeva Rao Boddu,M,CPI(ML)(L),CPI(ML)(L),5132,1413726
Andhra Pradesh,2014,19,Srikakulam,GEN,None Of The Above,,NOTA,NOTA,6138,1413726
Andhra Pradesh,2014,19,Srikakulam,GEN,Boddepalli Rajarao,M,BSP,BSP,8049,1413726
Andhra Pradesh,2014,19,Srikakulam,GEN,Paidi Raja Rao,M,JaSPa,JaSPa,11423,1413726
Andhra Pradesh,2014,19,Srikakulam,GEN,Killi Kruparani,F,INC,INC,24171,1413726
Andhra Pradesh,2014,19,Srikakulam,GEN,Reddy Shanthi,F,YSRCP,YSRCP,428853,1413726
Andhra Pradesh,2014,19,Srikakulam,GEN,Rammohan Naidu Kinjarapu,M,TDP,TDP,556545,1413726
Andhra Pradesh,2014,20,Vizianagaram,GEN,Naru Simhadri Naidu,M,AAAP,AAAP,2505,1403736
Andhra Pradesh,2014,20,Vizianagaram,GEN,Tadivaka Ramesh Naidu,M,JaSPa,JaSPa,3388,1403736
Andhra Pradesh,2014,20,Vizianagaram,GEN,Harikishan Kuppili,M,IND,IND,3603,1403736
Andhra Pradesh,2014,20,Vizianagaram,GEN,Bonu Krishna,M,BSP,BSP,4092,1403736
Andhra Pradesh,2014,20,Vizianagaram,GEN,Yella Rao Siyyadula,M,IND,IND,5125,1403736
Andhra Pradesh,2014,20,Vizianagaram,GEN,Prasada Rao Nanda,M,PPOI,PPOI,6401,1403736
Andhra Pradesh,2014,20,Vizianagaram,GEN,None Of The Above,,NOTA,NOTA,6528,1403736
Andhra Pradesh,2014,20,Vizianagaram,GEN,Jhansi Lakshmi Botcha,F,INC,INC,122487,1403736
Andhra Pradesh,2014,20,Vizianagaram,GEN,Venkata Swetha Chalapathi Kumara Krishna Rangarao Ravu,M,YSRCP,YSRCP,429638,1403736
Andhra Pradesh,2014,20,Vizianagaram,GEN,Ashok Gajapathi Raju Pusapati,M,TDP,TDP,536549,1403736
Andhra Pradesh,2014,21,Visakhapatnam,GEN,Brahma Swaroop Kasibhatta,M,IND,IND,994,1723011
Andhra Pradesh,2014,21,Visakhapatnam,GEN,Gedela Krishnarao,M,IND,IND,1118,1723011
Andhra Pradesh,2014,21,Visakhapatnam,GEN,Chandrasekhar Budda,M,IND,IND,1348,1723011
Andhra Pradesh,2014,21,Visakhapatnam,GEN,Sreenadh Reddy,M,IND,IND,1379,1723011
Andhra Pradesh,2014,21,Visakhapatnam,GEN,J. Padmaja,F,IND,IND,1540,1723011
Andhra Pradesh,2014,21,Visakhapatnam,GEN,Chalapathirao Ronanki,M,IND,IND,1594,1723011
Andhra Pradesh,2014,21,Visakhapatnam,GEN,Umamaheswararao Areti,M,IND,IND,1751,1723011
Andhra Pradesh,2014,21,Visakhapatnam,GEN,Seemakurthi Srinuvasu (Bhaghavan Srinu),M,IND,IND,1759,1723011
Andhra Pradesh,2014,21,Visakhapatnam,GEN,Kutikuppala Surya Rao,M,IND,IND,1889,1723011
Andhra Pradesh,2014,21,Visakhapatnam,GEN,Dr|| Bhavani Sankar Sastry.A,M,ICSP,ICSP,1910,1723011
Andhra Pradesh,2014,21,Visakhapatnam,GEN,Kurada Satyanarayana Patnaik,M,IND,IND,1927,1723011
Andhra Pradesh,2014,21,Visakhapatnam,GEN,Nagendra Sairam,M,IND,IND,2377,1723011
Andhra Pradesh,2014,21,Visakhapatnam,GEN,Durgaprasad Guntu,M,IND,IND,2611,1723011
Andhra Pradesh,2014,21,Visakhapatnam,GEN,Dadi Jyothi Bhavani,F,PPOI,PPOI,2717,1723011
Andhra Pradesh,2014,21,Visakhapatnam,GEN,Jt Ramarao,M,sps,sps,4323,1723011
Andhra Pradesh,2014,21,Visakhapatnam,GEN,Tanuku Divakar,M,IND,IND,5418,1723011
Andhra Pradesh,2014,21,Visakhapatnam,GEN,Kuna Ramam,M,AAAP,AAAP,6175,1723011
Andhra Pradesh,2014,21,Visakhapatnam,GEN,Sabbam Hari,M,JaSPa,JaSPa,6644,1723011
Andhra Pradesh,2014,21,Visakhapatnam,GEN,None Of The Above,,NOTA,NOTA,7329,1723011
Andhra Pradesh,2014,21,Visakhapatnam,GEN,Imandi Venkata Kurmarao,M,BSP,BSP,14947,1723011
Andhra Pradesh,2014,21,Visakhapatnam,GEN,Bolisetti Satyanarayana (Satya),M,INC,INC,50632,1723011
Andhra Pradesh,2014,21,Visakhapatnam,GEN,Y.S Vijayamma,F,YSRCP,YSRCP,476344,1723011
Andhra Pradesh,2014,21,Visakhapatnam,GEN,Kambhampati Hari Babu,M,BJP,BJP,566832,1723011
Andhra Pradesh,2014,22,Anakapalli,GEN,Sarisa Leela Prasanna Kumari,F,PPOI,PPOI,2875,1401474
Andhra Pradesh,2014,22,Anakapalli,GEN,Appalaraju Sadaram,M,IND,IND,3228,1401474
Andhra Pradesh,2014,22,Anakapalli,GEN,Vadlamuri Krishna Swaroop,M,DABAP,DABAP,5506,1401474
Andhra Pradesh,2014,22,Anakapalli,GEN,Kondaraju Jampana,M,JaSPa,JaSPa,6261,1401474
Andhra Pradesh,2014,22,Anakapalli,GEN,None Of The Above,,NOTA,NOTA,8604,1401474
Andhra Pradesh,2014,22,Anakapalli,GEN,Karanam Tirupathi Rao,M,BSP,BSP,14834,1401474
Andhra Pradesh,2014,22,Anakapalli,GEN,Vijaya Lakshmi Thota,F,INC,INC,17770,1401474
Andhra Pradesh,2014,22,Anakapalli,GEN,Gudivada Amarnadh,M,YSRCP,YSRCP,520531,1401474
Andhra Pradesh,2014,22,Anakapalli,GEN,Muttamsetti Srinivasa Rao (Avanthi),M,TDP,TDP,568463,1401474
Andhra Pradesh,2014,23,Kakinada,GEN,Prabhakara Rao Madiki,M,IND,IND,496,1418290
Andhra Pradesh,2014,23,Kakinada,GEN,Merla Bhavani Sankara Prasad,M,IND,IND,910,1418290
Andhra Pradesh,2014,23,Kakinada,GEN,Kunche Ramadas,M,IND,IND,1122,1418290
Andhra Pradesh,2014,23,Kakinada,GEN,Pepakayala Subha Rajendra,M,IND,IND,1161,1418290
Andhra Pradesh,2014,23,Kakinada,GEN,Chaganti Suryanarayana Murty,M,IND,IND,1236,1418290
Andhra Pradesh,2014,23,Kakinada,GEN,Vinjamalla Chitti Babu,M,IND,IND,1400,1418290
Andhra Pradesh,2014,23,Kakinada,GEN,Guttula Annapurna Seshagiri Rao (Bathparty-Seshu),M,IND,IND,1417,1418290
Andhra Pradesh,2014,23,Kakinada,GEN,Arjunarao Yegupati,M,CPI(ML)(L),CPI(ML)(L),1495,1418290
Andhra Pradesh,2014,23,Kakinada,GEN,Donam Neelakantam,M,IND,IND,1697,1418290
Andhra Pradesh,2014,23,Kakinada,GEN,Rokkam Dayakar,M,RP(K),RP(K),1837,1418290
Andhra Pradesh,2014,23,Kakinada,GEN,Karra Venkata Appala Narasimha Rao,M,IND,IND,1907,1418290
Andhra Pradesh,2014,23,Kakinada,GEN,Srinivas Dangeti,M,AAAP,AAAP,2356,1418290
Andhra Pradesh,2014,23,Kakinada,GEN,Muthabathula Ratna Kumar,M,BSP,BSP,2511,1418290
Andhra Pradesh,2014,23,Kakinada,GEN,Kola Venkata Prasad Varma,M,RJD,RJD,3473,1418290
Andhra Pradesh,2014,23,Kakinada,GEN,Donka Leelavathi,F,IND,IND,3756,1418290
Andhra Pradesh,2014,23,Kakinada,GEN,Tekumudi Venkata Rao,M,PPOI,PPOI,3826,1418290
Andhra Pradesh,2014,23,Kakinada,GEN,None Of The Above,,NOTA,NOTA,4358,1418290
Andhra Pradesh,2014,23,Kakinada,GEN,Tummalapalli Satya Ramakrishna,M,JaSPa,JaSPa,6442,1418290
Andhra Pradesh,2014,23,Kakinada,GEN,Jalluri Venkateswarlu (J.V),M,IND,IND,6636,1418290
Andhra Pradesh,2014,23,Kakinada,GEN,Motha Sarada,F,RPI(KH),RPI(KH),6836,1418290
Andhra Pradesh,2014,23,Kakinada,GEN,Mallipudi Mangapati Pallam Raju,M,INC,INC,19754,1418290
Andhra Pradesh,2014,23,Kakinada,GEN,Chalamalasetty Sunil,M,YSRCP,YSRCP,510971,1418290
Andhra Pradesh,2014,23,Kakinada,GEN,Thota Narasimham,M,TDP,TDP,514402,1418290
Andhra Pradesh,2014,24,Amalapuram ,SC,Kommu Satyavathi,F,IND,IND,625,1357865
Andhra Pradesh,2014,24,Amalapuram ,SC,Bhaskara Rao Bunga,M,IND,IND,824,1357865
Andhra Pradesh,2014,24,Amalapuram ,SC,Undru Gani Raju,M,IND,IND,862,1357865
Andhra Pradesh,2014,24,Amalapuram ,SC,Kasi Chandramouli,M,IND,IND,1110,1357865
Andhra Pradesh,2014,24,Amalapuram ,SC,Yalangi Ramesh,M,IND,IND,1171,1357865
Andhra Pradesh,2014,24,Amalapuram ,SC,Vaddi Winston Churchill,M,IND,IND,1684,1357865
Andhra Pradesh,2014,24,Amalapuram ,SC,Vijaya Chakravarthy Panthagada,M,RPI(KH),RPI(KH),2867,1357865
Andhra Pradesh,2014,24,Amalapuram ,SC,Konki Venkata Rao,M,RP(K),RP(K),3233,1357865
Andhra Pradesh,2014,24,Amalapuram ,SC,Kunche Pedasatyanarayana,M,PPOI,PPOI,4560,1357865
Andhra Pradesh,2014,24,Amalapuram ,SC,None Of The Above,,NOTA,NOTA,6141,1357865
Andhra Pradesh,2014,24,Amalapuram ,SC,Geddam Sampada Rao,M,BSP,BSP,7219,1357865
Andhra Pradesh,2014,24,Amalapuram ,SC,G.V.Harsha Kumar,M,JaSPa,JaSPa,9931,1357865
Andhra Pradesh,2014,24,Amalapuram ,SC,Aithabathula Jogeswara Venkata Butchi Maheswara Rao,M,INC,INC,12182,1357865
Andhra Pradesh,2014,24,Amalapuram ,SC,Pinipe Viswarupu,M,YSRCP,YSRCP,473971,1357865
Andhra Pradesh,2014,24,Amalapuram ,SC,Dr Pandula Ravindra Babu,M,TDP,TDP,594547,1357865
Andhra Pradesh,2014,25,Rajahmundry,GEN,Annamdevula Dharma Rao,M,IND,IND,590,1421276
Andhra Pradesh,2014,25,Rajahmundry,GEN,Polu Peda Vengala Reddy,M,IND,IND,765,1421276
Andhra Pradesh,2014,25,Rajahmundry,GEN,Palla Venkata Naidu(Pradeep),M,IND,IND,989,1421276
Andhra Pradesh,2014,25,Rajahmundry,GEN,Meda Srinivas,M,RPC(S),RPC(S),991,1421276
Andhra Pradesh,2014,25,Rajahmundry,GEN,Mutyala Rambabu,M,IND,IND,1282,1421276
Andhra Pradesh,2014,25,Rajahmundry,GEN,Sangisetti Srinivasa Rao,M,PPOI,PPOI,1329,1421276
Andhra Pradesh,2014,25,Rajahmundry,GEN,Cheekatla Venkateswara Rao,M,IND,IND,1356,1421276
Andhra Pradesh,2014,25,Rajahmundry,GEN,Illa Govinda Rajan,M,IND,IND,1390,1421276
Andhra Pradesh,2014,25,Rajahmundry,GEN,Kollabathula Richmond Carey,M,GaAP,GaAP,5481,1421276
Andhra Pradesh,2014,25,Rajahmundry,GEN,Marre Babji,M,BSP,BSP,6079,1421276
Andhra Pradesh,2014,25,Rajahmundry,GEN,None Of The Above,,NOTA,NOTA,7456,1421276
Andhra Pradesh,2014,25,Rajahmundry,GEN,Mullapudi Satyanarayana,M,JaSPa,JaSPa,11718,1421276
Andhra Pradesh,2014,25,Rajahmundry,GEN,Durgesh Kandula,M,INC,INC,21243,1421276
Andhra Pradesh,2014,25,Rajahmundry,GEN,Boddu Venkataramana Chowdary,M,YSRCP,YSRCP,463139,1421276
Andhra Pradesh,2014,25,Rajahmundry,GEN,Murali Mohan Maganti,M,TDP,TDP,630573,1421276
Andhra Pradesh,2014,26,Narsapuram,GEN,Medapati Varahala Reddy,M,IND,IND,1250,1325028
Andhra Pradesh,2014,26,Narsapuram,GEN,Vangalapudi Yashyaa,M,IND,IND,1281,1325028
Andhra Pradesh,2014,26,Narsapuram,GEN,Voleti Venkata Lakshmana Rao,M,IND,IND,1298,1325028
Andhra Pradesh,2014,26,Narsapuram,GEN,Addanki (Sekhar Babu) Dorababu,M,IND,IND,1350,1325028
Andhra Pradesh,2014,26,Narsapuram,GEN,Badampudi Siva,M,IND,IND,1605,1325028
Andhra Pradesh,2014,26,Narsapuram,GEN,Shivaji Gottumukkala,M,IND,IND,2286,1325028
Andhra Pradesh,2014,26,Narsapuram,GEN,S.V.P.K.H.G.Krishnam Raju,M,PPOI,PPOI,4232,1325028
Andhra Pradesh,2014,26,Narsapuram,GEN,Nalli Rajesh,M,RP(K),RP(K),6708,1325028
Andhra Pradesh,2014,26,Narsapuram,GEN,Saroja Polasapalli,F,JaSPa,JaSPa,6838,1325028
Andhra Pradesh,2014,26,Narsapuram,GEN,None Of The Above,,NOTA,NOTA,8004,1325028
Andhra Pradesh,2014,26,Narsapuram,GEN,Chintapalli Kanaka Rao,M,BSP,BSP,8491,1325028
Andhra Pradesh,2014,26,Narsapuram,GEN,Gitadas Das,F,pjdl,pjdl,23260,1325028
Andhra Pradesh,2014,26,Narsapuram,GEN,Kanumuru Bapi Raju,M,INC,INC,27083,1325028
Andhra Pradesh,2014,26,Narsapuram,GEN,Vanka Ravindranath,M,YSRCP,YSRCP,454955,1325028
Andhra Pradesh,2014,26,Narsapuram,GEN,Gokaraju Ganga Raju,M,BJP,BJP,540306,1325028
Andhra Pradesh,2014,27,Eluru ,GEN,Juluri Bhaskara Veera Venkata Anil Kumar Gupta,M,IND,IND,751,1427764
Andhra Pradesh,2014,27,Eluru ,GEN,Ashok Yantrapati,M,MaSP,MaSP,1212,1427764
Andhra Pradesh,2014,27,Eluru ,GEN,Gangadhara Rao Nannapaneni,M,IND,IND,1302,1427764
Andhra Pradesh,2014,27,Eluru ,GEN,K.Vijaya Lakshmi Pandit,F,IND,IND,1320,1427764
Andhra Pradesh,2014,27,Eluru ,GEN,U .V. Rama Rao,M,PPOI,PPOI,1323,1427764
Andhra Pradesh,2014,27,Eluru ,GEN,Savanapudi Nagaraju,M,MCPI,MCPI,2318,1427764
Andhra Pradesh,2014,27,Eluru ,GEN,C.V.Sarada Devi,F,IND,IND,2721,1427764
Andhra Pradesh,2014,27,Eluru ,GEN,K.V.V.Satyanarayana,M,JaSPa,JaSPa,2873,1427764
Andhra Pradesh,2014,27,Eluru ,GEN,Mendem Santosh Kumar ( Pedababulu),M,ILP(AP),ILP(AP),3423,1427764
Andhra Pradesh,2014,27,Eluru ,GEN,U Venkateswararao (U.V),M,IND,IND,3971,1427764
Andhra Pradesh,2014,27,Eluru ,GEN,Govada Vijaya Kumari,F,pjdl,pjdl,4483,1427764
Andhra Pradesh,2014,27,Eluru ,GEN,None Of The Above,,NOTA,NOTA,7544,1427764
Andhra Pradesh,2014,27,Eluru ,GEN,Netala Ramesh Babu,M,BSP,BSP,11670,1427764
Andhra Pradesh,2014,27,Eluru ,GEN,Musunuri Nageswara Rao,M,INC,INC,11770,1427764
Andhra Pradesh,2014,27,Eluru ,GEN,Thota Chandra Sekhar,M,YSRCP,YSRCP,521545,1427764
Andhra Pradesh,2014,27,Eluru ,GEN,Maganti Venkateswara Rao (Babu),M,TDP,TDP,623471,1427764
Andhra Pradesh,2014,28,Machilipatnam ,GEN,Jampana Srinivasa Goud,M,IND,IND,931,1369311
Andhra Pradesh,2014,28,Machilipatnam ,GEN,Yarlagadda Rama Mohan Rao,M,IND,IND,1405,1369311
Andhra Pradesh,2014,28,Machilipatnam ,GEN,Yunduri Subramanyaswara Rao (Mani),M,IND,IND,1597,1369311
Andhra Pradesh,2014,28,Machilipatnam ,GEN,Mohammad Ishaq,M,IND,IND,1770,1369311
Andhra Pradesh,2014,28,Machilipatnam ,GEN,Parasa Srinivasa Rao,M,IND,IND,3399,1369311
Andhra Pradesh,2014,28,Machilipatnam ,GEN,Prasada Rao Peggem,M,BSP,BSP,4085,1369311
Andhra Pradesh,2014,28,Machilipatnam ,GEN,Vadapalli Raghunadh,M,PPOI,PPOI,4401,1369311
Andhra Pradesh,2014,28,Machilipatnam ,GEN,Kammili Srinivas,M,JaSPa,JaSPa,7692,1369311
Andhra Pradesh,2014,28,Machilipatnam ,GEN,None Of The Above,,NOTA,NOTA,8171,1369311
Andhra Pradesh,2014,28,Machilipatnam ,GEN,Sistla Ramesh,M,INC,INC,14111,1369311
Andhra Pradesh,2014,28,Machilipatnam ,GEN,Kolusu Partha Sarathy,M,YSRCP,YSRCP,506223,1369311
Andhra Pradesh,2014,28,Machilipatnam ,GEN,Konakalla Narayana Rao,M,TDP,TDP,587280,1369311
Andhra Pradesh,2014,29,Vijayawada,GEN,P.V. Krishnaiah,M,IND,IND,423,1564513
Andhra Pradesh,2014,29,Vijayawada,GEN,Ahmed Ansari Syed,M,IND,IND,504,1564513
Andhra Pradesh,2014,29,Vijayawada,GEN,Bolisetty Haribabu,M,IND,IND,667,1564513
Andhra Pradesh,2014,29,Vijayawada,GEN,V.R.K.Murthy.,M,IND,IND,749,1564513
Andhra Pradesh,2014,29,Vijayawada,GEN,Sunkara Krishna Murthy,M,ARPS,ARPS,803,1564513
Andhra Pradesh,2014,29,Vijayawada,GEN,Chatragadda Pratap,M,IND,IND,950,1564513
Andhra Pradesh,2014,29,Vijayawada,GEN,Koneru Rajendra Prasad,M,IND,IND,1014,1564513
Andhra Pradesh,2014,29,Vijayawada,GEN,Koneru Ramachandra Prasad,M,IND,IND,1099,1564513
Andhra Pradesh,2014,29,Vijayawada,GEN,Altaf Ali Mohamed,M,IND,IND,1168,1564513
Andhra Pradesh,2014,29,Vijayawada,GEN,Yaram Katam Raju,M,IND,IND,1402,1564513
Andhra Pradesh,2014,29,Vijayawada,GEN,Surapaneni Saratbabu,M,IND,IND,1521,1564513
Andhra Pradesh,2014,29,Vijayawada,GEN,Dasari Venkata Nagesh,M,IND,IND,1874,1564513
Andhra Pradesh,2014,29,Vijayawada,GEN,Tatineni Srinivasa Rao,M,IND,IND,2460,1564513
Andhra Pradesh,2014,29,Vijayawada,GEN,Raja Kumari Gundapaneni,F,PPOI,PPOI,2571,1564513
Andhra Pradesh,2014,29,Vijayawada,GEN,M.Phani Prakash,M,IND,IND,2809,1564513
Andhra Pradesh,2014,29,Vijayawada,GEN,Har Mohinder Singh Sahani,M,AAAP,AAAP,3088,1564513
Andhra Pradesh,2014,29,Vijayawada,GEN,Chigurupati Ramalingeswara Rao,M,BSP,BSP,3582,1564513
Andhra Pradesh,2014,29,Vijayawada,GEN,None Of The Above,,NOTA,NOTA,5294,1564513
Andhra Pradesh,2014,29,Vijayawada,GEN,Ishwarya Lakshmi Chinnam,F,JaSPa,JaSPa,5296,1564513
Andhra Pradesh,2014,29,Vijayawada,GEN,Kambala. Subrahmanyam (Sastry),M,WPOI,WPOI,7539,1564513
Andhra Pradesh,2014,29,Vijayawada,GEN,Avinash Devineni,M,INC,INC,39760,1564513
Andhra Pradesh,2014,29,Vijayawada,GEN,Koneru Rajendra Prasad,M,YSRCP,YSRCP,518239,1564513
Andhra Pradesh,2014,29,Vijayawada,GEN,Kesineni Srinivas (Nani),M,TDP,TDP,592953,1564513
Andhra Pradesh,2014,30,Guntur,GEN,Arudala Venkateswara Rao,M,IND,IND,908,1572017
Andhra Pradesh,2014,30,Guntur,GEN,Bitra Venkata Sivannarayana,M,IND,IND,1169,1572017
Andhra Pradesh,2014,30,Guntur,GEN,Emani Chandra Sekhar Rao,M,NPT,NPT,1455,1572017
Andhra Pradesh,2014,30,Guntur,GEN,Abburi Koteswara Rao,M,PPOI,PPOI,1636,1572017
Andhra Pradesh,2014,30,Guntur,GEN,Kata Veera Vara Prasad,M,AAAP,AAAP,2344,1572017
Andhra Pradesh,2014,30,Guntur,GEN,Dr. Koutharapu Ravindra,M,GRIP,GRIP,2594,1572017
Andhra Pradesh,2014,30,Guntur,GEN,Udaia Kumar Musuku,M,ICSP,ICSP,2852,1572017
Andhra Pradesh,2014,30,Guntur,GEN,Mallela Babu Rao,M,BSP,BSP,4223,1572017
Andhra Pradesh,2014,30,Guntur,GEN,Mallela Venkata Rao,M,JaSPa,JaSPa,5608,1572017
Andhra Pradesh,2014,30,Guntur,GEN,None Of The Above,,NOTA,NOTA,7596,1572017
Andhra Pradesh,2014,30,Guntur,GEN,Abdul Waheed Shaik,M,INC,INC,46818,1572017
Andhra Pradesh,2014,30,Guntur,GEN,Balashowry Vallabhaneni,M,YSRCP,YSRCP,549306,1572017
Andhra Pradesh,2014,30,Guntur,GEN,Jayadev Galla,M,TDP,TDP,618417,1572017
Andhra Pradesh,2014,31,Narasaraopet,GEN,Jangala Singaraiah Yadav,M,IND,IND,973,1514861
Andhra Pradesh,2014,31,Narasaraopet,GEN,Ravu Subrahmanyam,M,IND,IND,1025,1514861
Andhra Pradesh,2014,31,Narasaraopet,GEN,Paruvuri Ramesh,M,IND,IND,1118,1514861
Andhra Pradesh,2014,31,Narasaraopet,GEN,Kanumuri Koteswara Rao,M,IND,IND,1404,1514861
Andhra Pradesh,2014,31,Narasaraopet,GEN,Rosaiah Sivaparapu,M,MCPI,MCPI,1877,1514861
Andhra Pradesh,2014,31,Narasaraopet,GEN,Mekala Hanumantha Rao Yadav,M,BSP,BSP,4911,1514861
Andhra Pradesh,2014,31,Narasaraopet,GEN,Yeluri Srilatha,F,JaSPa,JaSPa,5142,1514861
Andhra Pradesh,2014,31,Narasaraopet,GEN,None Of The Above,,NOTA,NOTA,5985,1514861
Andhra Pradesh,2014,31,Narasaraopet,GEN,Akki Reddy Bhimanadula,M,PPOI,PPOI,7032,1514861
Andhra Pradesh,2014,31,Narasaraopet,GEN,Kondapalli Venkateswarlu,M,INC,INC,22943,1514861
Andhra Pradesh,2014,31,Narasaraopet,GEN,Ayodhya Ramireddy Alla,M,YSRCP,YSRCP,597184,1514861
Andhra Pradesh,2014,31,Narasaraopet,GEN,Sambasiva Rao Rayapati,M,TDP,TDP,632464,1514861
Andhra Pradesh,2014,32,Bapatla ,SC,Nakkala Veeranjaneyulu,M,IND,IND,615,1392964
Andhra Pradesh,2014,32,Bapatla ,SC,Bandela Nageswara Rao,M,IND,IND,668,1392964
Andhra Pradesh,2014,32,Bapatla ,SC,Gogulamudi Narasimha Rao,M,IND,IND,720,1392964
Andhra Pradesh,2014,32,Bapatla ,SC,Gadde Thyagaraju,M,IND,IND,749,1392964
Andhra Pradesh,2014,32,Bapatla ,SC,Baburao Golla,M,IND,IND,823,1392964
Andhra Pradesh,2014,32,Bapatla ,SC,Ratnababu Mamidi,M,IND,IND,1206,1392964
Andhra Pradesh,2014,32,Bapatla ,SC,Perli Prasanna Deevena Kumar (Prasanna),M,ILP(AP),ILP(AP),2967,1392964
Andhra Pradesh,2014,32,Bapatla ,SC,R.D.Wilson,M,JaSPa,JaSPa,3657,1392964
Andhra Pradesh,2014,32,Bapatla ,SC,Eda Chennaiah,M,AAAP,AAAP,3948,1392964
Andhra Pradesh,2014,32,Bapatla ,SC,None Of The Above,,NOTA,NOTA,6146,1392964
Andhra Pradesh,2014,32,Bapatla ,SC,Dwarapalli Philip,M,BSP,BSP,8113,1392964
Andhra Pradesh,2014,32,Bapatla ,SC,Yallamati Ramesh,M,PPOI,PPOI,8414,1392964
Andhra Pradesh,2014,32,Bapatla ,SC,Panabaka Lakshmi,F,INC,INC,23072,1392964
Andhra Pradesh,2014,32,Bapatla ,SC,Varikuti Amruthapani,M,YSRCP,YSRCP,545391,1392964
Andhra Pradesh,2014,32,Bapatla ,SC,Malyadri Sriram,M,TDP,TDP,578145,1392964
Andhra Pradesh,2014,33,Ongole ,GEN,Dama Mohan Rao,M,IND,IND,492,1470212
Andhra Pradesh,2014,33,Ongole ,GEN,Pidaparthi Madhusudhana Reddy,M,IND,IND,625,1470212
Andhra Pradesh,2014,33,Ongole ,GEN,B. Balajee Rao,M,IND,IND,658,1470212
Andhra Pradesh,2014,33,Ongole ,GEN,Kiran Dasaranna Mattegunta,M,IND,IND,756,1470212
Andhra Pradesh,2014,33,Ongole ,GEN,Chapala Venkata Rao,M,IND,IND,879,1470212
Andhra Pradesh,2014,33,Ongole ,GEN,Bellamkonda Venkatrao,M,IND,IND,999,1470212
Andhra Pradesh,2014,33,Ongole ,GEN,Pammi Venka Reddy,M,PPOI,PPOI,1392,1470212
Andhra Pradesh,2014,33,Ongole ,GEN,Radhakrishna Somisetty,M,IND,IND,1936,1470212
Andhra Pradesh,2014,33,Ongole ,GEN,Kavuri Venubabu Naidu,M,IND,IND,3207,1470212
Andhra Pradesh,2014,33,Ongole ,GEN,Gollapalli Kishore Kumar Reddy,M,JaSPa,JaSPa,3724,1470212
Andhra Pradesh,2014,33,Ongole ,GEN,S.S.N.Raja Yadav,M,AAAP,AAAP,4393,1470212
Andhra Pradesh,2014,33,Ongole ,GEN,None Of The Above,,NOTA,NOTA,5781,1470212
Andhra Pradesh,2014,33,Ongole ,GEN,Krishna Rao Vemula,M,BSP,BSP,5864,1470212
Andhra Pradesh,2014,33,Ongole ,GEN,Darisi Pavan Kumar,M,INC,INC,13356,1470212
Andhra Pradesh,2014,33,Ongole ,GEN,Magunta Sreenivasulu Reddy,M,TDP,TDP,574302,1470212
Andhra Pradesh,2014,33,Ongole ,GEN,Y.V.Subba Reddy,M,YSRCP,YSRCP,589861,1470212
Andhra Pradesh,2014,34,Nandyal,GEN,P.Narendra Dev,M,IND,IND,936,1576945
Andhra Pradesh,2014,34,Nandyal,GEN,I.V Pakkira Reddy,M,IND,IND,1036,1576945
Andhra Pradesh,2014,34,Nandyal,GEN,Pidisela Vijay Kumar,M,IND,IND,1325,1576945
Andhra Pradesh,2014,34,Nandyal,GEN,Gaddala Balaswamy,M,IND,IND,1495,1576945
Andhra Pradesh,2014,34,Nandyal,GEN,Vangala Sreenivasa Reddy,M,IND,IND,2437,1576945
Andhra Pradesh,2014,34,Nandyal,GEN,Ullagi David Jaya Kumar,M,AAAP,AAAP,2499,1576945
Andhra Pradesh,2014,34,Nandyal,GEN,K.P.Kambagiri Swami,M,IND,IND,2708,1576945
Andhra Pradesh,2014,34,Nandyal,GEN,M Ramana Reddy,M,IND,IND,5400,1576945
Andhra Pradesh,2014,34,Nandyal,GEN,P.V.N. Reddy,M,AIMIM,AIMIM,5598,1576945
Andhra Pradesh,2014,34,Nandyal,GEN,None Of The Above,,NOTA,NOTA,7115,1576945
Andhra Pradesh,2014,34,Nandyal,GEN,Nossam Mallikarjuna Reddy,M,JaSPa,JaSPa,7189,1576945
Andhra Pradesh,2014,34,Nandyal,GEN,Obulesu Thudum,M,BSP,BSP,11784,1576945
Andhra Pradesh,2014,34,Nandyal,GEN,B.Y.Ramaiah,M,INC,INC,16378,1576945
Andhra Pradesh,2014,34,Nandyal,GEN,N.Md.Farook,M,TDP,TDP,516645,1576945
Andhra Pradesh,2014,34,Nandyal,GEN,S.P.Y Reddy,M,YSRCP,YSRCP,622411,1576945
Andhra Pradesh,2014,35,Kurnool,GEN,Kondiparthi .Venkat Prasad,M,RPI,RPI,1614,1481791
Andhra Pradesh,2014,35,Kurnool,GEN,Nagella Elia,M,WPOI,WPOI,1990,1481791
Andhra Pradesh,2014,35,Kurnool,GEN,Kothuru.Satyanarayana Gupta,M,IND,IND,2021,1481791
Andhra Pradesh,2014,35,Kurnool,GEN,D Chand Basha,M,IND,IND,2605,1481791
Andhra Pradesh,2014,35,Kurnool,GEN,D Yugandhar,M,IND,IND,2820,1481791
Andhra Pradesh,2014,35,Kurnool,GEN,G.Jakeer Hussain,M,JaSPa,JaSPa,3600,1481791
Andhra Pradesh,2014,35,Kurnool,GEN,R.J.Mallikal,M,BSP,BSP,5746,1481791
Andhra Pradesh,2014,35,Kurnool,GEN,Vissa Kiran Kumar,M,AAAP,AAAP,6522,1481791
Andhra Pradesh,2014,35,Kurnool,GEN,None Of The Above,,NOTA,NOTA,9385,1481791
Andhra Pradesh,2014,35,Kurnool,GEN,Noor Ahmed Madani,M,SDP,SDP,11393,1481791
Andhra Pradesh,2014,35,Kurnool,GEN,Kotla Jayasuryaprakash Reddy,M,INC,INC,116603,1481791
Andhra Pradesh,2014,35,Kurnool,GEN,B.T. Naidu,M,TDP,TDP,428651,1481791
Andhra Pradesh,2014,35,Kurnool,GEN,Butta Renuka,F,YSRCP,YSRCP,472782,1481791
Andhra Pradesh,2014,36,Anantapur,GEN,G. Lalitha,F,SUCI,SUCI,952,1536894
Andhra Pradesh,2014,36,Anantapur,GEN,G. Nagaraju,M,IND,IND,1095,1536894
Andhra Pradesh,2014,36,Anantapur,GEN,Buzireddy Venugopal Reddy,M,ICSP,ICSP,1388,1536894
Andhra Pradesh,2014,36,Anantapur,GEN,B. Srinivasulu,M,IND,IND,1599,1536894
Andhra Pradesh,2014,36,Anantapur,GEN,Pavan Kumar,M,PPOI,PPOI,2076,1536894
Andhra Pradesh,2014,36,Anantapur,GEN,D. Somanath,M,IND,IND,2274,1536894
Andhra Pradesh,2014,36,Anantapur,GEN,Boya Anil Kumar,M,JaSPa,JaSPa,2800,1536894
Andhra Pradesh,2014,36,Anantapur,GEN,Shaik. Mohammad Shafi.,M,IND,IND,3031,1536894
Andhra Pradesh,2014,36,Anantapur,GEN,Kasani Nagaraju,M,BSP,BSP,6227,1536894
Andhra Pradesh,2014,36,Anantapur,GEN,T.Kuldeep Chowdary,M,STR,STR,6542,1536894
Andhra Pradesh,2014,36,Anantapur,GEN,None Of The Above,,NOTA,NOTA,8857,1536894
Andhra Pradesh,2014,36,Anantapur,GEN,Anil Chowdary. P,M,INC,INC,16719,1536894
Andhra Pradesh,2014,36,Anantapur,GEN,Anantha Venkataramireddy,M,YSRCP,YSRCP,548297,1536894
Andhra Pradesh,2014,36,Anantapur,GEN,J.C. Divakar Reddi,M,TDP,TDP,610288,1536894
Andhra Pradesh,2014,37,Hindupur,GEN,Asadullah K.M,M,IND,IND,1099,1446496
Andhra Pradesh,2014,37,Hindupur,GEN,K.Pedda Reddi,M,IND,IND,1152,1446496
Andhra Pradesh,2014,37,Hindupur,GEN,Appireddygari Konda Reddy,M,IND,IND,1257,1446496
Andhra Pradesh,2014,37,Hindupur,GEN,Chinta Sarath Kumar Reddy,M,IND,IND,1275,1446496
Andhra Pradesh,2014,37,Hindupur,GEN,D. Somanath,M,IND,IND,2032,1446496
Andhra Pradesh,2014,37,Hindupur,GEN,Maddipatla Sudhakar Naidu,M,IND,IND,2332,1446496
Andhra Pradesh,2014,37,Hindupur,GEN,Anand,M,PPOI,PPOI,3101,1446496
Andhra Pradesh,2014,37,Hindupur,GEN,Amudala Subramanyam,M,RPS,RPS,4521,1446496
Andhra Pradesh,2014,37,Hindupur,GEN,K.Mohammad Shameer Basha,M,JaSPa,JaSPa,4590,1446496
Andhra Pradesh,2014,37,Hindupur,GEN,None Of The Above,,NOTA,NOTA,8189,1446496
Andhra Pradesh,2014,37,Hindupur,GEN,G.C Venkataramudu,M,INC,INC,36452,1446496
Andhra Pradesh,2014,37,Hindupur,GEN,Duddukunta Sreedhar Reddy,M,YSRCP,YSRCP,506966,1446496
Andhra Pradesh,2014,37,Hindupur,GEN,Kristappa Nimmala,M,TDP,TDP,604291,1446496
Andhra Pradesh,2014,38,Kadapa,GEN,G.V.A.K. Reddy,M,JD(S),JD(S),888,1550440
Andhra Pradesh,2014,38,Kadapa,GEN,Putha. Lakshmi Reddy,M,AIFB,AIFB,933,1550440
Andhra Pradesh,2014,38,Kadapa,GEN,Rachineni. Venugopal,M,RPC(S),RPC(S),1034,1550440
Andhra Pradesh,2014,38,Kadapa,GEN,Poreddy Prabhakara Reddy,M,IND,IND,1217,1550440
Andhra Pradesh,2014,38,Kadapa,GEN,Gajjala.Rama Subba Reddy,M,PPOI,PPOI,1821,1550440
Andhra Pradesh,2014,38,Kadapa,GEN,Varadi Sobharani,F,DABAP,DABAP,2240,1550440
Andhra Pradesh,2014,38,Kadapa,GEN,B. Pullaiah,M,ANC,ANC,2565,1550440
Andhra Pradesh,2014,38,Kadapa,GEN,Dr. Shaik Ghouse Peer,M,JaSPa,JaSPa,3219,1550440
Andhra Pradesh,2014,38,Kadapa,GEN,Sajid Hussain,M,AAAP,AAAP,3401,1550440
Andhra Pradesh,2014,38,Kadapa,GEN,Yellipalem Ramesh.Reddy,M,JD(U),JD(U),3809,1550440
Andhra Pradesh,2014,38,Kadapa,GEN,Malikireddy. Hanumantha Reddy,M,BSP,BSP,5515,1550440
Andhra Pradesh,2014,38,Kadapa,GEN,None Of The Above,,NOTA,NOTA,6058,1550440
Andhra Pradesh,2014,38,Kadapa,GEN,Ajaya Kumar Veena,M,INC,INC,14319,1550440
Andhra Pradesh,2014,38,Kadapa,GEN,Srinivasa Reddy Reddeppagari,M,TDP,TDP,481660,1550440
Andhra Pradesh,2014,38,Kadapa,GEN,Y.S. Avinash Reddy,M,YSRCP,YSRCP,671983,1550440
Andhra Pradesh,2014,39,Nellore,GEN,Naveen Sukpalli,M,IND,IND,626,1606127
Andhra Pradesh,2014,39,Nellore,GEN,Malli Venkateswarlu,M,IND,IND,686,1606127
Andhra Pradesh,2014,39,Nellore,GEN,Pandhiti Subbaiah,M,IND,IND,736,1606127
Andhra Pradesh,2014,39,Nellore,GEN,Ananda Rao Sompalli,M,IND,IND,760,1606127
Andhra Pradesh,2014,39,Nellore,GEN,Meda Malla Reddy,M,IND,IND,820,1606127
Andhra Pradesh,2014,39,Nellore,GEN,Malyadri Ravulakollu,M,IND,IND,875,1606127
Andhra Pradesh,2014,39,Nellore,GEN,Kolati Gopinath,M,PPOI,PPOI,999,1606127
Andhra Pradesh,2014,39,Nellore,GEN,Chemikala Tirupati,M,ARPS,ARPS,1424,1606127
Andhra Pradesh,2014,39,Nellore,GEN,Pattapu Ravi,M,BSP,BSP,3299,1606127
Andhra Pradesh,2014,39,Nellore,GEN,Chandra Sekhar Yadav,M,RDHP,RDHP,4112,1606127
Andhra Pradesh,2014,39,Nellore,GEN,None Of The Above,,NOTA,NOTA,5549,1606127
Andhra Pradesh,2014,39,Nellore,GEN,Syed Haneef,M,JaSPa,JaSPa,5578,1606127
Andhra Pradesh,2014,39,Nellore,GEN,Narayana Reddy Vakati,M,INC,INC,22870,1606127
Andhra Pradesh,2014,39,Nellore,GEN,Adala Prabhakara Reddy,M,TDP,TDP,562918,1606127
Andhra Pradesh,2014,39,Nellore,GEN,Mekapati Rajamohan Reddy,M,YSRCP,YSRCP,576396,1606127
Andhra Pradesh,2014,40,Tirupati ,SC,Thydula Subbaramaiah,M,IND,IND,1403,1574161
Andhra Pradesh,2014,40,Tirupati ,SC,Kattamanchi Prabhakar,M,IND,IND,1455,1574161
Andhra Pradesh,2014,40,Tirupati ,SC,Songa Ratnamma,F,IND,IND,1645,1574161
Andhra Pradesh,2014,40,Tirupati ,SC,K.S. Munirathnam,M,IND,IND,1696,1574161
Andhra Pradesh,2014,40,Tirupati ,SC,Nune Vengaiah,M,IND,IND,1829,1574161
Andhra Pradesh,2014,40,Tirupati ,SC,Kalavapalli Sahadevaiah,M,IND,IND,2510,1574161
Andhra Pradesh,2014,40,Tirupati ,SC,Degala Surya Narayana,M,PPOI,PPOI,2875,1574161
Andhra Pradesh,2014,40,Tirupati ,SC,"Dr. U Ramachandra, M.B.B.S",M,BSP,BSP,6036,1574161
Andhra Pradesh,2014,40,Tirupati ,SC,Neerugutta Nageswara,M,AAAP,AAAP,7280,1574161
Andhra Pradesh,2014,40,Tirupati ,SC,None Of The Above,,NOTA,NOTA,8690,1574161
Andhra Pradesh,2014,40,Tirupati ,SC,M Solmon,M,ARPS,ARPS,9815,1574161
Andhra Pradesh,2014,40,Tirupati ,SC,Kothapalli Subramanyam,M,CPM,CPM,11168,1574161
Andhra Pradesh,2014,40,Tirupati ,SC,Chinta Mohan,M,INC,INC,33333,1574161
Andhra Pradesh,2014,40,Tirupati ,SC,Karumanchi Jayaram,M,BJP,BJP,542951,1574161
Andhra Pradesh,2014,40,Tirupati ,SC,Varaprasad Rao Velagapalli,M,YSRCP,YSRCP,580376,1574161
Andhra Pradesh,2014,41,Rajampet,GEN,Shaik Jeelani Saheb,M,IND,IND,2630,1487791
Andhra Pradesh,2014,41,Rajampet,GEN,V Pattabhi,M,IND,IND,3549,1487791
Andhra Pradesh,2014,41,Rajampet,GEN,N. Deva,M,HJP,HJP,3896,1487791
Andhra Pradesh,2014,41,Rajampet,GEN,None Of The Above,,NOTA,NOTA,7116,1487791
Andhra Pradesh,2014,41,Rajampet,GEN,Venkata Subbaiah Nallugari,M,BSP,BSP,8189,1487791
Andhra Pradesh,2014,41,Rajampet,GEN,S Narendra Babu,M,MaSP,MaSP,15086,1487791
Andhra Pradesh,2014,41,Rajampet,GEN,Annayyagari Sai Prathap,M,INC,INC,29332,1487791
Andhra Pradesh,2014,41,Rajampet,GEN,G.Mujeeb Hussain,M,JaSPa,JaSPa,59777,1487791
Andhra Pradesh,2014,41,Rajampet,GEN,D. Purandeswari,F,BJP,BJP,426990,1487791
Andhra Pradesh,2014,41,Rajampet,GEN,P.V.Midhun Reddy,M,YSRCP,YSRCP,601752,1487791
Andhra Pradesh,2014,42,Chittoor ,SC,Udaya C.S,F,PPOI,PPOI,3803,1451851
Andhra Pradesh,2014,42,Chittoor ,SC,S. Anjappa,M,IND,IND,4321,1451851
Andhra Pradesh,2014,42,Chittoor ,SC,P. Pushpa Raj,M,JaSPa,JaSPa,5740,1451851
Andhra Pradesh,2014,42,Chittoor ,SC,None Of The Above,,NOTA,NOTA,6996,1451851
Andhra Pradesh,2014,42,Chittoor ,SC,Jithendra Kumar.Dhandu,M,BSP,BSP,15897,1451851
Andhra Pradesh,2014,42,Chittoor ,SC,Dr.B.Rajagopal,M,INC,INC,16572,1451851
Andhra Pradesh,2014,42,Chittoor ,SC,G.Samanyakiran,F,YSRCP,YSRCP,550724,1451851
Andhra Pradesh,2014,42,Chittoor ,SC,Naramalli Sivaprasad,M,TDP,TDP,594862,1451851
Arunachal Pradesh,2014,1,Arunachal West,GEN,Taba Taku,M,LB,LB,980,446640
Arunachal Pradesh,2014,1,Arunachal West,GEN,None Of The Above,,NOTA,NOTA,1816,446640
Arunachal Pradesh,2014,1,Arunachal West,GEN,Subu Kechi,M,IND,IND,2362,446640
Arunachal Pradesh,2014,1,Arunachal West,GEN,Habung Payeng,M,AAAP,AAAP,3647,446640
Arunachal Pradesh,2014,1,Arunachal West,GEN,Gicho Kabak,M,NCP,NCP,6065,446640
Arunachal Pradesh,2014,1,Arunachal West,GEN,Gumjum Haider,M,AITC,AITC,9135,446640
Arunachal Pradesh,2014,1,Arunachal West,GEN,Jalley Sonam,M,PPA,PPA,14664,446640
Arunachal Pradesh,2014,1,Arunachal West,GEN,Takam Sanjoy,M,INC,INC,127629,446640
Arunachal Pradesh,2014,1,Arunachal West,GEN,Kiren Rijiju,M,BJP,BJP,169367,446640
Arunachal Pradesh,2014,2,Arunachal East,GEN,None Of The Above,,NOTA,NOTA,4505,312704
Arunachal Pradesh,2014,2,Arunachal East,GEN,Wangman Lowangcha,M,PPA,PPA,32354,312704
Arunachal Pradesh,2014,2,Arunachal East,GEN,Tapir Gao,M,BJP,BJP,105977,312704
Arunachal Pradesh,2014,2,Arunachal East,GEN,Ninong Ering,M,INC,INC,118455,312704
Assam,2014,1,Karimganj ,SC,Mahananda Das,M,IND,IND,1592,1165997
Assam,2014,1,Karimganj ,SC,Pintu Malakar,M,IND,IND,1664,1165997
Assam,2014,1,Karimganj ,SC,Sanjit Kumar Das,M,IND,IND,1880,1165997
Assam,2014,1,Karimganj ,SC,Sabuj Das,M,IND,IND,1974,1165997
Assam,2014,1,Karimganj ,SC,Rinku Malakar,M,SP,SP,2275,1165997
Assam,2014,1,Karimganj ,SC,Pradip Suklabaidya,M,IND,IND,2392,1165997
Assam,2014,1,Karimganj ,SC,Goutam Malakar,M,IND,IND,2447,1165997
Assam,2014,1,Karimganj ,SC,Sajalendu Malakar,M,IND,IND,2465,1165997
Assam,2014,1,Karimganj ,SC,Probash Ch. Sarkar,M,SUCI,SUCI,3114,1165997
Assam,2014,1,Karimganj ,SC,Sujit Mallick,M,IND,IND,3437,1165997
Assam,2014,1,Karimganj ,SC,Tarun Kumar Das,M,AAAP,AAAP,3658,1165997
Assam,2014,1,Karimganj ,SC,None Of The Above,,NOTA,NOTA,4266,1165997
Assam,2014,1,Karimganj ,SC,Rabindra Nath Choudhury,M,AGP,AGP,5556,1165997
Assam,2014,1,Karimganj ,SC,Lalit Mohon Suklabaidya,M,INC,INC,226562,1165997
Assam,2014,1,Karimganj ,SC,Krishna Das,M,BJP,BJP,260772,1165997
Assam,2014,1,Karimganj ,SC,Radheshyam Biswas,M,AIUDF,AIUDF,362866,1165997
Assam,2014,2,Silchar,GEN,Jayanta Mallick,M,IND,IND,1605,1060175
Assam,2014,2,Silchar,GEN,Nilu Mandol,M,SHS,SHS,1922,1060175
Assam,2014,2,Silchar,GEN,Kamal Das,M,IND,IND,2170,1060175
Assam,2014,2,Silchar,GEN,Nirupam Mandal,M,IND,IND,2462,1060175
Assam,2014,2,Silchar,GEN,Upendra Chandra Das,M,IND,IND,2740,1060175
Assam,2014,2,Silchar,GEN,Abdul Mannan Barbhuiya,M,AAAP,AAAP,3118,1060175
Assam,2014,2,Silchar,GEN,Madhu Sudhan Das,M,IND,IND,3151,1060175
Assam,2014,2,Silchar,GEN,Rashid Ahmed Laskar,M,SP,SP,3347,1060175
Assam,2014,2,Silchar,GEN,None Of The Above,,NOTA,NOTA,4310,1060175
Assam,2014,2,Silchar,GEN,Sukamal Das,M,IND,IND,6221,1060175
Assam,2014,2,Silchar,GEN,Bijoy Krishna Nath,M,AGP,AGP,7679,1060175
Assam,2014,2,Silchar,GEN,Wazid Reja Osmani,M,AITC,AITC,8282,1060175
Assam,2014,2,Silchar,GEN,Shuvadip Datta,M,IND,IND,8577,1060175
Assam,2014,2,Silchar,GEN,Arunangshu Bhattacharjee,M,SUCI,SUCI,8595,1060175
Assam,2014,2,Silchar,GEN,Rejamond Ali Barbhuiya,M,CPM,CPM,12460,1060175
Assam,2014,2,Silchar,GEN,Kutub Ahmed Mazumder,M,AIUDF,AIUDF,85530,1060175
Assam,2014,2,Silchar,GEN,Kabindra Purkayastha,M,BJP,BJP,301210,1060175
Assam,2014,2,Silchar,GEN,Sushmita Dev,F,INC,INC,336451,1060175
Assam,2014,3,Autonomous District,ST,Ashweng J. Rengma,M,JMM,JMM,9263,702230
Assam,2014,3,Autonomous District,ST,None Of The Above,,NOTA,NOTA,11747,702230
Assam,2014,3,Autonomous District,ST,Pratima Engheepi,F,CPI(ML)(L),CPI(ML)(L),11762,702230
Assam,2014,3,Autonomous District,ST,Chomang Kro,M,IND,IND,108299,702230
Assam,2014,3,Autonomous District,ST,Joy Ram Engleng,M,BJP,BJP,189057,702230
Assam,2014,3,Autonomous District,ST,Biren Singh Engti,M,INC,INC,213152,702230
Assam,2014,4,Dhubri,GEN,Kasir Uddin Sk.,M,IUML,IUML,1455,1550166
Assam,2014,4,Dhubri,GEN,Ram Ekbal Shahani,M,IND,IND,2375,1550166
Assam,2014,4,Dhubri,GEN,Monirul Hussain,M,IND,IND,2723,1550166
Assam,2014,4,Dhubri,GEN,Kashem Ali Akonda,M,IND,IND,2785,1550166
Assam,2014,4,Dhubri,GEN,Yousub Ali Ahmed,M,SP,SP,3277,1550166
Assam,2014,4,Dhubri,GEN,Azmal Hussain,M,AAAP,AAAP,4468,1550166
Assam,2014,4,Dhubri,GEN,Mohendra Chandra Roy,M,IND,IND,4607,1550166
Assam,2014,4,Dhubri,GEN,None Of The Above,,NOTA,NOTA,5811,1550166
Assam,2014,4,Dhubri,GEN,Surat Jaman Mondal,M,SUCI,SUCI,5935,1550166
Assam,2014,4,Dhubri,GEN,Zesmina Khatun,F,AITC,AITC,7874,1550166
Assam,2014,4,Dhubri,GEN,Anowar Hussain,M,AGP,AGP,9897,1550166
Assam,2014,4,Dhubri,GEN,Ali Hussain,M,IND,IND,23816,1550166
Assam,2014,4,Dhubri,GEN,Mohar Uddin Mondal,M,IND,IND,40208,1550166
Assam,2014,4,Dhubri,GEN,Dr. Debamoy Sanyal,M,BJP,BJP,298985,1550166
Assam,2014,4,Dhubri,GEN,Wazed Ali Choudhury,M,INC,INC,362839,1550166
Assam,2014,4,Dhubri,GEN,Badruddin Ajmal,M,AIUDF,AIUDF,592569,1550166
Assam,2014,5,Kokrajhar,ST,Sansuma Khunggur Bwiswmuthiary,M,IND,IND,11239,1505472
Assam,2014,5,Kokrajhar,ST,Ranjit Shekhar Mooshahary,M,AITC,AITC,17537,1505472
Assam,2014,5,Kokrajhar,ST,None Of The Above,,NOTA,NOTA,18183,1505472
Assam,2014,5,Kokrajhar,ST,Sabda Ram Rabha,M,IND,IND,20074,1505472
Assam,2014,5,Kokrajhar,ST,Chandan Brahma,M,BOPF,BOPF,243759,1505472
Assam,2014,5,Kokrajhar,ST,Urkhao Gwra Brahma,M,IND,IND,278649,1505472
Assam,2014,5,Kokrajhar,ST,Naba Kumar Sarania (Hira),M,IND,IND,634428,1505472
Assam,2014,6,Barpeta,GEN,Barun Karmakar,M,IND,IND,1649,1430188
Assam,2014,6,Barpeta,GEN,Bhadreswar Barman,M,IND,IND,1695,1430188
Assam,2014,6,Barpeta,GEN,Gautam Kumar Sarma,M,IND,IND,1859,1430188
Assam,2014,6,Barpeta,GEN,Entaz Ali,M,LB,LB,1937,1430188
Assam,2014,6,Barpeta,GEN,Abul Awal,M,SP,SP,3099,1430188
Assam,2014,6,Barpeta,GEN,Kamal Uddin,M,IND,IND,3433,1430188
Assam,2014,6,Barpeta,GEN,None Of The Above,,NOTA,NOTA,4785,1430188
Assam,2014,6,Barpeta,GEN,Khurshida Anowara Begum,F,SUCI,SUCI,5710,1430188
Assam,2014,6,Barpeta,GEN,Dr. Pervez Ali Ahmed,M,AITC,AITC,10944,1430188
Assam,2014,6,Barpeta,GEN,Dilir Khan,M,IND,IND,20135,1430188
Assam,2014,6,Barpeta,GEN,Samsul Hoque,M,IND,IND,24444,1430188
Assam,2014,6,Barpeta,GEN,Uddhab Barman,M,CPM,CPM,27575,1430188
Assam,2014,6,Barpeta,GEN,Phani Bhusan Choudhury,M,AGP,AGP,73733,1430188
Assam,2014,6,Barpeta,GEN,Ismail Hussain,M,INC,INC,277802,1430188
Assam,2014,6,Barpeta,GEN,Chandra Mohan Patowary,M,BJP,BJP,352361,1430188
Assam,2014,6,Barpeta,GEN,Siraj Uddin Ajmal,M,AIUDF,AIUDF,394702,1430188
Assam,2014,7,Gauhati,GEN,Md. Zakir Hussain,M,IND,IND,2275,1922270
Assam,2014,7,Gauhati,GEN,Ajad Ali,M,IND,IND,2385,1922270
Assam,2014,7,Gauhati,GEN,Gopi Baruah,M,LB,LB,2411,1922270
Assam,2014,7,Gauhati,GEN,Khargeswar Das,M,IND,IND,2532,1922270
Assam,2014,7,Gauhati,GEN,Padmeshwar Phukan,M,IND,IND,2629,1922270
Assam,2014,7,Gauhati,GEN,Dhiraj Medhi,M,IND,IND,2845,1922270
Assam,2014,7,Gauhati,GEN,Bandana Barman Baruah,F,SP,SP,3240,1922270
Assam,2014,7,Gauhati,GEN,Dr. Faruk Aahammed Bhuyan,M,IND,IND,3540,1922270
Assam,2014,7,Gauhati,GEN,Pranjal Bordoloy,M,AAAP,AAAP,4809,1922270
Assam,2014,7,Gauhati,GEN,Anil Bhagawati,M,IND,IND,5782,1922270
Assam,2014,7,Gauhati,GEN,Kazi Nekib Ahmed,M,rdsc,rdsc,6636,1922270
Assam,2014,7,Gauhati,GEN,None Of The Above,,NOTA,NOTA,6720,1922270
Assam,2014,7,Gauhati,GEN,Pradip Kalita,M,IND,IND,7345,1922270
Assam,2014,7,Gauhati,GEN,Biju Phukan,M,AITC,AITC,8162,1922270
Assam,2014,7,Gauhati,GEN,Benedict Alok Areng,M,IND,IND,12432,1922270
Assam,2014,7,Gauhati,GEN,Birendra Prasad Baishya,M,AGP,AGP,86546,1922270
Assam,2014,7,Gauhati,GEN,Gopi Nath Das,M,AIUDF,AIUDF,137254,1922270
Assam,2014,7,Gauhati,GEN,Manash Borah,M,INC,INC,449201,1922270
Assam,2014,7,Gauhati,GEN,Bijoya Chakravarty,F,BJP,BJP,764985,1922270
Assam,2014,8,Mangaldoi,GEN,Namrata Sarma,F,AAAP,AAAP,3424,1515676
Assam,2014,8,Mangaldoi,GEN,Ratul Kumar Choudhury,M,SP,SP,3658,1515676
Assam,2014,8,Mangaldoi,GEN,Aroon Barooa,M,rdsc,rdsc,4164,1515676
Assam,2014,8,Mangaldoi,GEN,Sahnur Ali,M,IND,IND,5531,1515676
Assam,2014,8,Mangaldoi,GEN,Swarnalata Chaliha,F,SUCI,SUCI,7600,1515676
Assam,2014,8,Mangaldoi,GEN,Deba Kumar Barman,M,AITC,AITC,8341,1515676
Assam,2014,8,Mangaldoi,GEN,None Of The Above,,NOTA,NOTA,10722,1515676
Assam,2014,8,Mangaldoi,GEN,Shachindra Nath Brahma,M,IND,IND,12443,1515676
Assam,2014,8,Mangaldoi,GEN,Madhab Rajbangshi,M,AGP,AGP,66467,1515676
Assam,2014,8,Mangaldoi,GEN,Paresh Baishya,M,AIUDF,AIUDF,74710,1515676
Assam,2014,8,Mangaldoi,GEN,Sahadev Das,M,BOPF,BOPF,86347,1515676
Assam,2014,8,Mangaldoi,GEN,Kirip Chaliha,M,INC,INC,463473,1515676
Assam,2014,8,Mangaldoi,GEN,Ramen Deka,M,BJP,BJP,486357,1515676
Assam,2014,9,Tezpur,GEN,Rajen Saikia,M,AIFB,AIFB,4246,1259568
Assam,2014,9,Tezpur,GEN,Elias Kujur,M,IND,IND,5207,1259568
Assam,2014,9,Tezpur,GEN,Gopi Chand Shahabadi,M,AITC,AITC,8712,1259568
Assam,2014,9,Tezpur,GEN,Lakshikanta Kurmi,M,CPI(ML)(L),CPI(ML)(L),10725,1259568
Assam,2014,9,Tezpur,GEN,None Of The Above,,NOTA,NOTA,16667,1259568
Assam,2014,9,Tezpur,GEN,Khemraj Chetry,M,CPM,CPM,24910,1259568
Assam,2014,9,Tezpur,GEN,Joseph Toppo,M,AGP,AGP,40489,1259568
Assam,2014,9,Tezpur,GEN,Moni Kumar Subba,M,IND,IND,62730,1259568
Assam,2014,9,Tezpur,GEN,Bhupen Kumar Borah,M,INC,INC,360491,1259568
Assam,2014,9,Tezpur,GEN,Ram Prasad Sarmah,M,BJP,BJP,446511,1259568
Assam,2014,10,Nowgong,GEN,Rafiqul Islam,M,AIFB,AIFB,2783,1523881
Assam,2014,10,Nowgong,GEN,Selima Sultana,F,IND,IND,6462,1523881
Assam,2014,10,Nowgong,GEN,Dipak Kumar Borah,M,AITC,AITC,6835,1523881
Assam,2014,10,Nowgong,GEN,None Of The Above,,NOTA,NOTA,8782,1523881
Assam,2014,10,Nowgong,GEN,Faruk Hazarika,M,IND,IND,11325,1523881
Assam,2014,10,Nowgong,GEN,Mridula Barkakoty,F,AGP,AGP,35142,1523881
Assam,2014,10,Nowgong,GEN,Dr. Aditya Langthasa,M,AIUDF,AIUDF,314012,1523881
Assam,2014,10,Nowgong,GEN,Jonjonali Baruah,F,INC,INC,350587,1523881
Assam,2014,10,Nowgong,GEN,Rajen Gohain,M,BJP,BJP,494146,1523881
Assam,2014,11,Kaliabor,GEN,Sahaba Ahmed,F,IND,IND,2411,1457219
Assam,2014,11,Kaliabor,GEN,Jinti Gogoi,F,AAAP,AAAP,2584,1457219
Assam,2014,11,Kaliabor,GEN,Mithual Kumar,M,AIFB,AIFB,2966,1457219
Assam,2014,11,Kaliabor,GEN,Rahmat Ullah,M,IND,IND,4985,1457219
Assam,2014,11,Kaliabor,GEN,Arup Kumar Mahanta,M,CPI(ML)(L),CPI(ML)(L),5433,1457219
Assam,2014,11,Kaliabor,GEN,Samsul Alam,M,AITC,AITC,6538,1457219
Assam,2014,11,Kaliabor,GEN,Jiten Gogoi,M,IND,IND,8271,1457219
Assam,2014,11,Kaliabor,GEN,Montu Saikia,M,IND,IND,9133,1457219
Assam,2014,11,Kaliabor,GEN,Binod Gogoi,M,IND,IND,9583,1457219
Assam,2014,11,Kaliabor,GEN,None Of The Above,,NOTA,NOTA,12403,1457219
Assam,2014,11,Kaliabor,GEN,Dr. Arun Kumar Sarma,M,AGP,AGP,78132,1457219
Assam,2014,11,Kaliabor,GEN,Bijoy Kumar Tiru,M,AIUDF,AIUDF,231295,1457219
Assam,2014,11,Kaliabor,GEN,Mrinal Kumar Saikia,M,BJP,BJP,349441,1457219
Assam,2014,11,Kaliabor,GEN,Gourav Gogoi,M,INC,INC,443315,1457219
Assam,2014,12,Jorhat,GEN,Horen Borgohain,M,AIFB,AIFB,3472,1189486
Assam,2014,12,Jorhat,GEN,Manorom Gogoi,M,AAAP,AAAP,3659,1189486
Assam,2014,12,Jorhat,GEN,Raj Kumar Dowarah,M,IND,IND,4737,1189486
Assam,2014,12,Jorhat,GEN,Gunin Basumatari,M,SP,SP,5754,1189486
Assam,2014,12,Jorhat,GEN,Ribulaya Gogoi,F,AITC,AITC,5759,1189486
Assam,2014,12,Jorhat,GEN,Nasir Ahmed,M,AIUDF,AIUDF,7331,1189486
Assam,2014,12,Jorhat,GEN,None Of The Above,,NOTA,NOTA,14648,1189486
Assam,2014,12,Jorhat,GEN,Drupad Borgohain,M,CPI,CPI,28930,1189486
Assam,2014,12,Jorhat,GEN,Prodip Hazarika,M,AGP,AGP,46626,1189486
Assam,2014,12,Jorhat,GEN,Bijoy Krishna Handique,M,INC,INC,354000,1189486
Assam,2014,12,Jorhat,GEN,Kamakhya Prasad Tasa,M,BJP,BJP,456420,1189486
Assam,2014,13,Dibrugarh,GEN,Cheni Ram Moran,M,AIFB,AIFB,7112,1124305
Assam,2014,13,Dibrugarh,GEN,Navajyoti Kalita,M,AITC,AITC,8582,1124305
Assam,2014,13,Dibrugarh,GEN,Subhas Sen,M,CPI(ML)(L),CPI(ML)(L),9374,1124305
Assam,2014,13,Dibrugarh,GEN,None Of The Above,,NOTA,NOTA,16809,1124305
Assam,2014,13,Dibrugarh,GEN,Anup Phukon,M,AGP,AGP,45710,1124305
Assam,2014,13,Dibrugarh,GEN,Paban Singh Ghatowar,M,INC,INC,309017,1124305
Assam,2014,13,Dibrugarh,GEN,Rameswar Teli,M,BJP,BJP,494364,1124305
Assam,2014,14,Lakhimpur,GEN,Keshab Gogoi,M,IND,IND,2752,1431080
Assam,2014,14,Lakhimpur,GEN,Dr. Hiramoni Deka Sonowal,F,AAAP,AAAP,2893,1431080
Assam,2014,14,Lakhimpur,GEN,Khairul Islam,M,IND,IND,4119,1431080
Assam,2014,14,Lakhimpur,GEN,Tanish Orang,M,CPI(ML)(L),CPI(ML)(L),4721,1431080
Assam,2014,14,Lakhimpur,GEN,David Horo,M,IND,IND,5903,1431080
Assam,2014,14,Lakhimpur,GEN,Hrishikesh Baruah,M,IND,IND,6013,1431080
Assam,2014,14,Lakhimpur,GEN,Ranjit Singh Gorh,M,IND,IND,6335,1431080
Assam,2014,14,Lakhimpur,GEN,Hem Kanta Miri,M,SUCI,SUCI,6896,1431080
Assam,2014,14,Lakhimpur,GEN,Dhebor Gohain Boruah,M,AITC,AITC,9095,1431080
Assam,2014,14,Lakhimpur,GEN,None Of The Above,,NOTA,NOTA,11204,1431080
Assam,2014,14,Lakhimpur,GEN,Mamun Imdadul Haque Chawdhury,M,AIUDF,AIUDF,37343,1431080
Assam,2014,14,Lakhimpur,GEN,Hari Prasad Dihingia,M,AGP,AGP,81753,1431080
Assam,2014,14,Lakhimpur,GEN,Ranee Narah,F,INC,INC,320405,1431080
Assam,2014,14,Lakhimpur,GEN,Sarbananda Sonowal,M,BJP,BJP,612543,1431080
Bihar,2014,1,Valmiki Nagar,GEN,Om Shanti Baba,M,IND,IND,4371,1456598
Bihar,2014,1,Valmiki Nagar,GEN,Dactar Mahto,M,JPS,JPS,5525,1456598
Bihar,2014,1,Valmiki Nagar,GEN,Dharmesh Prasad Varma,M,AAAP,AAAP,6008,1456598
Bihar,2014,1,Valmiki Nagar,GEN,Dravyan Uraon,M,IND,IND,8013,1456598
Bihar,2014,1,Valmiki Nagar,GEN,Nandlal Ram,M,IND,IND,10786,1456598
Bihar,2014,1,Valmiki Nagar,GEN,Manohar Manoj,M,IND,IND,11509,1456598
Bihar,2014,1,Valmiki Nagar,GEN,Shailesh Kumar Diwakar,M,BSP,BSP,11668,1456598
Bihar,2014,1,Valmiki Nagar,GEN,Virendra Prasad Gupta,M,CPI(ML)(L),CPI(ML)(L),12581,1456598
Bihar,2014,1,Valmiki Nagar,GEN,None Of The Above,,NOTA,NOTA,15515,1456598
Bihar,2014,1,Valmiki Nagar,GEN,Prof. Amaresh Prasad,M,JMM,JMM,27603,1456598
Bihar,2014,1,Valmiki Nagar,GEN,Amar Sahani,M,BED,BED,35888,1456598
Bihar,2014,1,Valmiki Nagar,GEN,Dilip Varma,M,IND,IND,58817,1456598
Bihar,2014,1,Valmiki Nagar,GEN,Baidya Nath Prasad Mahato,M,JD(U),JD(U),81612,1456598
Bihar,2014,1,Valmiki Nagar,GEN,Purnmasi Ram,M,INC,INC,246218,1456598
Bihar,2014,1,Valmiki Nagar,GEN,Satish Chandra Dubey,M,BJP,BJP,364013,1456598
Bihar,2014,2,Paschim Champaran,GEN,Anand Kaushal Singh,M,AAAP,AAAP,4297,1413148
Bihar,2014,2,Paschim Champaran,GEN,Sunil Kumar Rao,M,CPI(ML)(L),CPI(ML)(L),4940,1413148
Bihar,2014,2,Paschim Champaran,GEN,Anand Prasad,M,IND,IND,5818,1413148
Bihar,2014,2,Paschim Champaran,GEN,Ratan Kumar Sarkar,M,IND,IND,6474,1413148
Bihar,2014,2,Paschim Champaran,GEN,Syed Irshad Akhtar,M,IND,IND,9123,1413148
Bihar,2014,2,Paschim Champaran,GEN,Nafish Ahamad,M,IND,IND,10502,1413148
Bihar,2014,2,Paschim Champaran,GEN,Mohan Kumar,M,IND,IND,11260,1413148
Bihar,2014,2,Paschim Champaran,GEN,Syed Shamim Akhtar,M,BSP,BSP,12415,1413148
Bihar,2014,2,Paschim Champaran,GEN,Prabhu Raj Narain Rao,M,CPM,CPM,17157,1413148
Bihar,2014,2,Paschim Champaran,GEN,None Of The Above,,NOTA,NOTA,18804,1413148
Bihar,2014,2,Paschim Champaran,GEN,Raghunath Jha,M,RJD,RJD,121800,1413148
Bihar,2014,2,Paschim Champaran,GEN,Prakash Jha,M,JD(U),JD(U),260978,1413148
Bihar,2014,2,Paschim Champaran,GEN,Dr. Sanjay Jaiswal,M,BJP,BJP,371232,1413148
Bihar,2014,3,Purvi Champaran,GEN,Raghunath Gupta,M,SP,SP,2459,1439253
Bihar,2014,3,Purvi Champaran,GEN,Md. Nasiruddin,M,JDR,JDR,2607,1439253
Bihar,2014,3,Purvi Champaran,GEN,Moqim Ansari,M,JKNPP,JKNPP,2811,1439253
Bihar,2014,3,Purvi Champaran,GEN,Anil Kumar Singh,M,JMBP,JMBP,2819,1439253
Bihar,2014,3,Purvi Champaran,GEN,Pawan Kumar,M,KS,KS,2946,1439253
Bihar,2014,3,Purvi Champaran,GEN,Paras Nath Pandey,M,JPS,JPS,3027,1439253
Bihar,2014,3,Purvi Champaran,GEN,Shatrughan Tiwari,M,BJKVP,BJKVP,4893,1439253
Bihar,2014,3,Purvi Champaran,GEN,Amit Kumar Choubey,M,AAAP,AAAP,7512,1439253
Bihar,2014,3,Purvi Champaran,GEN,Suresh Paswan,M,BSP,BSP,10356,1439253
Bihar,2014,3,Purvi Champaran,GEN,Pramod Kumar Pandey,M,IND,IND,10505,1439253
Bihar,2014,3,Purvi Champaran,GEN,Dilip Singh,M,IND,IND,10759,1439253
Bihar,2014,3,Purvi Champaran,GEN,Shambhu Das,M,IND,IND,11371,1439253
Bihar,2014,3,Purvi Champaran,GEN,None Of The Above,,NOTA,NOTA,13261,1439253
Bihar,2014,3,Purvi Champaran,GEN,Avaneesh Kumar Singh,M,JD(U),JD(U),128604,1439253
Bihar,2014,3,Purvi Champaran,GEN,Binod Kumar Srivastava,M,RJD,RJD,208289,1439253
Bihar,2014,3,Purvi Champaran,GEN,Radha Mohan Singh,M,BJP,BJP,400452,1439253
Bihar,2014,4,Sheohar,GEN,Ram Lobhit Paswan,M,BMUP,BMUP,2648,1485801
Bihar,2014,4,Sheohar,GEN,Ramashankar Singh,M,AIFB,AIFB,2845,1485801
Bihar,2014,4,Sheohar,GEN,Md Nasruddin Ansari,M,NaLP,NaLP,3072,1485801
Bihar,2014,4,Sheohar,GEN,Jagranath Sahani,M,SKLP,SKLP,4399,1485801
Bihar,2014,4,Sheohar,GEN,Jata Shankar Aatrey,M,ravp,ravp,4641,1485801
Bihar,2014,4,Sheohar,GEN,Ramashish Mahto,M,IND,IND,5941,1485801
Bihar,2014,4,Sheohar,GEN,Sanjay Prasad,M,IND,IND,8245,1485801
Bihar,2014,4,Sheohar,GEN,Shatrughna Sahu,M,AAAP,AAAP,8256,1485801
Bihar,2014,4,Sheohar,GEN,None Of The Above,,NOTA,NOTA,11670,1485801
Bihar,2014,4,Sheohar,GEN,Shivanandan Prasad,M,IND,IND,12161,1485801
Bihar,2014,4,Sheohar,GEN,Laxman Paswan,M,JMM,JMM,18681,1485801
Bihar,2014,4,Sheohar,GEN,Angesh Kumar,M,BSP,BSP,26446,1485801
Bihar,2014,4,Sheohar,GEN,Lovely Anand,F,SP,SP,46008,1485801
Bihar,2014,4,Sheohar,GEN,Shahid Ali Khan,M,JD(U),JD(U),79108,1485801
Bihar,2014,4,Sheohar,GEN,Md Anwarul Haque,M,RJD,RJD,236267,1485801
Bihar,2014,4,Sheohar,GEN,Rama Devi,F,BJP,BJP,372506,1485801
Bihar,2014,5,Sitamarhi,GEN,Bharat Bhushan Sahni,M,SKLP,SKLP,2763,1574914
Bihar,2014,5,Sitamarhi,GEN,Vinod Sah,M,IND,IND,2996,1574914
Bihar,2014,5,Sitamarhi,GEN,Mahendra Prasad,M,SJP(R),SJP(R),3695,1574914
Bihar,2014,5,Sitamarhi,GEN,Jay Kumar Chaudhary,M,LD,LD,3880,1574914
Bihar,2014,5,Sitamarhi,GEN,Surendra Kumar,M,BJKVP,BJKVP,4501,1574914
Bihar,2014,5,Sitamarhi,GEN,Syed Abu Dojana,M,SP,SP,4692,1574914
Bihar,2014,5,Sitamarhi,GEN,Ajay Kumar,M,IND,IND,5454,1574914
Bihar,2014,5,Sitamarhi,GEN,None Of The Above,,NOTA,NOTA,5949,1574914
Bihar,2014,5,Sitamarhi,GEN,Narendra Mishra,M,IND,IND,6078,1574914
Bihar,2014,5,Sitamarhi,GEN,Sone Lal Sah,M,IND,IND,6115,1574914
Bihar,2014,5,Sitamarhi,GEN,Mohammad Faiyaz Ahmad,M,IND,IND,7586,1574914
Bihar,2014,5,Sitamarhi,GEN,Satyendra Bhandari,M,BMUP,BMUP,7853,1574914
Bihar,2014,5,Sitamarhi,GEN,Mahesh Kumar,M,BSP,BSP,8521,1574914
Bihar,2014,5,Sitamarhi,GEN,Chandrika Prasad,M,IND,IND,8846,1574914
Bihar,2014,5,Sitamarhi,GEN,Rajeev Ranjan,M,AITC,AITC,11250,1574914
Bihar,2014,5,Sitamarhi,GEN,Kishori Das,M,AAAP,AAAP,18043,1574914
Bihar,2014,5,Sitamarhi,GEN,Mahesh Nandan Singh,M,IND,IND,20613,1574914
Bihar,2014,5,Sitamarhi,GEN,Arjun Rai,M,JD(U),JD(U),97188,1574914
Bihar,2014,5,Sitamarhi,GEN,Sitaram Yadav,M,RJD,RJD,263300,1574914
Bihar,2014,5,Sitamarhi,GEN,Ram Kumar Sharma,M,BLSP,BLSP,411265,1574914
Bihar,2014,6,Madhubani,GEN,Ratneshwar Jha,M,AKBMP,AKBMP,6663,1627832
Bihar,2014,6,Madhubani,GEN,Dhrub Narayan Karn,M,CPI(ML)(L),CPI(ML)(L),6750,1627832
Bihar,2014,6,Madhubani,GEN,Vijay Kumar,M,IND,IND,7453,1627832
Bihar,2014,6,Madhubani,GEN,Faiz Ahmad,M,JPJD,JPJD,8464,1627832
Bihar,2014,6,Madhubani,GEN,Anirud Sahu,M,SJP(R),SJP(R),9474,1627832
Bihar,2014,6,Madhubani,GEN,Neeraj Pathak,M,AAAP,AAAP,9718,1627832
Bihar,2014,6,Madhubani,GEN,Hari Narayan Yadav,M,BSP,BSP,10115,1627832
Bihar,2014,6,Madhubani,GEN,None Of The Above,,NOTA,NOTA,18937,1627832
Bihar,2014,6,Madhubani,GEN,Kumari Rita,F,SHS,SHS,30942,1627832
Bihar,2014,6,Madhubani,GEN,Prof. Ghulam Ghous,M,JD(U),JD(U),56392,1627832
Bihar,2014,6,Madhubani,GEN,Abdul Bari Siddiqui,M,RJD,RJD,337505,1627832
Bihar,2014,6,Madhubani,GEN,Hukm Deo Narayan Yadav,M,BJP,BJP,358040,1627832
Bihar,2014,7,Jhanjharpur,GEN,Vighnesh Bhagat,M,BMUP,BMUP,3727,1668405
Bihar,2014,7,Jhanjharpur,GEN,Dr. Binay Kumar Jha,M,IND,IND,3956,1668405
Bihar,2014,7,Jhanjharpur,GEN,Awdhesh Kumar Shingh,M,IND,IND,4248,1668405
Bihar,2014,7,Jhanjharpur,GEN,Ibrahim Abbasi,M,IND,IND,4811,1668405
Bihar,2014,7,Jhanjharpur,GEN,Md. Faiyaz Khan,M,JDR,JDR,5439,1668405
Bihar,2014,7,Jhanjharpur,GEN,Haidar,M,VIP,VIP,5653,1668405
Bihar,2014,7,Jhanjharpur,GEN,Bipin Kumar Jha,M,BVM,BVM,7358,1668405
Bihar,2014,7,Jhanjharpur,GEN,Chhedi Ram,M,IND,IND,7632,1668405
Bihar,2014,7,Jhanjharpur,GEN,None Of The Above,,NOTA,NOTA,8043,1668405
Bihar,2014,7,Jhanjharpur,GEN,Ram Chandra Safi,M,IND,IND,8083,1668405
Bihar,2014,7,Jhanjharpur,GEN,Janak Roy,M,IND,IND,8689,1668405
Bihar,2014,7,Jhanjharpur,GEN,Md. Akhtar Ali,M,JPJD,JPJD,9388,1668405
Bihar,2014,7,Jhanjharpur,GEN,Tiliya Devi,F,AAAP,AAAP,9441,1668405
Bihar,2014,7,Jhanjharpur,GEN,Chandra Mohan Jha,M,IND,IND,9823,1668405
Bihar,2014,7,Jhanjharpur,GEN,Barun Kumar Jha,M,IND,IND,13833,1668405
Bihar,2014,7,Jhanjharpur,GEN,Manilal Sahu,M,BSP,BSP,14190,1668405
Bihar,2014,7,Jhanjharpur,GEN,Pawan Kumar,M,IND,IND,17790,1668405
Bihar,2014,7,Jhanjharpur,GEN,Devendra Prasad Yadav,M,JD(U),JD(U),183591,1668405
Bihar,2014,7,Jhanjharpur,GEN,Mangani Lal Mandal,M,RJD,RJD,280073,1668405
Bihar,2014,7,Jhanjharpur,GEN,Birendra Kumar Chaudhary,M,BJP,BJP,335481,1668405
Bihar,2014,8,Supaul,GEN,Dev Narayan Yadav,M,BMUP,BMUP,4825,1525583
Bihar,2014,8,Supaul,GEN,Mohammad Amanullah,M,IUML,IUML,5116,1525583
Bihar,2014,8,Supaul,GEN,Shakaldev Mandal,M,SJP(R),SJP(R),5964,1525583
Bihar,2014,8,Supaul,GEN,Binod Kumar Sahu,M,IND,IND,8908,1525583
Bihar,2014,8,Supaul,GEN,Parmeshwar Jha,M,AAAP,AAAP,9604,1525583
Bihar,2014,8,Supaul,GEN,Ramdev Sharma,M,IND,IND,10687,1525583
Bihar,2014,8,Supaul,GEN,Jay Narayan Yadav,M,CPI(ML)(L),CPI(ML)(L),11566,1525583
Bihar,2014,8,Supaul,GEN,Suresh Kumar Azad,M,JHP,JHP,14754,1525583
Bihar,2014,8,Supaul,GEN,Aman Kumar Samajsevi,M,BSP,BSP,21233,1525583
Bihar,2014,8,Supaul,GEN,None Of The Above,,NOTA,NOTA,21996,1525583
Bihar,2014,8,Supaul,GEN,Kameshwar Chaupal,M,BJP,BJP,249693,1525583
Bihar,2014,8,Supaul,GEN,Dileshwar Kamait,M,JD(U),JD(U),273255,1525583
Bihar,2014,8,Supaul,GEN,Ranjeet Ranjan,F,INC,INC,332927,1525583
Bihar,2014,9,Araria,GEN,Bidayanand Paswan,M,BMUP,BMUP,3350,1587332
Bihar,2014,9,Araria,GEN,Ramanand Rishideo,M,LD,LD,3411,1587332
Bihar,2014,9,Araria,GEN,Rajesh Kumar,M,BVM,BVM,4646,1587332
Bihar,2014,9,Araria,GEN,Md. Aslam Beg,M,JDR,JDR,5149,1587332
Bihar,2014,9,Araria,GEN,Sanjay Kumar Rishidev,M,CPI(ML)(L),CPI(ML)(L),5292,1587332
Bihar,2014,9,Araria,GEN,Alamdar Hussain,M,IND,IND,5645,1587332
Bihar,2014,9,Araria,GEN,Chandra Bhushan,M,AAAP,AAAP,5685,1587332
Bihar,2014,9,Araria,GEN,Sar Wat Jahre Ansari,F,SJP(R),SJP(R),6376,1587332
Bihar,2014,9,Araria,GEN,Pankaj Kishor Mandal,M,IND,IND,10704,1587332
Bihar,2014,9,Araria,GEN,None Of The Above,,NOTA,NOTA,16608,1587332
Bihar,2014,9,Araria,GEN,Abdul Rahman,M,BSP,BSP,17724,1587332
Bihar,2014,9,Araria,GEN,Vijay Kumar Mandal,M,JD(U),JD(U),221769,1587332
Bihar,2014,9,Araria,GEN,Pradeep Kumar Singh,M,BJP,BJP,261474,1587332
Bihar,2014,9,Araria,GEN,Tasleem Uddin,M,RJD,RJD,407978,1587332
Bihar,2014,10,Kishanganj,GEN,Chitranjan Singh,M,IND,IND,5152,1438990
Bihar,2014,10,Kishanganj,GEN,Mohammad Wasiqur Rahman,M,IUML,IUML,5422,1438990
Bihar,2014,10,Kishanganj,GEN,Md. Gulab Siddiki,M,LKJP,LKJP,5559,1438990
Bihar,2014,10,Kishanganj,GEN,Manuwer Alam,M,JDR,JDR,5714,1438990
Bihar,2014,10,Kishanganj,GEN,Chhote Lal Mahto,M,IND,IND,11392,1438990
Bihar,2014,10,Kishanganj,GEN,Md.Naushad,M,BSP,BSP,14903,1438990
Bihar,2014,10,Kishanganj,GEN,Alimuddin Ansari,M,AAAP,AAAP,15010,1438990
Bihar,2014,10,Kishanganj,GEN,None Of The Above,,NOTA,NOTA,17206,1438990
Bihar,2014,10,Kishanganj,GEN,Akhtarul Iman,M,JD(U),JD(U),55822,1438990
Bihar,2014,10,Kishanganj,GEN,Dr Dilip Kumar Jaiswal,M,BJP,BJP,298849,1438990
Bihar,2014,10,Kishanganj,GEN,Mohammad Asrarul Haque,M,INC,INC,493461,1438990
Bihar,2014,11,Katihar,GEN,Md. Iqbal Ahmad,M,SJP(R),SJP(R),1553,1446478
Bihar,2014,11,Katihar,GEN,Sanjay Singh,M,IND,IND,1675,1446478
Bihar,2014,11,Katihar,GEN,Mahesh Mandal,M,BMUP,BMUP,1980,1446478
Bihar,2014,11,Katihar,GEN,Raj Kumar Mandal,M,IND,IND,2141,1446478
Bihar,2014,11,Katihar,GEN,Abdur Rahman,M,BMF,BMF,2489,1446478
Bihar,2014,11,Katihar,GEN,Satyanarayan Bhagat,M,PSS,PSS,2550,1446478
Bihar,2014,11,Katihar,GEN,Shivendra Kumar,M,BSP,BSP,2685,1446478
Bihar,2014,11,Katihar,GEN,Fulmani Hembram,F,BVM,BVM,3096,1446478
Bihar,2014,11,Katihar,GEN,None Of The Above,,NOTA,NOTA,3287,1446478
Bihar,2014,11,Katihar,GEN,Bibhaker Jha @ Victor Jha,M,AAAP,AAAP,4323,1446478
Bihar,2014,11,Katihar,GEN,Suresh Ray,M,RVNP,RVNP,4450,1446478
Bihar,2014,11,Katihar,GEN,Md. Tariq Anwar,M,IND,IND,4514,1446478
Bihar,2014,11,Katihar,GEN,Nalini Mandal,M,IND,IND,7969,1446478
Bihar,2014,11,Katihar,GEN,Mahammad Hamid Mobarak,M,AITC,AITC,8392,1446478
Bihar,2014,11,Katihar,GEN,Ashok Kumar,M,IND,IND,9000,1446478
Bihar,2014,11,Katihar,GEN,Mahbub Alam,M,CPI(ML)(L),CPI(ML)(L),9461,1446478
Bihar,2014,11,Katihar,GEN,Kanhai Mandal,M,IND,IND,10516,1446478
Bihar,2014,11,Katihar,GEN,Ashok Ku Bhagat,M,IND,IND,15547,1446478
Bihar,2014,11,Katihar,GEN,Baleshwar Marandi,M,JMM,JMM,33593,1446478
Bihar,2014,11,Katihar,GEN,Dr. Ram Prakash Mahto,M,JD(U),JD(U),100765,1446478
Bihar,2014,11,Katihar,GEN,Nikhil Kumar Choudhary,M,BJP,BJP,316552,1446478
Bihar,2014,11,Katihar,GEN,Tariq Anwar,M,NCP,NCP,431292,1446478
Bihar,2014,12,Purnia,GEN,Mansur Alam,M,SP,SP,3370,1582626
Bihar,2014,12,Purnia,GEN,Fagu Marandi,M,JDP,JDP,3440,1582626
Bihar,2014,12,Purnia,GEN,Pramod Narayan Poddar,M,BJJD,BJJD,4664,1582626
Bihar,2014,12,Purnia,GEN,Md Shahid Akhtar,M,BMUP,BMUP,5137,1582626
Bihar,2014,12,Purnia,GEN,Md Akhtar Ali,M,IND,IND,5849,1582626
Bihar,2014,12,Purnia,GEN,Syed Shah Eqbal Alam,M,BEMP,BEMP,6324,1582626
Bihar,2014,12,Purnia,GEN,Pankaj Kumar Singh,M,CPI(ML)(L),CPI(ML)(L),7912,1582626
Bihar,2014,12,Purnia,GEN,Kunj Bihari Paswan,M,IND,IND,8321,1582626
Bihar,2014,12,Purnia,GEN,Anil Kumar Mahto,M,JPS,JPS,9162,1582626
Bihar,2014,12,Purnia,GEN,Sanjay Singh,M,IND,IND,9196,1582626
Bihar,2014,12,Purnia,GEN,Raj Kumar Oraon,M,BSP,BSP,11196,1582626
Bihar,2014,12,Purnia,GEN,None Of The Above,,NOTA,NOTA,11982,1582626
Bihar,2014,12,Purnia,GEN,Sudeep Roy,M,AAAP,AAAP,16630,1582626
Bihar,2014,12,Purnia,GEN,Navlesh Pathak,M,IND,IND,18776,1582626
Bihar,2014,12,Purnia,GEN,Md Shamsher Alam,M,JMM,JMM,50446,1582626
Bihar,2014,12,Purnia,GEN,Amarnath Tiwari,M,INC,INC,124344,1582626
Bihar,2014,12,Purnia,GEN,Uday Singh Alias Pappu Singh,M,BJP,BJP,302157,1582626
Bihar,2014,12,Purnia,GEN,Santosh Kumar,M,JD(U),JD(U),418826,1582626
Bihar,2014,13,Madhepura,GEN,Chandrashekhar Yadav,M,BMUP,BMUP,3768,1725693
Bihar,2014,13,Madhepura,GEN,Sajan Kumar Jha,M,JMBP,JMBP,4396,1725693
Bihar,2014,13,Madhepura,GEN,Prasanna Kumar,M,IND,IND,5370,1725693
Bihar,2014,13,Madhepura,GEN,Bhikha Paswan,M,BVM,BVM,6649,1725693
Bihar,2014,13,Madhepura,GEN,Mina Devi,F,IND,IND,9039,1725693
Bihar,2014,13,Madhepura,GEN,Anwar Alam,M,AAAP,AAAP,9538,1725693
Bihar,2014,13,Madhepura,GEN,Mohammad Arshad Hussain,M,PECP,PECP,9585,1725693
Bihar,2014,13,Madhepura,GEN,Rajo Sah,M,IND,IND,12247,1725693
Bihar,2014,13,Madhepura,GEN,Guljar Kumar,M,BSP,BSP,18084,1725693
Bihar,2014,13,Madhepura,GEN,None Of The Above,,NOTA,NOTA,21924,1725693
Bihar,2014,13,Madhepura,GEN,Vijay Kumar Singh,M,BJP,BJP,252534,1725693
Bihar,2014,13,Madhepura,GEN,Sharad Yadav,M,JD(U),JD(U),312728,1725693
Bihar,2014,13,Madhepura,GEN,Rajesh Ranjan @ Pappu Yadav,M,RJD,RJD,368937,1725693
Bihar,2014,14,Darbhanga,GEN,Faisal Ahmad,M,JDR,JDR,2900,1495445
Bihar,2014,14,Darbhanga,GEN,Brahmadeo Prasad Karyee,M,BJKVP,BJKVP,2929,1495445
Bihar,2014,14,Darbhanga,GEN,Jainath,M,BMUP,BMUP,2956,1495445
Bihar,2014,14,Darbhanga,GEN,Sadre Alam Khan,M,AKBMP,AKBMP,4558,1495445
Bihar,2014,14,Darbhanga,GEN,Pradeep Paswan,M,IND,IND,5963,1495445
Bihar,2014,14,Darbhanga,GEN,Dr. Prabhat Ranjan Das,M,AAAP,AAAP,7550,1495445
Bihar,2014,14,Darbhanga,GEN,Durga Nand Mahavir Nayak,M,BSP,BSP,8835,1495445
Bihar,2014,14,Darbhanga,GEN,Colonel Lakshmeshwar Mishra,M,CPI(ML)(L),CPI(ML)(L),9111,1495445
Bihar,2014,14,Darbhanga,GEN,Krishna Kumar Paswan,M,IND,IND,10080,1495445
Bihar,2014,14,Darbhanga,GEN,Haday Na. Yadav,M,CPM,CPM,11606,1495445
Bihar,2014,14,Darbhanga,GEN,Pravin Kumar Jha,M,IND,IND,16125,1495445
Bihar,2014,14,Darbhanga,GEN,None Of The Above,,NOTA,NOTA,21103,1495445
Bihar,2014,14,Darbhanga,GEN,Kedar Ku. Keshav,M,SHS,SHS,25277,1495445
Bihar,2014,14,Darbhanga,GEN,Sanjay Kumar Jha,M,JD(U),JD(U),104494,1495445
Bihar,2014,14,Darbhanga,GEN,Md. Ali Ashraf Fatmi,M,RJD,RJD,279906,1495445
Bihar,2014,14,Darbhanga,GEN,Kirti Azad,M,BJP,BJP,314949,1495445
Bihar,2014,15,Muzaffarpur,GEN,Mahesh Paswan,M,IND,IND,1749,1551363
Bihar,2014,15,Muzaffarpur,GEN,Deepak Kumar,M,IND,IND,1809,1551363
Bihar,2014,15,Muzaffarpur,GEN,Mohmmad Taiyab,M,IND,IND,2269,1551363
Bihar,2014,15,Muzaffarpur,GEN,Nilu Singh,F,PBI,PBI,2271,1551363
Bihar,2014,15,Muzaffarpur,GEN,Devendra Rakesh,M,BJKVP,BJKVP,2299,1551363
Bihar,2014,15,Muzaffarpur,GEN,Mohammad Anwarul Haque,M,IND,IND,2354,1551363
Bihar,2014,15,Muzaffarpur,GEN,Naval Kishore Jha,M,SJP(R),SJP(R),2364,1551363
Bihar,2014,15,Muzaffarpur,GEN,Rupesh Kumar Kuar,M,IND,IND,2370,1551363
Bihar,2014,15,Muzaffarpur,GEN,Kunal Priyadarshi,M,RKSP,RKSP,2471,1551363
Bihar,2014,15,Muzaffarpur,GEN,Ajitansh Gaur,M,IND,IND,2755,1551363
Bihar,2014,15,Muzaffarpur,GEN,Kamlesh Choudhary,M,IND,IND,3147,1551363
Bihar,2014,15,Muzaffarpur,GEN,Ravi Shankar Paswan,M,IND,IND,3334,1551363
Bihar,2014,15,Muzaffarpur,GEN,Pankaj Kumar Srivastava,M,JPJD,JPJD,3365,1551363
Bihar,2014,15,Muzaffarpur,GEN,Ashok Kumar Singh,M,SUCI,SUCI,3734,1551363
Bihar,2014,15,Muzaffarpur,GEN,Shravan Kumar Jha,M,IND,IND,3746,1551363
Bihar,2014,15,Muzaffarpur,GEN,Madhur Sheel,M,JMBP,JMBP,4309,1551363
Bihar,2014,15,Muzaffarpur,GEN,Suresh Kumar,M,IND,IND,5211,1551363
Bihar,2014,15,Muzaffarpur,GEN,Rajesh Kumar,M,AIFB,AIFB,6118,1551363
Bihar,2014,15,Muzaffarpur,GEN,Prabhat Suman,M,AAAP,AAAP,6945,1551363
Bihar,2014,15,Muzaffarpur,GEN,Akshay Verma,M,SKLP,SKLP,7569,1551363
Bihar,2014,15,Muzaffarpur,GEN,Mahesh Rai,M,BMUP,BMUP,7978,1551363
Bihar,2014,15,Muzaffarpur,GEN,Shatrudhan Sahni,M,CPI(ML)(L),CPI(ML)(L),8223,1551363
Bihar,2014,15,Muzaffarpur,GEN,Rajeev Ranjan,M,BSP,BSP,9069,1551363
Bihar,2014,15,Muzaffarpur,GEN,Nageshwar Prasad Singh,M,IND,IND,9202,1551363
Bihar,2014,15,Muzaffarpur,GEN,None Of The Above,,NOTA,NOTA,9690,1551363
Bihar,2014,15,Muzaffarpur,GEN,Raghvendra Pratap Singh,M,ravp,ravp,13283,1551363
Bihar,2014,15,Muzaffarpur,GEN,Ashok Kumar Jha,M,SHS,SHS,19945,1551363
Bihar,2014,15,Muzaffarpur,GEN,Vijendra Chaudhary,M,JD(U),JD(U),85140,1551363
Bihar,2014,15,Muzaffarpur,GEN,Akhilesh Pd Singh,M,INC,INC,246873,1551363
Bihar,2014,15,Muzaffarpur,GEN,Ajay Nishad,M,BJP,BJP,469295,1551363
Bihar,2014,16,Vaishali,GEN,Lalji Kumar Rakesh,M,IND,IND,2667,1566321
Bihar,2014,16,Vaishali,GEN,Sandhya Devi,F,IND,IND,2983,1566321
Bihar,2014,16,Vaishali,GEN,Jaynarayan Sah,M,BJKVP,BJKVP,3191,1566321
Bihar,2014,16,Vaishali,GEN,Md. Naushad,M,VIP,VIP,3866,1566321
Bihar,2014,16,Vaishali,GEN,Parmeshwar Ram,M,BMUP,BMUP,4000,1566321
Bihar,2014,16,Vaishali,GEN,Indradeo Roy,M,SUCI,SUCI,5218,1566321
Bihar,2014,16,Vaishali,GEN,Rameshwar Sah,M,IND,IND,5483,1566321
Bihar,2014,16,Vaishali,GEN,Mukesh Ram,M,RKSP,RKSP,5497,1566321
Bihar,2014,16,Vaishali,GEN,None Of The Above,,NOTA,NOTA,6060,1566321
Bihar,2014,16,Vaishali,GEN,Vinod Pandit,M,LPSP,LPSP,6430,1566321
Bihar,2014,16,Vaishali,GEN,Ram Pukar Rai,M,IND,IND,7182,1566321
Bihar,2014,16,Vaishali,GEN,Raaj Mangal Prasad,M,AAAP,AAAP,7768,1566321
Bihar,2014,16,Vaishali,GEN,Mohammad Umar Ansari,M,IND,IND,8254,1566321
Bihar,2014,16,Vaishali,GEN,Md.Hasib,M,RSMD,RSMD,11075,1566321
Bihar,2014,16,Vaishali,GEN,Ranjeet Kumar Jha,M,IND,IND,11540,1566321
Bihar,2014,16,Vaishali,GEN,Jitendra Prasad,M,IND,IND,12369,1566321
Bihar,2014,16,Vaishali,GEN,Balendra Singh,M,IND,IND,15178,1566321
Bihar,2014,16,Vaishali,GEN,Dr. Mohammad Nabi Hassan,M,IND,IND,22455,1566321
Bihar,2014,16,Vaishali,GEN,Shankar Mahto,M,BSP,BSP,23677,1566321
Bihar,2014,16,Vaishali,GEN,Anu Shukla,F,IND,IND,104229,1566321
Bihar,2014,16,Vaishali,GEN,Vijay Kumar Sahni,M,JD(U),JD(U),145182,1566321
Bihar,2014,16,Vaishali,GEN,Raghuvansh Prasad Singh,M,RJD,RJD,206183,1566321
Bihar,2014,16,Vaishali,GEN,Rama Kishore Singh,M,LJP,LJP,305450,1566321
Bihar,2014,17,Gopalganj (Sc),SC,Sunita Kumar,F,SP,SP,4586,1654838
Bihar,2014,17,Gopalganj (Sc),SC,Surendra Paswan,M,RBCP,RBCP,4717,1654838
Bihar,2014,17,Gopalganj (Sc),SC,Jaleshwar Nath Ram,M,BMUP,BMUP,6264,1654838
Bihar,2014,17,Gopalganj (Sc),SC,Ramashankar Ram,M,RJJM,RJJM,7147,1654838
Bihar,2014,17,Gopalganj (Sc),SC,Mudrika Baitha,M,IND,IND,8491,1654838
Bihar,2014,17,Gopalganj (Sc),SC,Sateyndra Baitha,M,IND,IND,9509,1654838
Bihar,2014,17,Gopalganj (Sc),SC,Jitendra Manjhi,M,CPI(ML)(L),CPI(ML)(L),12423,1654838
Bihar,2014,17,Gopalganj (Sc),SC,Dinanath Manjhi,M,IND,IND,13983,1654838
Bihar,2014,17,Gopalganj (Sc),SC,Ram Kumar Manjhi,M,IND,IND,14162,1654838
Bihar,2014,17,Gopalganj (Sc),SC,Surendra Ram,M,BED,BED,16680,1654838
Bihar,2014,17,Gopalganj (Sc),SC,Chandradip Ram,M,BSP,BSP,16751,1654838
Bihar,2014,17,Gopalganj (Sc),SC,None Of The Above,,NOTA,NOTA,17841,1654838
Bihar,2014,17,Gopalganj (Sc),SC,Anil Kumar,M,JD(U),JD(U),100419,1654838
Bihar,2014,17,Gopalganj (Sc),SC,Dr. Jyoti Bharti,F,INC,INC,191837,1654838
Bihar,2014,17,Gopalganj (Sc),SC,Janak Ram,M,BJP,BJP,478773,1654838
Bihar,2014,18,Siwan,GEN,Nagendra Tiwari,M,LKJP,LKJP,2611,1563860
Bihar,2014,18,Siwan,GEN,Narad Pndit,M,JPJD,JPJD,3250,1563860
Bihar,2014,18,Siwan,GEN,Paramanand Gond,M,SWSP,SWSP,4016,1563860
Bihar,2014,18,Siwan,GEN,Parmeshwar Manjhi,M,BMUP,BMUP,5683,1563860
Bihar,2014,18,Siwan,GEN,Ranjan Kumar,M,BVM,BVM,8851,1563860
Bihar,2014,18,Siwan,GEN,Khalil Miya,M,GGP,GGP,9580,1563860
Bihar,2014,18,Siwan,GEN,Satya Prakash Pandey,M,AAAP,AAAP,10542,1563860
Bihar,2014,18,Siwan,GEN,Ram Binay Ray,M,BED,BED,11757,1563860
Bihar,2014,18,Siwan,GEN,Ganesh Ram,M,BSP,BSP,14584,1563860
Bihar,2014,18,Siwan,GEN,None Of The Above,,NOTA,NOTA,21409,1563860
Bihar,2014,18,Siwan,GEN,Manoj Kumar Singh,M,JD(U),JD(U),79239,1563860
Bihar,2014,18,Siwan,GEN,Amar Nath Yadav,M,CPI(ML)(L),CPI(ML)(L),81006,1563860
Bihar,2014,18,Siwan,GEN,Hena Shahab,F,RJD,RJD,258823,1563860
Bihar,2014,18,Siwan,GEN,Om Prakash Yadav,M,BJP,BJP,372670,1563860
Bihar,2014,19,Maharajganj,GEN,Byas Manjhi,M,BMUP,BMUP,4796,1642068
Bihar,2014,19,Maharajganj,GEN,Rina Rani,F,AAAP,AAAP,6430,1642068
Bihar,2014,19,Maharajganj,GEN,Shiv Nath Mahto,M,IND,IND,8874,1642068
Bihar,2014,19,Maharajganj,GEN,Dr. Gopal Prasad,M,IND,IND,10602,1642068
Bihar,2014,19,Maharajganj,GEN,Nagendra Prasad,M,BSP,BSP,11189,1642068
Bihar,2014,19,Maharajganj,GEN,Umashankar Tiwari,M,IND,IND,11599,1642068
Bihar,2014,19,Maharajganj,GEN,Brinda Pathak,M,IND,IND,17186,1642068
Bihar,2014,19,Maharajganj,GEN,None Of The Above,,NOTA,NOTA,23404,1642068
Bihar,2014,19,Maharajganj,GEN,Manoranjan Singh,M,JD(U),JD(U),149483,1642068
Bihar,2014,19,Maharajganj,GEN,Prabhu Nath Singh,M,RJD,RJD,282338,1642068
Bihar,2014,19,Maharajganj,GEN,"Janardan Singh ""Sigriwal""",M,BJP,BJP,320753,1642068
Bihar,2014,20,Saran,GEN,Niraj Ram,M,BMUP,BMUP,2818,1538740
Bihar,2014,20,Saran,GEN,Ranjan Kumar,M,JMBP,JMBP,3217,1538740
Bihar,2014,20,Saran,GEN,Parmatma Singh,M,AAAP,AAAP,5099,1538740
Bihar,2014,20,Saran,GEN,Chandan Kumar Alias Chandan Gupta,M,BJPARTY,BJPARTY,6765,1538740
Bihar,2014,20,Saran,GEN,Rajesh Kumar,M,BED,BED,9747,1538740
Bihar,2014,20,Saran,GEN,Lalu Rai,M,IND,IND,9957,1538740
Bihar,2014,20,Saran,GEN,Lalan Prasad,M,IND,IND,14688,1538740
Bihar,2014,20,Saran,GEN,Bal Mukund Chauhan,M,BSP,BSP,15500,1538740
Bihar,2014,20,Saran,GEN,None Of The Above,,NOTA,NOTA,19163,1538740
Bihar,2014,20,Saran,GEN,Saleem Perwez,M,JD(U),JD(U),107008,1538740
Bihar,2014,20,Saran,GEN,Rabri Devi,F,RJD,RJD,314172,1538740
Bihar,2014,20,Saran,GEN,Rajiv Pratap Rudy,M,BJP,BJP,355120,1538740
Bihar,2014,21,Hajipur (Sc),SC,Vidhan Chandra Rana,M,SJP(R),SJP(R),3198,1649547
Bihar,2014,21,Hajipur (Sc),SC,Satya Narayan Paswan,M,AIFB,AIFB,3216,1649547
Bihar,2014,21,Hajipur (Sc),SC,Randhir Kumar Ram,M,BJKVP,BJKVP,3711,1649547
Bihar,2014,21,Hajipur (Sc),SC,Rina Ragni,F,BMUP,BMUP,3882,1649547
Bihar,2014,21,Hajipur (Sc),SC,Virchandra Paswan,M,SP,SP,4185,1649547
Bihar,2014,21,Hajipur (Sc),SC,Raj Kr. Paswan,M,AAAP,AAAP,6344,1649547
Bihar,2014,21,Hajipur (Sc),SC,Suresh Paswan,M,IND,IND,7544,1649547
Bihar,2014,21,Hajipur (Sc),SC,Upender Ram,M,IND,IND,8896,1649547
Bihar,2014,21,Hajipur (Sc),SC,Ujjawal Kant Hunkar,M,BMF,BMF,8957,1649547
Bihar,2014,21,Hajipur (Sc),SC,Dhaneshwar Ram,M,BSP,BSP,12688,1649547
Bihar,2014,21,Hajipur (Sc),SC,None Of The Above,,NOTA,NOTA,15047,1649547
Bihar,2014,21,Hajipur (Sc),SC,Dina Nath Ram,M,IND,IND,21045,1649547
Bihar,2014,21,Hajipur (Sc),SC,Viphiya Devi,F,IND,IND,24399,1649547
Bihar,2014,21,Hajipur (Sc),SC,Ram Sundar Das,M,JD(U),JD(U),95790,1649547
Bihar,2014,21,Hajipur (Sc),SC,Sanjeev Prasad Toni,M,INC,INC,230152,1649547
Bihar,2014,21,Hajipur (Sc),SC,Ramvilas Paswan,M,LJP,LJP,455652,1649547
Bihar,2014,22,Ujiarpur,GEN,Prithivinath Prasad,M,MHD,MHD,2482,1426217
Bihar,2014,22,Ujiarpur,GEN,Md. Tahir Araman,M,NADP,NADP,2536,1426217
Bihar,2014,22,Ujiarpur,GEN,Mintu Paswan,M,IND,IND,3098,1426217
Bihar,2014,22,Ujiarpur,GEN,Prem Lata Devi,F,JPJD,JPJD,3152,1426217
Bihar,2014,22,Ujiarpur,GEN,Arjun Kumar Sah,M,IND,IND,4201,1426217
Bihar,2014,22,Ujiarpur,GEN,Amrendra Kumar Yadav,M,RKSP,RKSP,5631,1426217
Bihar,2014,22,Ujiarpur,GEN,Kishor Kumar,M,BLSP,BLSP,5669,1426217
Bihar,2014,22,Ujiarpur,GEN,None Of The Above,,NOTA,NOTA,6171,1426217
Bihar,2014,22,Ujiarpur,GEN,Phool Babu Singh,M,CPI(ML)(L),CPI(ML)(L),6967,1426217
Bihar,2014,22,Ujiarpur,GEN,Madhuri,F,BMUP,BMUP,7661,1426217
Bihar,2014,22,Ujiarpur,GEN,Mithilesh Kumar Jha,M,JMM,JMM,7810,1426217
Bihar,2014,22,Ujiarpur,GEN,Vindeshwari Sahni,M,PSS,PSS,7969,1426217
Bihar,2014,22,Ujiarpur,GEN,Suresh Chaudhari,M,AAAP,AAAP,8917,1426217
Bihar,2014,22,Ujiarpur,GEN,Jitendra Kumar Rai,M,SHS,SHS,11990,1426217
Bihar,2014,22,Ujiarpur,GEN,Shivani Umani,M,JDR,JDR,12520,1426217
Bihar,2014,22,Ujiarpur,GEN,Dharmendra Sahani,M,BSP,BSP,15198,1426217
Bihar,2014,22,Ujiarpur,GEN,Ram Deo Verma,M,CPM,CPM,53044,1426217
Bihar,2014,22,Ujiarpur,GEN,Ashwamedh Devi,F,JD(U),JD(U),119669,1426217
Bihar,2014,22,Ujiarpur,GEN,Alok Kumar Mehta,M,RJD,RJD,256883,1426217
Bihar,2014,22,Ujiarpur,GEN,Nityanand Rai,M,BJP,BJP,317352,1426217
Bihar,2014,23,Samastipur (Sc),SC,Ashok Paswan,M,BMUP,BMUP,6603,1504451
Bihar,2014,23,Samastipur (Sc),SC,Amit Kumar,M,SJP(R),SJP(R),7423,1504451
Bihar,2014,23,Samastipur (Sc),SC,Lal Bahadur Sada,M,CPI(ML)(L),CPI(ML)(L),9665,1504451
Bihar,2014,23,Samastipur (Sc),SC,Ganesh Kumar,M,AAAP,AAAP,9954,1504451
Bihar,2014,23,Samastipur (Sc),SC,Vijay Kumar Ram,M,ravp,ravp,11813,1504451
Bihar,2014,23,Samastipur (Sc),SC,Shatrudhan Kumar Paswan,M,RKSP,RKSP,12322,1504451
Bihar,2014,23,Samastipur (Sc),SC,Ram Chandra Ram,M,BSP,BSP,12813,1504451
Bihar,2014,23,Samastipur (Sc),SC,Mithilesh Kumar Rajak,M,IND,IND,13504,1504451
Bihar,2014,23,Samastipur (Sc),SC,Baleshwar Paswan,M,JDR,JDR,15837,1504451
Bihar,2014,23,Samastipur (Sc),SC,None Of The Above,,NOTA,NOTA,29211,1504451
Bihar,2014,23,Samastipur (Sc),SC,Maheshwar Hazari,M,JD(U),JD(U),200124,1504451
Bihar,2014,23,Samastipur (Sc),SC,Dr. Ashok Kumar,M,INC,INC,263529,1504451
Bihar,2014,23,Samastipur (Sc),SC,Ram Chandra Paswan,M,LJP,LJP,270401,1504451
Bihar,2014,24,Begusarai,GEN,Pankaj Paswan,M,IND,IND,3323,1778759
Bihar,2014,24,Begusarai,GEN,Hari Kant Prasad,M,BBC,BBC,3344,1778759
Bihar,2014,24,Begusarai,GEN,Mohammad Javed,M,IND,IND,3405,1778759
Bihar,2014,24,Begusarai,GEN,Rajendra Yadav,M,IND,IND,4605,1778759
Bihar,2014,24,Begusarai,GEN,Pinki Devi,F,BMUP,BMUP,4858,1778759
Bihar,2014,24,Begusarai,GEN,Sunil Kumar,M,AAAP,AAAP,8639,1778759
Bihar,2014,24,Begusarai,GEN,Ram Padarath Yadav,M,BSP,BSP,9014,1778759
Bihar,2014,24,Begusarai,GEN,Sushil Kumar,M,IND,IND,11144,1778759
Bihar,2014,24,Begusarai,GEN,Vaij Nath Paswan,M,IND,IND,12143,1778759
Bihar,2014,24,Begusarai,GEN,None Of The Above,,NOTA,NOTA,26622,1778759
Bihar,2014,24,Begusarai,GEN,Rajendra Prasad Singh,M,CPI,CPI,192639,1778759
Bihar,2014,24,Begusarai,GEN,Md. Tanveer Hassan,M,RJD,RJD,369892,1778759
Bihar,2014,24,Begusarai,GEN,Bhola Singh,M,BJP,BJP,428227,1778759
Bihar,2014,25,Khagaria,GEN,Tej Bahadur Singh,M,PSS,PSS,4053,1506587
Bihar,2014,25,Khagaria,GEN,Ganesh Mukhiya Nishad,M,SKLP,SKLP,4522,1506587
Bihar,2014,25,Khagaria,GEN,Brahamdeo Mukhia,M,RND,RND,5215,1506587
Bihar,2014,25,Khagaria,GEN,Rajeev Ranjan,M,LD,LD,5722,1506587
Bihar,2014,25,Khagaria,GEN,Rajesh Kumar,M,BSP,BSP,6480,1506587
Bihar,2014,25,Khagaria,GEN,Makkhan Sah,M,SJP(R),SJP(R),6651,1506587
Bihar,2014,25,Khagaria,GEN,Satish Prasad Singh,M,IND,IND,13888,1506587
Bihar,2014,25,Khagaria,GEN,Dr. Swami Vivekanand,M,AAAP,AAAP,14491,1506587
Bihar,2014,25,Khagaria,GEN,Umesh Chandra Bharti,M,IND,IND,14926,1506587
Bihar,2014,25,Khagaria,GEN,None Of The Above,,NOTA,NOTA,23868,1506587
Bihar,2014,25,Khagaria,GEN,Jagdish Chandra Vasu,M,CPM,CPM,24490,1506587
Bihar,2014,25,Khagaria,GEN,Dinesh Chandra Yadav,M,JD(U),JD(U),220316,1506587
Bihar,2014,25,Khagaria,GEN,Krishna Kumari Yadav,F,RJD,RJD,237803,1506587
Bihar,2014,25,Khagaria,GEN,Choudhary Mahboob Ali Kaiser,M,LJP,LJP,313806,1506587
Bihar,2014,26,Bhagalpur,GEN,Purosottam Choubey,M,SP,SP,2416,1685339
Bihar,2014,26,Bhagalpur,GEN,Viren Das,M,SaBP,SaBP,3005,1685339
Bihar,2014,26,Bhagalpur,GEN,Nishi Kant Mandal,M,BMUP,BMUP,3147,1685339
Bihar,2014,26,Bhagalpur,GEN,Gaurav Kumar Ghosh,M,NTP,NTP,3251,1685339
Bihar,2014,26,Bhagalpur,GEN,Suman Kumar,M,IND,IND,3444,1685339
Bihar,2014,26,Bhagalpur,GEN,Anand Kumar Jain,M,IND,IND,4734,1685339
Bihar,2014,26,Bhagalpur,GEN,Ranjan Kumar,M,IND,IND,5165,1685339
Bihar,2014,26,Bhagalpur,GEN,Rinki Kumari,F,CPI(ML)(L),CPI(ML)(L),5778,1685339
Bihar,2014,26,Bhagalpur,GEN,Prof. Yogendra Mahto,M,AAAP,AAAP,5830,1685339
Bihar,2014,26,Bhagalpur,GEN,Sikandar Tanti,M,IND,IND,7122,1685339
Bihar,2014,26,Bhagalpur,GEN,Kumkum Singh,F,BVM,BVM,8025,1685339
Bihar,2014,26,Bhagalpur,GEN,Mahadeo Kumar,M,IND,IND,9295,1685339
Bihar,2014,26,Bhagalpur,GEN,Naushaba Khanam,F,BSP,BSP,11265,1685339
Bihar,2014,26,Bhagalpur,GEN,None Of The Above,,NOTA,NOTA,11875,1685339
Bihar,2014,26,Bhagalpur,GEN,Indradeo Kumar Singh,M,IND,IND,12710,1685339
Bihar,2014,26,Bhagalpur,GEN,Ramjee Mandal,M,IND,IND,18937,1685339
Bihar,2014,26,Bhagalpur,GEN,Abu Qaiser,M,JD(U),JD(U),132256,1685339
Bihar,2014,26,Bhagalpur,GEN,Syed Shahnawaz Hussain,M,BJP,BJP,358138,1685339
Bihar,2014,26,Bhagalpur,GEN,Shailesh Kumar Urph Bulo Mandal,M,RJD,RJD,367623,1685339
Bihar,2014,27,Banka,GEN,Umakant Yadav,M,BMUP,BMUP,2266,1549456
Bihar,2014,27,Banka,GEN,Mahboob Alam Ansari,M,BMF,BMF,2280,1549456
Bihar,2014,27,Banka,GEN,Mukesh Kumar Sinha,M,BEMP,BEMP,2405,1549456
Bihar,2014,27,Banka,GEN,Deepak Kumar,M,SUCI,SUCI,2481,1549456
Bihar,2014,27,Banka,GEN,Mithlesh Kumar Singh,M,NLP,NLP,2977,1549456
Bihar,2014,27,Banka,GEN,Vijay Bharti,M,ravp,ravp,4317,1549456
Bihar,2014,27,Banka,GEN,Subodh Narayan Jha,M,AITC,AITC,4412,1549456
Bihar,2014,27,Banka,GEN,Akhil Bhartiya Sharma,M,IND,IND,4721,1549456
Bihar,2014,27,Banka,GEN,Niraj Kumar,M,AAAP,AAAP,6058,1549456
Bihar,2014,27,Banka,GEN,None Of The Above,,NOTA,NOTA,9753,1549456
Bihar,2014,27,Banka,GEN,Sanjay Kumar-Ii,M,BSP,BSP,10558,1549456
Bihar,2014,27,Banka,GEN,Sargun Sah,M,IND,IND,11056,1549456
Bihar,2014,27,Banka,GEN,Indraraj Singh Saini,M,IND,IND,11520,1549456
Bihar,2014,27,Banka,GEN,Alimuddin Ansari,M,IND,IND,12871,1549456
Bihar,2014,27,Banka,GEN,Naresh Kumar Priyadarshi,M,IND,IND,30814,1549456
Bihar,2014,27,Banka,GEN,Sanjay Kumar -I,M,CPI,CPI,220708,1549456
Bihar,2014,27,Banka,GEN,Putul Kumari,F,BJP,BJP,275006,1549456
Bihar,2014,27,Banka,GEN,Jai Prakash Narayan Yadav,M,RJD,RJD,285150,1549456
Bihar,2014,28,Munger,GEN,Shankar Prasad,M,BMUP,BMUP,3956,1719984
Bihar,2014,28,Munger,GEN,Pramod Kumar,M,SUCI,SUCI,4710,1719984
Bihar,2014,28,Munger,GEN,Suryoday Paswan,M,SaBP,SaBP,5113,1719984
Bihar,2014,28,Munger,GEN,Ram Badan Rai,M,SP,SP,6769,1719984
Bihar,2014,28,Munger,GEN,Sandeep,M,AAAP,AAAP,7481,1719984
Bihar,2014,28,Munger,GEN,Sharwan Kumar Anand,M,IND,IND,8112,1719984
Bihar,2014,28,Munger,GEN,Muzaffar Fakhruddin,M,IND,IND,10264,1719984
Bihar,2014,28,Munger,GEN,Uchit Kumar,M,IND,IND,11122,1719984
Bihar,2014,28,Munger,GEN,Kamleshwari Mandal,M,BSP,BSP,11225,1719984
Bihar,2014,28,Munger,GEN,None Of The Above,,NOTA,NOTA,15420,1719984
Bihar,2014,28,Munger,GEN,Ashok Kumar Singh,M,SHS,SHS,50469,1719984
Bihar,2014,28,Munger,GEN,Pragati Mehta,M,RJD,RJD,182971,1719984
Bihar,2014,28,Munger,GEN,Rajiv Ranjan Singh Alias Lalan Singh,M,JD(U),JD(U),243827,1719984
Bihar,2014,28,Munger,GEN,Veena Devi,F,LJP,LJP,352911,1719984
Bihar,2014,29,Nalanda,GEN,Bhola Sao,M,KVD,KVD,2213,1951967
Bihar,2014,29,Nalanda,GEN,Lata Sinha,F,IND,IND,2237,1951967
Bihar,2014,29,Nalanda,GEN,Niraj Sharma,M,ravp,ravp,2342,1951967
Bihar,2014,29,Nalanda,GEN,Vishwajit Kumar,M,IND,IND,2604,1951967
Bihar,2014,29,Nalanda,GEN,Pramod Kumar Nirala,M,SaBP,SaBP,2779,1951967
Bihar,2014,29,Nalanda,GEN,Naresh Prasad Singh,M,IND,IND,3620,1951967
Bihar,2014,29,Nalanda,GEN,Mahesh Paswan,M,BBMP,BBMP,4236,1951967
Bihar,2014,29,Nalanda,GEN,Yogendra Prasad,M,BIP,BIP,4600,1951967
Bihar,2014,29,Nalanda,GEN,Nayeb Ali,M,AITC,AITC,4613,1951967
Bihar,2014,29,Nalanda,GEN,None Of The Above,,NOTA,NOTA,5452,1951967
Bihar,2014,29,Nalanda,GEN,Munna Prasad,M,IND,IND,6048,1951967
Bihar,2014,29,Nalanda,GEN,Awadh Kumar,M,IND,IND,6346,1951967
Bihar,2014,29,Nalanda,GEN,Lallu Ram,M,BMUP,BMUP,6788,1951967
Bihar,2014,29,Nalanda,GEN,Kaushal Kumar Kaushalendra Sinha Alias Bharat Manas,M,IND,IND,7472,1951967
Bihar,2014,29,Nalanda,GEN,Dhirendra Kumar,M,JPS,JPS,8757,1951967
Bihar,2014,29,Nalanda,GEN,Rakesh Ranjan Sinha,M,RPI(A),RPI(A),13381,1951967
Bihar,2014,29,Nalanda,GEN,Shailesh Kumar,M,APCP,APCP,15370,1951967
Bihar,2014,29,Nalanda,GEN,Parnav Prakash,M,AAAP,AAAP,18224,1951967
Bihar,2014,29,Nalanda,GEN,Shashi Yadav,F,CPI(ML)(L),CPI(ML)(L),19477,1951967
Bihar,2014,29,Nalanda,GEN,Sanjay Kumar,M,BSP,BSP,23595,1951967
Bihar,2014,29,Nalanda,GEN,Ashish Ranjan Sinha,M,INC,INC,127270,1951967
Bihar,2014,29,Nalanda,GEN,Satya Nand Sharma,M,LJP,LJP,312355,1951967
Bihar,2014,29,Nalanda,GEN,Kaushlendra Kumar,M,JD(U),JD(U),321982,1951967
Bihar,2014,30,Patna Sahib,GEN,Vijay Kumar Sahni,M,IND,IND,1243,1946249
Bihar,2014,30,Patna Sahib,GEN,Shyam Nandan Prasad,M,IND,IND,1834,1946249
Bihar,2014,30,Patna Sahib,GEN,Jauhar Azad,M,JDR,JDR,1834,1946249
Bihar,2014,30,Patna Sahib,GEN,Parwez Ahmad,M,LKJP,LKJP,1856,1946249
Bihar,2014,30,Patna Sahib,GEN,Gajendra Kumar,M,SaBP,SaBP,2166,1946249
Bihar,2014,30,Patna Sahib,GEN,Anil Kumar,M,IND,IND,2478,1946249
Bihar,2014,30,Patna Sahib,GEN,Lal Bahadur Singh Patel,M,KVD,KVD,2502,1946249
Bihar,2014,30,Patna Sahib,GEN,Dr. Rakesh Dutta Mishra,M,BJKD,BJKD,2687,1946249
Bihar,2014,30,Patna Sahib,GEN,Kumar Rajiv,M,IND,IND,2914,1946249
Bihar,2014,30,Patna Sahib,GEN,Chandra Bhushan Prasad Chandravanshi,M,BMUP,BMUP,3015,1946249
Bihar,2014,30,Patna Sahib,GEN,Shreekant Labh,M,SJP(R),SJP(R),3178,1946249
Bihar,2014,30,Patna Sahib,GEN,Nand Kishore Singh,M,IND,IND,6057,1946249
Bihar,2014,30,Patna Sahib,GEN,None Of The Above,,NOTA,NOTA,7727,1946249
Bihar,2014,30,Patna Sahib,GEN,Ganga Vishnu Prasad,M,IND,IND,8834,1946249
Bihar,2014,30,Patna Sahib,GEN,Ganesh Saw,M,BSP,BSP,9691,1946249
Bihar,2014,30,Patna Sahib,GEN,Umesh Kumar,M,SP,SP,10836,1946249
Bihar,2014,30,Patna Sahib,GEN,Parveen Amanullah,F,AAAP,AAAP,16381,1946249
Bihar,2014,30,Patna Sahib,GEN,Dr.Gopal Prasad Sinha,M,JD(U),JD(U),91024,1946249
Bihar,2014,30,Patna Sahib,GEN,Kunal Singh,M,INC,INC,220100,1946249
Bihar,2014,30,Patna Sahib,GEN,Shatrughana Sinha,M,BJP,BJP,485905,1946249
Bihar,2014,31,Pataliputra,GEN,Minendra Kumar Singh,M,IND,IND,1697,1736074
Bihar,2014,31,Pataliputra,GEN,Chandra Dev Prasad,M,BMUP,BMUP,2268,1736074
Bihar,2014,31,Pataliputra,GEN,Deo Kumar Verma,M,RPI(A),RPI(A),2484,1736074
Bihar,2014,31,Pataliputra,GEN,Pancham Lal,M,IND,IND,2520,1736074
Bihar,2014,31,Pataliputra,GEN,Mukul Kumar Sharma,M,SaBP,SaBP,3015,1736074
Bihar,2014,31,Pataliputra,GEN,Nagendra Kumar,M,BVM,BVM,4302,1736074
Bihar,2014,31,Pataliputra,GEN,Sunil Kumar Singh,M,IND,IND,4555,1736074
Bihar,2014,31,Pataliputra,GEN,None Of The Above,,NOTA,NOTA,4678,1736074
Bihar,2014,31,Pataliputra,GEN,Jai Prakash Yadav,M,IND,IND,4804,1736074
Bihar,2014,31,Pataliputra,GEN,Kumar Indra Bhushan,M,IND,IND,5412,1736074
Bihar,2014,31,Pataliputra,GEN,Kundan Prasad Singh,M,AAAP,AAAP,5637,1736074
Bihar,2014,31,Pataliputra,GEN,Abinash Kumar,M,BJKD,BJKD,5854,1736074
Bihar,2014,31,Pataliputra,GEN,Sunil Kumar,M,SJP(R),SJP(R),6269,1736074
Bihar,2014,31,Pataliputra,GEN,Niraj Kumar,M,IND,IND,8084,1736074
Bihar,2014,31,Pataliputra,GEN,Shatrudhan Saw,M,BED,BED,8184,1736074
Bihar,2014,31,Pataliputra,GEN,Durgesh Nandan Singh Alias Durgesh Nandan,M,IND,IND,16645,1736074
Bihar,2014,31,Pataliputra,GEN,Raj Kumar Ram,M,BSP,BSP,17188,1736074
Bihar,2014,31,Pataliputra,GEN,Rameshwar Prasad,M,CPI(ML)(L),CPI(ML)(L),51623,1736074
Bihar,2014,31,Pataliputra,GEN,Ranjan Prasad Yadav,M,JD(U),JD(U),97228,1736074
Bihar,2014,31,Pataliputra,GEN,Misha Bharti,F,RJD,RJD,342940,1736074
Bihar,2014,31,Pataliputra,GEN,Ram Kripal Yadav,M,BJP,BJP,383262,1736074
Bihar,2014,32,Arrah,GEN,Shankar Dayal Paswan,M,IND,IND,5610,1824515
Bihar,2014,32,Arrah,GEN,Shambhu Prasad Sharma,M,HVD,HVD,5680,1824515
Bihar,2014,32,Arrah,GEN,Gopal Singh,M,IND,IND,5879,1824515
Bihar,2014,32,Arrah,GEN,Baijnath Yadav,M,BMUP,BMUP,6886,1824515
Bihar,2014,32,Arrah,GEN,Ashok Ram,M,IND,IND,7305,1824515
Bihar,2014,32,Arrah,GEN,Dr. Surendra Kumar Prasad,M,AAAP,AAAP,7518,1824515
Bihar,2014,32,Arrah,GEN,Ramesh Chandra Badal,M,BSP,BSP,7637,1824515
Bihar,2014,32,Arrah,GEN,Bharat Bhushan Pandey,M,ABJS,ABJS,10950,1824515
Bihar,2014,32,Arrah,GEN,None Of The Above,,NOTA,NOTA,14703,1824515
Bihar,2014,32,Arrah,GEN,Meena Singh,F,JD(U),JD(U),75962,1824515
Bihar,2014,32,Arrah,GEN,Raju Yadav,M,CPI(ML)(L),CPI(ML)(L),98805,1824515
Bihar,2014,32,Arrah,GEN,Sribhagwan Singh Kushwaha,M,RJD,RJD,255204,1824515
Bihar,2014,32,Arrah,GEN,Raj Kumar Singh,M,BJP,BJP,391074,1824515
Bihar,2014,33,Buxar,GEN,Monibur Rahman,M,JDR,JDR,1864,1640671
Bihar,2014,33,Buxar,GEN,Parshuram Prasad,M,BMUP,BMUP,2066,1640671
Bihar,2014,33,Buxar,GEN,Tafir Hussian,M,HVD,HVD,2241,1640671
Bihar,2014,33,Buxar,GEN,Rajendra Kumar Singh Chouhan,M,BVM,BVM,2740,1640671
Bihar,2014,33,Buxar,GEN,Shio Kumar Sharma,M,JPS,JPS,3437,1640671
Bihar,2014,33,Buxar,GEN,Lallan Rupnarain Pathak,M,IND,IND,5294,1640671
Bihar,2014,33,Buxar,GEN,Narendra Pratap Singh,M,IND,IND,6130,1640671
Bihar,2014,33,Buxar,GEN,Pradeep Kumar Prasad,M,PMSP,PMSP,6901,1640671
Bihar,2014,33,Buxar,GEN,Mokarram Hussain,M,SBSP,SBSP,7514,1640671
Bihar,2014,33,Buxar,GEN,Sweta Pathak,F,AAAP,AAAP,7879,1640671
Bihar,2014,33,Buxar,GEN,None Of The Above,,NOTA,NOTA,9179,1640671
Bihar,2014,33,Buxar,GEN,Sheo Gopal Choudhary,M,IND,IND,12422,1640671
Bihar,2014,33,Buxar,GEN,Indu Singh,F,CPI(ML)(L),CPI(ML)(L),13051,1640671
Bihar,2014,33,Buxar,GEN,Shyam Lal Singh Kushwaha,M,JD(U),JD(U),117012,1640671
Bihar,2014,33,Buxar,GEN,Dadan Yadav,M,BSP,BSP,184788,1640671
Bihar,2014,33,Buxar,GEN,Jagadanand Singh,M,RJD,RJD,186674,1640671
Bihar,2014,33,Buxar,GEN,Ashwini Kumar Choubey,M,BJP,BJP,319012,1640671
Bihar,2014,34,Sasaram (Sc),SC,Nand Lal Ram,M,IND,IND,2808,1607747
Bihar,2014,34,Sasaram (Sc),SC,Saroj Ram,M,BMUP,BMUP,3906,1607747
Bihar,2014,34,Sasaram (Sc),SC,Ravikant Chaudhary,M,IND,IND,3980,1607747
Bihar,2014,34,Sasaram (Sc),SC,Rajnarain Rao,M,IND,IND,4395,1607747
Bihar,2014,34,Sasaram (Sc),SC,Surendra Ram,M,IND,IND,6144,1607747
Bihar,2014,34,Sasaram (Sc),SC,Tetri Devi,F,CPI(ML)(L),CPI(ML)(L),7486,1607747
Bihar,2014,34,Sasaram (Sc),SC,Geeta Arya,F,AAAP,AAAP,11005,1607747
Bihar,2014,34,Sasaram (Sc),SC,None Of The Above,,NOTA,NOTA,13379,1607747
Bihar,2014,34,Sasaram (Sc),SC,Baleshwar Bharti,M,BSP,BSP,31528,1607747
Bihar,2014,34,Sasaram (Sc),SC,Karra Parasu Ramaiah,M,JD(U),JD(U),93310,1607747
Bihar,2014,34,Sasaram (Sc),SC,Meira Kumar,F,INC,INC,302760,1607747
Bihar,2014,34,Sasaram (Sc),SC,Chhedi Paswan,M,BJP,BJP,366087,1607747
Bihar,2014,35,Karakat,GEN,Imran Ali,M,IND,IND,2048,1580558
Bihar,2014,35,Karakat,GEN,Dinesh Kumar,M,BMUP,BMUP,2359,1580558
Bihar,2014,35,Karakat,GEN,Md. Dilbas Ansari,M,IND,IND,2813,1580558
Bihar,2014,35,Karakat,GEN,Veena Bharti,F,JPS,JPS,4002,1580558
Bihar,2014,35,Karakat,GEN,Rajani Dubey,F,ABJS,ABJS,4795,1580558
Bihar,2014,35,Karakat,GEN,Ram Dayal Singh,M,IND,IND,5459,1580558
Bihar,2014,35,Karakat,GEN,Ghulam Kundanam,M,AAAP,AAAP,6938,1580558
Bihar,2014,35,Karakat,GEN,Bhairaw Dayal Singh,M,IND,IND,6974,1580558
Bihar,2014,35,Karakat,GEN,Pradeep Kumar Joshi,M,RSWD,RSWD,6994,1580558
Bihar,2014,35,Karakat,GEN,Satya Narayan Singh,M,IND,IND,9919,1580558
Bihar,2014,35,Karakat,GEN,None Of The Above,,NOTA,NOTA,10185,1580558
Bihar,2014,35,Karakat,GEN,Raja Ram Singh,M,CPI(ML)(L),CPI(ML)(L),32686,1580558
Bihar,2014,35,Karakat,GEN,Sanjay Kewat,M,BSP,BSP,45503,1580558
Bihar,2014,35,Karakat,GEN,Mahabali Singh,M,JD(U),JD(U),76709,1580558
Bihar,2014,35,Karakat,GEN,Kanti Singh,F,RJD,RJD,233651,1580558
Bihar,2014,35,Karakat,GEN,Upendra Kushwaha,M,BLSP,BLSP,338892,1580558
Bihar,2014,36,Jahanabad,GEN,Narendra Kumar,M,SHS,SHS,2136,1423246
Bihar,2014,36,Jahanabad,GEN,Parshuram Vind,M,BMUP,BMUP,2721,1423246
Bihar,2014,36,Jahanabad,GEN,Manju Devi,F,KVD,KVD,2826,1423246
Bihar,2014,36,Jahanabad,GEN,Rahul Ranjan,M,JMM,JMM,3521,1423246
Bihar,2014,36,Jahanabad,GEN,Chandra Bhushan Sharma,M,AAAP,AAAP,3711,1423246
Bihar,2014,36,Jahanabad,GEN,Suday Yadav,M,IND,IND,4202,1423246
Bihar,2014,36,Jahanabad,GEN,Md. Istiyak,M,AITC,AITC,6041,1423246
Bihar,2014,36,Jahanabad,GEN,Arjun Thakur,M,IND,IND,7757,1423246
Bihar,2014,36,Jahanabad,GEN,Manjay Kumar,M,IND,IND,8874,1423246
Bihar,2014,36,Jahanabad,GEN,None Of The Above,,NOTA,NOTA,10352,1423246
Bihar,2014,36,Jahanabad,GEN,Ravindra Singh,M,BSP,BSP,10580,1423246
Bihar,2014,36,Jahanabad,GEN,Nityanand Singh,M,IND,IND,10625,1423246
Bihar,2014,36,Jahanabad,GEN,Ramadhar Singh,M,CPI(ML)(L),CPI(ML)(L),34365,1423246
Bihar,2014,36,Jahanabad,GEN,Anil Kumar Sharma,M,JD(U),JD(U),100851,1423246
Bihar,2014,36,Jahanabad,GEN,Surendra Prasad Yadav,M,RJD,RJD,280307,1423246
Bihar,2014,36,Jahanabad,GEN,Dr. Arun Kumar,M,BLSP,BLSP,322647,1423246
Bihar,2014,37,Aurangabad,GEN,Rita Devi,F,SP,SP,3333,1536153
Bihar,2014,37,Aurangabad,GEN,Durga Thakur,M,IND,IND,3696,1536153
Bihar,2014,37,Aurangabad,GEN,Usha Sharan,F,SSD,SSD,4608,1536153
Bihar,2014,37,Aurangabad,GEN,Rakesh Sharma,M,IND,IND,5726,1536153
Bihar,2014,37,Aurangabad,GEN,Bijeet Kumar,M,IND,IND,6121,1536153
Bihar,2014,37,Aurangabad,GEN,Ragini Lata Singh,F,AAAP,AAAP,6703,1536153
Bihar,2014,37,Aurangabad,GEN,Ramji Singh,M,IND,IND,7195,1536153
Bihar,2014,37,Aurangabad,GEN,Somaru Paswan,M,IND,IND,8678,1536153
Bihar,2014,37,Aurangabad,GEN,Upendra Nath,M,BMUP,BMUP,9255,1536153
Bihar,2014,37,Aurangabad,GEN,None Of The Above,,NOTA,NOTA,17454,1536153
Bihar,2014,37,Aurangabad,GEN,Santosh Kumar,M,BSP,BSP,27833,1536153
Bihar,2014,37,Aurangabad,GEN,Bagi Kumar Verma,M,JD(U),JD(U),136137,1536153
Bihar,2014,37,Aurangabad,GEN,Nikhil Kumar,M,INC,INC,241594,1536153
Bihar,2014,37,Aurangabad,GEN,Sushil Kumar Singh,M,BJP,BJP,307941,1536153
Bihar,2014,38,Gaya (Sc),SC,Indra Deo Choudhary,M,BMUP,BMUP,5544,1501521
Bihar,2014,38,Gaya (Sc),SC,Shiv Shankar Kumar,M,BBMP,BBMP,5924,1501521
Bihar,2014,38,Gaya (Sc),SC,Mamta Kumari,F,SP,SP,6065,1501521
Bihar,2014,38,Gaya (Sc),SC,Dhananjay Kishore,M,AAAP,AAAP,7312,1501521
Bihar,2014,38,Gaya (Sc),SC,Bhuneswar Das,M,RAHM,RAHM,7549,1501521
Bihar,2014,38,Gaya (Sc),SC,Niranjan Kumar,M,CPI(ML)(L),CPI(ML)(L),7624,1501521
Bihar,2014,38,Gaya (Sc),SC,Kapil Choudhary,M,AITC,AITC,9004,1501521
Bihar,2014,38,Gaya (Sc),SC,Shiv Kumar Kant,M,BSP,BSP,16028,1501521
Bihar,2014,38,Gaya (Sc),SC,None Of The Above,,NOTA,NOTA,19030,1501521
Bihar,2014,38,Gaya (Sc),SC,Dr. Dev Kumar Choudhary,M,IND,IND,19651,1501521
Bihar,2014,38,Gaya (Sc),SC,Ashok Kumar,M,JMM,JMM,36863,1501521
Bihar,2014,38,Gaya (Sc),SC,Jitan Ram Manjhi,M,JD(U),JD(U),131828,1501521
Bihar,2014,38,Gaya (Sc),SC,Ramji Manjhi,M,RJD,RJD,210726,1501521
Bihar,2014,38,Gaya (Sc),SC,Hari Manjhi,M,BJP,BJP,326230,1501521
Bihar,2014,39,Nawada,GEN,Pramendra Kumar Yadav,M,BED,BED,1650,1694895
Bihar,2014,39,Nawada,GEN,Umakant Rahi,M,SSD,SSD,2169,1694895
Bihar,2014,39,Nawada,GEN,Ashok Kumar,M,ravp,ravp,2596,1694895
Bihar,2014,39,Nawada,GEN,Mohammad Jahid Husain,M,AITC,AITC,3138,1694895
Bihar,2014,39,Nawada,GEN,Vijay Ram,M,MOSP,MOSP,3291,1694895
Bihar,2014,39,Nawada,GEN,Azad Geeta Prasad Sharma,M,IND,IND,3568,1694895
Bihar,2014,39,Nawada,GEN,Surendra Rajbanshi,M,SP,SP,3612,1694895
Bihar,2014,39,Nawada,GEN,Aditya Narayan,M,IND,IND,3743,1694895
Bihar,2014,39,Nawada,GEN,Rajendra Singh,M,AAAP,AAAP,4057,1694895
Bihar,2014,39,Nawada,GEN,Manish Kumar,M,IND,IND,6443,1694895
Bihar,2014,39,Nawada,GEN,Satish Kumar,M,IND,IND,6736,1694895
Bihar,2014,39,Nawada,GEN,Shulochana Devi,F,IND,IND,7324,1694895
Bihar,2014,39,Nawada,GEN,None Of The Above,,NOTA,NOTA,7489,1694895
Bihar,2014,39,Nawada,GEN,Sohail Anwer,M,BSP,BSP,7997,1694895
Bihar,2014,39,Nawada,GEN,Safdar Ismail,M,IND,IND,12072,1694895
Bihar,2014,39,Nawada,GEN,Kaushal Yadav,M,JD(U),JD(U),168217,1694895
Bihar,2014,39,Nawada,GEN,Raj Ballabh Prasad,M,RJD,RJD,250091,1694895
Bihar,2014,39,Nawada,GEN,Giriraj Singh,M,BJP,BJP,390248,1694895
Bihar,2014,40,Jamui (Sc),SC,Jay Prakash Das,M,CPI(ML)(L),CPI(ML)(L),6253,1550936
Bihar,2014,40,Jamui (Sc),SC,Vishun Choudhary,M,SHS,SHS,7147,1550936
Bihar,2014,40,Jamui (Sc),SC,Vinod Kumar Das,M,AAAP,AAAP,7159,1550936
Bihar,2014,40,Jamui (Sc),SC,Dilip Kumar,M,IND,IND,7635,1550936
Bihar,2014,40,Jamui (Sc),SC,Manoj Kumar Manjhi,M,IND,IND,8360,1550936
Bihar,2014,40,Jamui (Sc),SC,Subhash Paswan,M,IND,IND,10452,1550936
Bihar,2014,40,Jamui (Sc),SC,Upendra Ravidas,M,JMM,JMM,10748,1550936
Bihar,2014,40,Jamui (Sc),SC,Brahmdev Anand Paswan,M,BSP,BSP,15008,1550936
Bihar,2014,40,Jamui (Sc),SC,None Of The Above,,NOTA,NOTA,19517,1550936
Bihar,2014,40,Jamui (Sc),SC,Uday Narain Choudhary,M,JD(U),JD(U),198599,1550936
Bihar,2014,40,Jamui (Sc),SC,Sudhansu Shekhar Bhaskar,M,RJD,RJD,199407,1550936
Bihar,2014,40,Jamui (Sc),SC,Chirag Kumar Paswan,M,LJP,LJP,285354,1550936
Chandigarh,2014,1,Chandigarh,GEN,Jasmer Singh,M,IND,IND,389,615214
Chandigarh,2014,1,Chandigarh,GEN,Amarjit Kaur,F,IND,IND,397,615214
Chandigarh,2014,1,Chandigarh,GEN,Surinder Bhardwaj,M,JD(U),JD(U),434,615214
Chandigarh,2014,1,Chandigarh,GEN,Surender Kumar,M,BMUP,BMUP,550,615214
Chandigarh,2014,1,Chandigarh,GEN,Dharmender Singh,M,HEP,HEP,566,615214
Chandigarh,2014,1,Chandigarh,GEN,Deepak Shukla,M,IND,IND,613,615214
Chandigarh,2014,1,Chandigarh,GEN,Khem Lal Bansal,M,IVD,IVD,640,615214
Chandigarh,2014,1,Chandigarh,GEN,Ajay Singla,M,IND,IND,660,615214
Chandigarh,2014,1,Chandigarh,GEN,Ramesh Chander,M,IND,IND,743,615214
Chandigarh,2014,1,Chandigarh,GEN,Pawan Kumar Sharma,M,IND,IND,997,615214
Chandigarh,2014,1,Chandigarh,GEN,Kawaljit Singh,M,CPI(ML)(L),CPI(ML)(L),1968,615214
Chandigarh,2014,1,Chandigarh,GEN,Shamsher Singh,M,IND,IND,2054,615214
Chandigarh,2014,1,Chandigarh,GEN,Reena Sharma,F,IND,IND,2643,615214
Chandigarh,2014,1,Chandigarh,GEN,None Of The Above,,NOTA,NOTA,3106,615214
Chandigarh,2014,1,Chandigarh,GEN,Jannat Jahan-Ul-Haq (Naina),F,BSP,BSP,15934,615214
Chandigarh,2014,1,Chandigarh,GEN,Gulkirat Kaur Panag (Gul Panag),F,AAAP,AAAP,108679,615214
Chandigarh,2014,1,Chandigarh,GEN,Pawan Kumar Bansal,M,INC,INC,121720,615214
Chandigarh,2014,1,Chandigarh,GEN,Kirron Kher,F,BJP,BJP,191362,615214
Chhattisgarh,2014,1,Sarguja,ST,Advocate Kunj Bihari Singh Paikra,M,BMUP,BMUP,4998,1523022
Chhattisgarh,2014,1,Sarguja,ST,Ramnath Chearwa,M,SSD,SSD,6051,1523022
Chhattisgarh,2014,1,Sarguja,ST,Kumait Ram Sandil,M,IND,IND,6146,1523022
Chhattisgarh,2014,1,Sarguja,ST,Shivkumar Singh Shyam,M,RGOP,RGOP,7374,1523022
Chhattisgarh,2014,1,Sarguja,ST,Dubraj Singh Markam,M,IND,IND,7577,1523022
Chhattisgarh,2014,1,Sarguja,ST,Bahadur Ram,M,IND,IND,10861,1523022
Chhattisgarh,2014,1,Sarguja,ST,Tuleshwar Singh,M,AITC,AITC,11384,1523022
Chhattisgarh,2014,1,Sarguja,ST,Ramasapna Singh,F,APoI,APoI,11691,1523022
Chhattisgarh,2014,1,Sarguja,ST,Baldeo Prasad Singh Maravi,M,GGP,GGP,14702,1523022
Chhattisgarh,2014,1,Sarguja,ST,Comrade Surendra Lal Singh,M,CPM,CPM,14849,1523022
Chhattisgarh,2014,1,Sarguja,ST,Rajnath,M,IND,IND,15515,1523022
Chhattisgarh,2014,1,Sarguja,ST,Dharmjeet Singh Markam,M,BSP,BSP,21633,1523022
Chhattisgarh,2014,1,Sarguja,ST,None Of The Above,,NOTA,NOTA,31104,1523022
Chhattisgarh,2014,1,Sarguja,ST,Ram Dev Ram,M,INC,INC,438100,1523022
Chhattisgarh,2014,1,Sarguja,ST,Kamalbhan Singh Marabi,M,BJP,BJP,585336,1523022
Chhattisgarh,2014,2,Raigarh,ST,Paulus Kujur,M,BMUP,BMUP,5094,1626949
Chhattisgarh,2014,2,Raigarh,ST,Joseph Bara,M,IND,IND,5168,1626949
Chhattisgarh,2014,2,Raigarh,ST,Amrit Tirkey,M,IND,IND,7975,1626949
Chhattisgarh,2014,2,Raigarh,ST,Dhananjay Rathiya,M,IND,IND,8046,1626949
Chhattisgarh,2014,2,Raigarh,ST,Ram Narayan Ayam,M,APoI,APoI,8747,1626949
Chhattisgarh,2014,2,Raigarh,ST,Bajarang Sidar,M,IND,IND,11098,1626949
Chhattisgarh,2014,2,Raigarh,ST,Kriparam Sidar,M,GGP,GGP,11227,1626949
Chhattisgarh,2014,2,Raigarh,ST,Tara Singh Rathiya,M,AAAP,AAAP,12133,1626949
Chhattisgarh,2014,2,Raigarh,ST,Prakash Kumar Uranw,M,IND,IND,12860,1626949
Chhattisgarh,2014,2,Raigarh,ST,Kripa Shankar Bhagat,M,BSP,BSP,27152,1626949
Chhattisgarh,2014,2,Raigarh,ST,None Of The Above,,NOTA,NOTA,28480,1626949
Chhattisgarh,2014,2,Raigarh,ST,Arti Singh,F,INC,INC,445728,1626949
Chhattisgarh,2014,2,Raigarh,ST,Vishnu Deo Sai,M,BJP,BJP,662478,1626949
Chhattisgarh,2014,3,Janjgir-Champa,SC,Kaushal Prasad Navarang,M,IND,IND,2724,1744201
Chhattisgarh,2014,3,Janjgir-Champa,SC,Nohar Singh Sonwani,M,SP,SP,2852,1744201
Chhattisgarh,2014,3,Janjgir-Champa,SC,Lakhan Lal Chauhan,M,BMUP,BMUP,2859,1744201
Chhattisgarh,2014,3,Janjgir-Champa,SC,Jagdish Prasad Nirala,M,IND,IND,2890,1744201
Chhattisgarh,2014,3,Janjgir-Champa,SC,Jeevan Lal Bharati,M,IND,IND,2962,1744201
Chhattisgarh,2014,3,Janjgir-Champa,SC,Chaitram Suryavanshi Adhiwakta,M,IND,IND,3208,1744201
Chhattisgarh,2014,3,Janjgir-Champa,SC,Deepak Narang,M,IND,IND,3977,1744201
Chhattisgarh,2014,3,Janjgir-Champa,SC,Premshankar Mahilange,M,IND,IND,5309,1744201
Chhattisgarh,2014,3,Janjgir-Champa,SC,Satyendra Bhandari,M,APoI,APoI,6275,1744201
Chhattisgarh,2014,3,Janjgir-Champa,SC,Lakhan Lal Lahre,M,IND,IND,7535,1744201
Chhattisgarh,2014,3,Janjgir-Champa,SC,Vrinda Chauhan,F,IND,IND,8982,1744201
Chhattisgarh,2014,3,Janjgir-Champa,SC,Dadoo Ram Manhar,M,AAAP,AAAP,16862,1744201
Chhattisgarh,2014,3,Janjgir-Champa,SC,None Of The Above,,NOTA,NOTA,18438,1744201
Chhattisgarh,2014,3,Janjgir-Champa,SC,Duj Ram Bouddh,M,BSP,BSP,125617,1744201
Chhattisgarh,2014,3,Janjgir-Champa,SC,Prem Chand Jayasi,M,INC,INC,343948,1744201
Chhattisgarh,2014,3,Janjgir-Champa,SC,Kamla Patle,F,BJP,BJP,518909,1744201
Chhattisgarh,2014,4,Korba,GEN,Shambhu Prasad Sharma Advocate,M,IND,IND,1808,1423729
Chhattisgarh,2014,4,Korba,GEN,Kamal Deo,M,BSCP,BSCP,1998,1423729
Chhattisgarh,2014,4,Korba,GEN,Rajesh Kumar Mahant,M,JD(U),JD(U),2333,1423729
Chhattisgarh,2014,4,Korba,GEN,Sekh Rauf,M,IND,IND,2422,1423729
Chhattisgarh,2014,4,Korba,GEN,Kewal Goswami,M,SP,SP,2478,1423729
Chhattisgarh,2014,4,Korba,GEN,Fatte Singh Shyam,M,IND,IND,2671,1423729
Chhattisgarh,2014,4,Korba,GEN,Mohan Lal Bargahi,M,IND,IND,2679,1423729
Chhattisgarh,2014,4,Korba,GEN,Rajendra Singh Kanwar,M,CSM,CSM,2700,1423729
Chhattisgarh,2014,4,Korba,GEN,Harbhajan Singh Shyam,M,IND,IND,2728,1423729
Chhattisgarh,2014,4,Korba,GEN,Dr.Urmila Singh Marko,F,RGOP,RGOP,2768,1423729
Chhattisgarh,2014,4,Korba,GEN,Rajesh Kumar Pandey,M,IND,IND,3676,1423729
Chhattisgarh,2014,4,Korba,GEN,Phuleshwar Prasad Surajiha,M,IND,IND,4111,1423729
Chhattisgarh,2014,4,Korba,GEN,Laxman Lal Kaiwart,M,chp,chp,4265,1423729
Chhattisgarh,2014,4,Korba,GEN,Chandra Bhushan Pratap Singh Kanwar,M,APoI,APoI,5238,1423729
Chhattisgarh,2014,4,Korba,GEN,S.R. Anchal,M,IND,IND,5657,1423729
Chhattisgarh,2014,4,Korba,GEN,Jata Shankar Panday,M,IND,IND,6461,1423729
Chhattisgarh,2014,4,Korba,GEN,Charan Bhaya,M,IND,IND,6919,1423729
Chhattisgarh,2014,4,Korba,GEN,None Of The Above,,NOTA,NOTA,8570,1423729
Chhattisgarh,2014,4,Korba,GEN,Pratap Bhanu,M,IND,IND,9495,1423729
Chhattisgarh,2014,4,Korba,GEN,Dhansingh Dhurve,M,BSP,BSP,14198,1423729
Chhattisgarh,2014,4,Korba,GEN,Amar Nath Pandey,M,AAAP,AAAP,14594,1423729
Chhattisgarh,2014,4,Korba,GEN,Jeevan Lal Raoutel,M,IND,IND,18459,1423729
Chhattisgarh,2014,4,Korba,GEN,Hirasingh Markam,M,GGP,GGP,52753,1423729
Chhattisgarh,2014,4,Korba,GEN,Charan Das Mahant,M,INC,INC,434737,1423729
Chhattisgarh,2014,4,Korba,GEN,Dr. Banshilal Mahto,M,BJP,BJP,439002,1423729
Chhattisgarh,2014,5,Bilaspur,GEN,Lakhan Lal Sahu,M,IND,IND,855,1729229
Chhattisgarh,2014,5,Bilaspur,GEN,Lakhan Lal Sahu,M,IND,IND,910,1729229
Chhattisgarh,2014,5,Bilaspur,GEN,Lakhanlal Sahu,M,IND,IND,910,1729229
Chhattisgarh,2014,5,Bilaspur,GEN,Dhaniram Khare,M,RP(K),RP(K),1287,1729229
Chhattisgarh,2014,5,Bilaspur,GEN,Lakhanlal Sahu,M,IND,IND,1458,1729229
Chhattisgarh,2014,5,Bilaspur,GEN,Rameshwar Kewat,M,IND,IND,1661,1729229
Chhattisgarh,2014,5,Bilaspur,GEN,Dhaniram Yadav,M,SP,SP,1706,1729229
Chhattisgarh,2014,5,Bilaspur,GEN,Ramji Sahu,M,CSM,CSM,1776,1729229
Chhattisgarh,2014,5,Bilaspur,GEN,Salikram Jogi,M,IND,IND,1836,1729229
Chhattisgarh,2014,5,Bilaspur,GEN,Manik Dahariya,M,IND,IND,2059,1729229
Chhattisgarh,2014,5,Bilaspur,GEN,Ajay Pali,M,IND,IND,2237,1729229
Chhattisgarh,2014,5,Bilaspur,GEN,Sarita Vijay Soni,F,IND,IND,2244,1729229
Chhattisgarh,2014,5,Bilaspur,GEN,Jaitram Khande,M,IND,IND,2369,1729229
Chhattisgarh,2014,5,Bilaspur,GEN,Dayadas Lahre,M,IND,IND,2988,1729229
Chhattisgarh,2014,5,Bilaspur,GEN,Ram Singh Pandram (Pendro),M,IND,IND,4034,1729229
Chhattisgarh,2014,5,Bilaspur,GEN,Ganesh Yadav,M,GGP,GGP,4279,1729229
Chhattisgarh,2014,5,Bilaspur,GEN,Eng. Ramfal Mandrey,M,APoI,APoI,4294,1729229
Chhattisgarh,2014,5,Bilaspur,GEN,Daosingh Maravi,M,IND,IND,5385,1729229
Chhattisgarh,2014,5,Bilaspur,GEN,Dilip Koshle,M,IND,IND,6911,1729229
Chhattisgarh,2014,5,Bilaspur,GEN,None Of The Above,,NOTA,NOTA,7566,1729229
Chhattisgarh,2014,5,Bilaspur,GEN,Dinesh Kumar Singh Khusro Nikhil,M,IND,IND,12024,1729229
Chhattisgarh,2014,5,Bilaspur,GEN,Baldau Prasad Sahu,M,IND,IND,13339,1729229
Chhattisgarh,2014,5,Bilaspur,GEN,Prakash Surya,M,IND,IND,14918,1729229
Chhattisgarh,2014,5,Bilaspur,GEN,Anand Mishra,M,AAAP,AAAP,20733,1729229
Chhattisgarh,2014,5,Bilaspur,GEN,Dharam Bhargav,M,BSP,BSP,26340,1729229
Chhattisgarh,2014,5,Bilaspur,GEN,Karuna Shukla,F,INC,INC,384951,1729229
Chhattisgarh,2014,5,Bilaspur,GEN,Lakhan Lal Sahu,M,BJP,BJP,561387,1729229
Chhattisgarh,2014,6,Rajnandgaon,GEN,Lodhi Seema Kaushik,F,SP,SP,3228,1591373
Chhattisgarh,2014,6,Rajnandgaon,GEN,Bhagat Soni,M,CSM,CSM,3636,1591373
Chhattisgarh,2014,6,Rajnandgaon,GEN,Murad Bhai,M,IND,IND,5255,1591373
Chhattisgarh,2014,6,Rajnandgaon,GEN,Khemraj Lodhi,M,IND,IND,5546,1591373
Chhattisgarh,2014,6,Rajnandgaon,GEN,Ramesh Yadav,M,IND,IND,5941,1591373
Chhattisgarh,2014,6,Rajnandgaon,GEN,Santosh Chandrakar,M,GGP,GGP,6007,1591373
Chhattisgarh,2014,6,Rajnandgaon,GEN,Bhaskar Dwivedi,M,AAAP,AAAP,10733,1591373
Chhattisgarh,2014,6,Rajnandgaon,GEN,Wamanrao Bagde,M,IND,IND,10891,1591373
Chhattisgarh,2014,6,Rajnandgaon,GEN,Sahukar Bhaskar,M,IND,IND,11478,1591373
Chhattisgarh,2014,6,Rajnandgaon,GEN,Narendra Bansod Advocate,M,APoI,APoI,11704,1591373
Chhattisgarh,2014,6,Rajnandgaon,GEN,Anand Sahu,M,BSP,BSP,20458,1591373
Chhattisgarh,2014,6,Rajnandgaon,GEN,None Of The Above,,NOTA,NOTA,32384,1591373
Chhattisgarh,2014,6,Rajnandgaon,GEN,Kamleshwar Verma,M,INC,INC,407562,1591373
Chhattisgarh,2014,6,Rajnandgaon,GEN,Abhishek Singh,M,BJP,BJP,643473,1591373
Chhattisgarh,2014,7,Durg,GEN,Baldau Prasad Sahu,M,IND,IND,859,1858922
Chhattisgarh,2014,7,Durg,GEN,Radha Bai Yadav,F,IND,IND,1011,1858922
Chhattisgarh,2014,7,Durg,GEN,Diwakar Bairagi,M,IND,IND,1150,1858922
Chhattisgarh,2014,7,Durg,GEN,Shitkaran Mahilvar,M,IND,IND,1225,1858922
Chhattisgarh,2014,7,Durg,GEN,Adhiwakta Narendra Gupta,M,bhmm,bhmm,1413,1858922
Chhattisgarh,2014,7,Durg,GEN,Bharat Bhushan Pandey,M,CPIM,CPIM,1427,1858922
Chhattisgarh,2014,7,Durg,GEN,Sarju Prasad Shukla,M,IND,IND,2114,1858922
Chhattisgarh,2014,7,Durg,GEN,Mannu Lal Parganiha,M,CSM,CSM,2159,1858922
Chhattisgarh,2014,7,Durg,GEN,A.K.Mohan,M,AITC,AITC,2284,1858922
Chhattisgarh,2014,7,Durg,GEN,Engg. Chandraprakash Mandle,M,IND,IND,2301,1858922
Chhattisgarh,2014,7,Durg,GEN,Jai Prakash Nair,M,CPI(ML)(L),CPI(ML)(L),2560,1858922
Chhattisgarh,2014,7,Durg,GEN,Sahetru Singh,M,IND,IND,2736,1858922
Chhattisgarh,2014,7,Durg,GEN,Hiralal Annant,M,IND,IND,2901,1858922
Chhattisgarh,2014,7,Durg,GEN,Shailendra Banjare (Shaktipurta),M,SSBD,SSBD,2904,1858922
Chhattisgarh,2014,7,Durg,GEN,Jinendra Ghritlahare,M,IND,IND,4537,1858922
Chhattisgarh,2014,7,Durg,GEN,Subodh Kumar Gupta,M,RPI(A),RPI(A),4711,1858922
Chhattisgarh,2014,7,Durg,GEN,Sheema Rahangdale,F,APoI,APoI,5104,1858922
Chhattisgarh,2014,7,Durg,GEN,Shrikant Shah,M,JD(U),JD(U),5340,1858922
Chhattisgarh,2014,7,Durg,GEN,Alfred Vikas Louise,M,IND,IND,7098,1858922
Chhattisgarh,2014,7,Durg,GEN,Kshitij Kumar Shambharkar,M,RP(K),RP(K),8120,1858922
Chhattisgarh,2014,7,Durg,GEN,Aatma Ram Sahu,M,SUCI,SUCI,10371,1858922
Chhattisgarh,2014,7,Durg,GEN,None Of The Above,,NOTA,NOTA,11907,1858922
Chhattisgarh,2014,7,Durg,GEN,Munna Chandrakar,M,BSP,BSP,15600,1858922
Chhattisgarh,2014,7,Durg,GEN,Arun Joshi,M,IND,IND,16529,1858922
Chhattisgarh,2014,7,Durg,GEN,Vishwa Ratna Sinha,M,AAAP,AAAP,17455,1858922
Chhattisgarh,2014,7,Durg,GEN,Saroj Pandey,F,BJP,BJP,553839,1858922
Chhattisgarh,2014,7,Durg,GEN,Tamradhwaj Sahu,M,INC,INC,570687,1858922
Chhattisgarh,2014,8,Raipur,GEN,Horilal Yadav,M,IND,IND,662,1904460
Chhattisgarh,2014,8,Raipur,GEN,Saiyyad Javed Ali,M,IND,IND,724,1904460
Chhattisgarh,2014,8,Raipur,GEN,Pravin Jain,M,IND,IND,729,1904460
Chhattisgarh,2014,8,Raipur,GEN,Teekam Kumar Tondare,M,IND,IND,741,1904460
Chhattisgarh,2014,8,Raipur,GEN,Basmati Kshatriya,F,IND,IND,817,1904460
Chhattisgarh,2014,8,Raipur,GEN,Moinudin Tanvar(Monu),M,IND,IND,922,1904460
Chhattisgarh,2014,8,Raipur,GEN,Imrran Pasha,M,AKAAD,AKAAD,937,1904460
Chhattisgarh,2014,8,Raipur,GEN,Tarzan Jangde,M,IND,IND,962,1904460
Chhattisgarh,2014,8,Raipur,GEN,Omprakash Meshram,M,RP(K),RP(K),1026,1904460
Chhattisgarh,2014,8,Raipur,GEN,Yasmin Beg,F,IND,IND,1086,1904460
Chhattisgarh,2014,8,Raipur,GEN,Madan Lal Sahu,M,CPIM,CPIM,1143,1904460
Chhattisgarh,2014,8,Raipur,GEN,Naresh Tandi,M,IND,IND,1329,1904460
Chhattisgarh,2014,8,Raipur,GEN,Bisahat Kurre,M,CPI(ML)(L),CPI(ML)(L),1365,1904460
Chhattisgarh,2014,8,Raipur,GEN,Meera Sharma,F,IND,IND,1405,1904460
Chhattisgarh,2014,8,Raipur,GEN,Naveen Gupta,M,SP,SP,1507,1904460
Chhattisgarh,2014,8,Raipur,GEN,Krishnanandan Singh,M,IND,IND,1527,1904460
Chhattisgarh,2014,8,Raipur,GEN,Mahesh Harpal,M,SSBD,SSBD,1562,1904460
Chhattisgarh,2014,8,Raipur,GEN,Ramkrishna Verma,M,IND,IND,1596,1904460
Chhattisgarh,2014,8,Raipur,GEN,Satanami Santosh Dahariya,M,IND,IND,1657,1904460
Chhattisgarh,2014,8,Raipur,GEN,Lalit Kumar Patel,M,IND,IND,2184,1904460
Chhattisgarh,2014,8,Raipur,GEN,Naarad Prasad Nishad,M,IND,IND,2215,1904460
Chhattisgarh,2014,8,Raipur,GEN,Kranti Chandrakar,M,IND,IND,2521,1904460
Chhattisgarh,2014,8,Raipur,GEN,Ramgopal Verma,M,AITC,AITC,2619,1904460
Chhattisgarh,2014,8,Raipur,GEN,Anil Kumar Umre,M,APoI,APoI,2700,1904460
Chhattisgarh,2014,8,Raipur,GEN,Shankar Lal Varandani,M,IND,IND,2726,1904460
Chhattisgarh,2014,8,Raipur,GEN,Rijhendra Dahariya,M,IND,IND,3398,1904460
Chhattisgarh,2014,8,Raipur,GEN,Umesh Kumar Verma,M,IND,IND,3527,1904460
Chhattisgarh,2014,8,Raipur,GEN,Kamaluddin,M,IND,IND,4316,1904460
Chhattisgarh,2014,8,Raipur,GEN,Ajay Verma,M,CSM,CSM,4963,1904460
Chhattisgarh,2014,8,Raipur,GEN,None Of The Above,,NOTA,NOTA,5796,1904460
Chhattisgarh,2014,8,Raipur,GEN,Abdul Safiq Khan,M,IND,IND,6250,1904460
Chhattisgarh,2014,8,Raipur,GEN,Shameem Khan,F,IND,IND,6750,1904460
Chhattisgarh,2014,8,Raipur,GEN,Om Prakash Dande,M,IND,IND,12699,1904460
Chhattisgarh,2014,8,Raipur,GEN,Guruji Virendra Kumar Dahariya,M,BSP,BSP,13147,1904460
Chhattisgarh,2014,8,Raipur,GEN,Sandeep Tiwari,M,AAAP,AAAP,15139,1904460
Chhattisgarh,2014,8,Raipur,GEN,Satya Narayan Sharma (Sattu Bhaiya),M,INC,INC,483276,1904460
Chhattisgarh,2014,8,Raipur,GEN,Ramesh Bais,M,BJP,BJP,654922,1904460
Chhattisgarh,2014,9,Mahasamund,GEN,Motilal Sahu,M,IND,IND,753,1516177
Chhattisgarh,2014,9,Mahasamund,GEN,Moti Lal Sahu,M,IND,IND,904,1516177
Chhattisgarh,2014,9,Mahasamund,GEN,Dev Prasad Kelkar,M,IND,IND,1053,1516177
Chhattisgarh,2014,9,Mahasamund,GEN,Gangadhar Patel,M,IND,IND,1279,1516177
Chhattisgarh,2014,9,Mahasamund,GEN,Dr. Rupanand Soi,M,IND,IND,1338,1516177
Chhattisgarh,2014,9,Mahasamund,GEN,Mohan Lal Patel,M,BSCP,BSCP,1395,1516177
Chhattisgarh,2014,9,Mahasamund,GEN,Vijay Kumar Patel,M,IND,IND,1523,1516177
Chhattisgarh,2014,9,Mahasamund,GEN,Chandu Ram Sahu,M,IND,IND,1628,1516177
Chhattisgarh,2014,9,Mahasamund,GEN,Patel Shri Dhar Chandrakar,M,AD,AD,1665,1516177
Chhattisgarh,2014,9,Mahasamund,GEN,Chanduram Sahu,M,IND,IND,2167,1516177
Chhattisgarh,2014,9,Mahasamund,GEN,Chandu Lal Sahu,M,IND,IND,2268,1516177
Chhattisgarh,2014,9,Mahasamund,GEN,Champa Lal Patel,M,IND,IND,2409,1516177
Chhattisgarh,2014,9,Mahasamund,GEN,Preeti Dhruw,F,GGP,GGP,3090,1516177
Chhattisgarh,2014,9,Mahasamund,GEN,Sukhnandan Deshkar,M,IND,IND,3670,1516177
Chhattisgarh,2014,9,Mahasamund,GEN,Chandu Ram Sahu,M,IND,IND,3732,1516177
Chhattisgarh,2014,9,Mahasamund,GEN,Hemant Pradhan,M,IND,IND,3911,1516177
Chhattisgarh,2014,9,Mahasamund,GEN,Chandoo Lal Sahu,M,IND,IND,4718,1516177
Chhattisgarh,2014,9,Mahasamund,GEN,Chandu Lal Sahu,M,IND,IND,5497,1516177
Chhattisgarh,2014,9,Mahasamund,GEN,Lakshman Masturiya,M,AAAP,AAAP,5524,1516177
Chhattisgarh,2014,9,Mahasamund,GEN,Abha Pandey (Gudia),F,CSM,CSM,5868,1516177
Chhattisgarh,2014,9,Mahasamund,GEN,Chandu Lal Sahu,M,IND,IND,7091,1516177
Chhattisgarh,2014,9,Mahasamund,GEN,None Of The Above,,NOTA,NOTA,9955,1516177
Chhattisgarh,2014,9,Mahasamund,GEN,Kanhaiya Lal Sahu,M,BSP,BSP,10600,1516177
Chhattisgarh,2014,9,Mahasamund,GEN,Chandu Lal Sahu,M,IND,IND,10797,1516177
Chhattisgarh,2014,9,Mahasamund,GEN,Chandu Lal Sahu,M,IND,IND,12308,1516177
Chhattisgarh,2014,9,Mahasamund,GEN,Chandu Lal Sahu,M,IND,IND,20255,1516177
Chhattisgarh,2014,9,Mahasamund,GEN,Ajit Jogi,M,INC,INC,502297,1516177
Chhattisgarh,2014,9,Mahasamund,GEN,Chandu Lal Sahu (Chandu Bhaiya),M,BJP,BJP,503514,1516177
Chhattisgarh,2014,10,Bastar,ST,Com. Devchand Duruv,M,CPIM,CPIM,6180,1298083
Chhattisgarh,2014,10,Bastar,ST,Shankar Thakur,M,SP,SP,8136,1298083
Chhattisgarh,2014,10,Bastar,ST,Arjun Singh Thakur,M,APoI,APoI,8966,1298083
Chhattisgarh,2014,10,Bastar,ST,Ad. Manbodh Baghel,M,BSP,BSP,9774,1298083
Chhattisgarh,2014,10,Bastar,ST,Soni Sori,F,AAAP,AAAP,16903,1298083
Chhattisgarh,2014,10,Bastar,ST,Bimala Sori,F,CPI,CPI,33883,1298083
Chhattisgarh,2014,10,Bastar,ST,None Of The Above,,NOTA,NOTA,38772,1298083
Chhattisgarh,2014,10,Bastar,ST,Deepak Karma (Bunty),M,INC,INC,261470,1298083
Chhattisgarh,2014,10,Bastar,ST,Dinesh Kashyap,M,BJP,BJP,385829,1298083
Chhattisgarh,2014,11,Kanker,ST,Amal Sai Sori,M,IND,IND,6618,1448375
Chhattisgarh,2014,11,Kanker,ST,Hemlal Markam,M,GGP,GGP,7586,1448375
Chhattisgarh,2014,11,Kanker,ST,Malik Ram Thakur,M,APoI,APoI,8963,1448375
Chhattisgarh,2014,11,Kanker,ST,Smt Jamuna Mandavi,F,CSM,CSM,8969,1448375
Chhattisgarh,2014,11,Kanker,ST,Ramsay Korram,M,BSP,BSP,9391,1448375
Chhattisgarh,2014,11,Kanker,ST,Santosh Kumar Dhruw,M,AAAP,AAAP,10606,1448375
Chhattisgarh,2014,11,Kanker,ST,Mahendra Gawade,M,IND,IND,14139,1448375
Chhattisgarh,2014,11,Kanker,ST,Ramesh Gawde,M,CPI,CPI,23482,1448375
Chhattisgarh,2014,11,Kanker,ST,None Of The Above,,NOTA,NOTA,31917,1448375
Chhattisgarh,2014,11,Kanker,ST,Foolodevi Netam,F,INC,INC,430057,1448375
Chhattisgarh,2014,11,Kanker,ST,Vikram Usendi,M,BJP,BJP,465215,1448375
Dadra & Nagar Haveli,2014,1,Dadar & Nagar Haveli,ST,Vijaybhai Nathubhai Bhoya,M,JD(U),JD(U),232,196597
Dadra & Nagar Haveli,2014,1,Dadar & Nagar Haveli,ST,Umedbhai Lallubhai Patel,M,BMUP,BMUP,348,196597
Dadra & Nagar Haveli,2014,1,Dadar & Nagar Haveli,ST,Kishan Nathu Ghutiya,M,SHS,SHS,378,196597
Dadra & Nagar Haveli,2014,1,Dadar & Nagar Haveli,ST,Kamuben Khalpabhai Patel,F,IND,IND,418,196597
Dadra & Nagar Haveli,2014,1,Dadar & Nagar Haveli,ST,Patel Chhotubhai Babubhai,M,AAAP,AAAP,621,196597
Dadra & Nagar Haveli,2014,1,Dadar & Nagar Haveli,ST,Patel Hemantbhai Keshavbhai,M,BSP,BSP,982,196597
Dadra & Nagar Haveli,2014,1,Dadar & Nagar Haveli,ST,Bhurkud Dilipbhai Navjibhai,M,IND,IND,1154,196597
Dadra & Nagar Haveli,2014,1,Dadar & Nagar Haveli,ST,Prakash Vansha Khanvelkar,M,IND,IND,1214,196597
Dadra & Nagar Haveli,2014,1,Dadar & Nagar Haveli,ST,Khulat Janiyabhai Chandubhai,M,NCP,NCP,1611,196597
Dadra & Nagar Haveli,2014,1,Dadar & Nagar Haveli,ST,None Of The Above,,NOTA,NOTA,2962,196597
Dadra & Nagar Haveli,2014,1,Dadar & Nagar Haveli,ST,Delkar Mohanbhai Sanjibhai,M,INC,INC,74576,196597
Dadra & Nagar Haveli,2014,1,Dadar & Nagar Haveli,ST,Patel Natubhai Gomanbhai,M,BJP,BJP,80790,196597
Daman & Diu,2014,1,Daman & Diu,GEN,Bhavesh Patel,M,BSP,BSP,490,111827
Daman & Diu,2014,1,Daman & Diu,GEN,Kessur Goan,M,AAAP,AAAP,729,111827
Daman & Diu,2014,1,Daman & Diu,GEN,None Of The Above,,NOTA,NOTA,1316,111827
Daman & Diu,2014,1,Daman & Diu,GEN,Ketan Dahyabhai Patel,M,INC,INC,37738,111827
Daman & Diu,2014,1,Daman & Diu,GEN,Patel Lalubhai Babubhai,M,BJP,BJP,46960,111827
Goa,2014,1,North Goa,GEN,Mittu Mujavar,M,IND,IND,1813,515441
Goa,2014,1,North Goa,GEN,Raju Dsouza,M,SJP(R),SJP(R),3216,515441
Goa,2014,1,North Goa,GEN,Dayanand G. Narvekar,M,IND,IND,4128,515441
Goa,2014,1,North Goa,GEN,Adv. Suhas Naik,M,CPI,CPI,5640,515441
Goa,2014,1,North Goa,GEN,None Of The Above,,NOTA,NOTA,5770,515441
Goa,2014,1,North Goa,GEN,Dr.Dattaram Desai,M,AAAP,AAAP,15857,515441
Goa,2014,1,North Goa,GEN,Ravi Naik,M,INC,INC,132304,515441
Goa,2014,1,North Goa,GEN,Shripad Yesso Naik,M,BJP,BJP,237903,515441
Goa,2014,2,South Goa,GEN,Adv. Jawahar Dias,M,GOA,GOA,530,545336
Goa,2014,2,South Goa,GEN,Cliffton De Souza,M,BMUP,BMUP,666,545336
Goa,2014,2,South Goa,GEN,Balkrishna Salgaonkar,M,IND,IND,683,545336
Goa,2014,2,South Goa,GEN,Savio Oliver Rodrigues,M,GSRP,GSRP,783,545336
Goa,2014,2,South Goa,GEN,Venus Habib,F,IND,IND,790,545336
Goa,2014,2,South Goa,GEN,Shalom Mathew Francisco Sardinha,M,IND,IND,2586,545336
Goa,2014,2,South Goa,GEN,None Of The Above,,NOTA,NOTA,4333,545336
Goa,2014,2,South Goa,GEN,Adv. Raju Mangeshkar,M,CPI,CPI,4437,545336
Goa,2014,2,South Goa,GEN,Govind Shepu Gaude,M,IND,IND,7152,545336
Goa,2014,2,South Goa,GEN,Swati S. Kerkar,F,AAAP,AAAP,11246,545336
Goa,2014,2,South Goa,GEN,Churchill Alemao,M,AITC,AITC,11941,545336
Goa,2014,2,South Goa,GEN,Aleixo Reginaldo Lourenco,M,INC,INC,166446,545336
Goa,2014,2,South Goa,GEN,Adv. Narendra Keshav Sawaikar,M,BJP,BJP,198776,545336
Gujarat,2014,1,Kachchh,SC,Danicha Govindbhai Punamchand,M,AAAP,AAAP,15797,1533782
Gujarat,2014,1,Kachchh,SC,None Of The Above,,NOTA,NOTA,16879,1533782
Gujarat,2014,1,Kachchh,SC,Hirji Punjabhai Siju,M,BMUP,BMUP,21106,1533782
Gujarat,2014,1,Kachchh,SC,Kamalbhai Matang,M,BSP,BSP,21230,1533782
Gujarat,2014,1,Kachchh,SC,Dr.Dinesh Parmar,M,INC,INC,308373,1533782
Gujarat,2014,1,Kachchh,SC,Chavda Vinod Lakhamashi,M,BJP,BJP,562855,1533782
Gujarat,2014,2,Banaskantha,GEN,Gamar Vadhabhai Radhabhai,M,IND,IND,825,1515711
Gujarat,2014,2,Banaskantha,GEN,Thakor Bhupataji Ravaji,M,IND,IND,1770,1515711
Gujarat,2014,2,Banaskantha,GEN,Choudhary Adambhai Nasirbhai,M,SP,SP,2007,1515711
Gujarat,2014,2,Banaskantha,GEN,Madhu Nirupaben Natvarlal,F,IND,IND,2064,1515711
Gujarat,2014,2,Banaskantha,GEN,Dabhi Navajibhai Madhabhai,M,IND,IND,2118,1515711
Gujarat,2014,2,Banaskantha,GEN,Shrimali Ashokbhai Balchndbhai,M,IND,IND,2535,1515711
Gujarat,2014,2,Banaskantha,GEN,Mahendrabhai Kesarabhai Bumbadia,M,IND,IND,3302,1515711
Gujarat,2014,2,Banaskantha,GEN,Solanki Dineshkumar Aljibhai,M,IND,IND,5388,1515711
Gujarat,2014,2,Banaskantha,GEN,Sanjaykumar Somnathbhai Raval,M,AAAP,AAAP,6571,1515711
Gujarat,2014,2,Banaskantha,GEN,Solanki Saybabhai Nanabhai,M,IND,IND,7207,1515711
Gujarat,2014,2,Banaskantha,GEN,Babaji Thakor,M,IND,IND,10897,1515711
Gujarat,2014,2,Banaskantha,GEN,Mahant Parsotamgiri Turantgiri,M,BSP,BSP,11175,1515711
Gujarat,2014,2,Banaskantha,GEN,None Of The Above,,NOTA,NOTA,17397,1515711
Gujarat,2014,2,Banaskantha,GEN,Patel Joitabhai Kasnabhai,M,INC,INC,305522,1515711
Gujarat,2014,2,Banaskantha,GEN,Chaudhary Haribhai Parthibhai,M,BJP,BJP,507856,1515711
Gujarat,2014,3,Patan,GEN,Parmar Bhaichandbhai Somabhai,M,RPIE,RPIE,910,1628641
Gujarat,2014,3,Patan,GEN,Desai Ishwarbhai Mahadevbhai,M,IND,IND,1752,1628641
Gujarat,2014,3,Patan,GEN,Imrankhan Mahmadkhan Nagori,M,IND,IND,1840,1628641
Gujarat,2014,3,Patan,GEN,Babubhai Karshanbhai Rabari,M,SP,SP,1843,1628641
Gujarat,2014,3,Patan,GEN,Jagrala Imran Mahemud,M,IND,IND,1978,1628641
Gujarat,2014,3,Patan,GEN,Chhaganbhai Naranbhai Prajapati,M,IND,IND,2539,1628641
Gujarat,2014,3,Patan,GEN,Bhoraniya Soyabbhai Hasambhai,M,IND,IND,2550,1628641
Gujarat,2014,3,Patan,GEN,Jakasiji Jogaji Thakor,M,BMUP,BMUP,2760,1628641
Gujarat,2014,3,Patan,GEN,Molapiya Abdulkudus Abdulmajid,M,IND,IND,5629,1628641
Gujarat,2014,3,Patan,GEN,Govindji Okhaji Thakor,M,JD(U),JD(U),6188,1628641
Gujarat,2014,3,Patan,GEN,Vaghda Jivabhai Devabhai,M,IND,IND,7492,1628641
Gujarat,2014,3,Patan,GEN,Parmar Maganbhai Amarabhai,M,BSP,BSP,9900,1628641
Gujarat,2014,3,Patan,GEN,None Of The Above,,NOTA,NOTA,12061,1628641
Gujarat,2014,3,Patan,GEN,Rathod Bhavsinhbhai Dahyabhai,M,INC,INC,379819,1628641
Gujarat,2014,3,Patan,GEN,Liladharbhai Khodaji Vaghela,M,BJP,BJP,518538,1628641
Gujarat,2014,4,Mahesana,GEN,Patel Dilipbhai Somabhai,M,HJP,HJP,1032,1498219
Gujarat,2014,4,Mahesana,GEN,Chaudhary Dineshbhai Salubhai,M,VHS,VHS,1084,1498219
Gujarat,2014,4,Mahesana,GEN,Thakor Mansangji Punjaji,M,BMUP,BMUP,1251,1498219
Gujarat,2014,4,Mahesana,GEN,Zala Indrajitsinh Mahendrasinh,M,SP,SP,1340,1498219
Gujarat,2014,4,Mahesana,GEN,Thakor Baldevji Maganji,M,IND,IND,1653,1498219
Gujarat,2014,4,Mahesana,GEN,Thakor Babuji Dhanaji,M,IND,IND,1804,1498219
Gujarat,2014,4,Mahesana,GEN,Thakor Samaratji Balvantsinh,M,IND,IND,2427,1498219
Gujarat,2014,4,Mahesana,GEN,Smt Vandanaben Dineshkumar Patel,F,AAAP,AAAP,3731,1498219
Gujarat,2014,4,Mahesana,GEN,Girishji Jenaji Dabhi,M,BNJD,BNJD,4825,1498219
Gujarat,2014,4,Mahesana,GEN,Prajapati Vitthalbhai Virdas,M,IND,IND,5982,1498219
Gujarat,2014,4,Mahesana,GEN,Mahmad Azam Haiderkhan Pathan,M,IND,IND,6139,1498219
Gujarat,2014,4,Mahesana,GEN,Thakor Kevalji Nathaji,M,BSP,BSP,9766,1498219
Gujarat,2014,4,Mahesana,GEN,None Of The Above,,NOTA,NOTA,11615,1498219
Gujarat,2014,4,Mahesana,GEN,Patel Jivabhai Ambalal,M,INC,INC,371359,1498219
Gujarat,2014,4,Mahesana,GEN,Patel Jayshreeben Kanubhai,F,BJP,BJP,580250,1498219
Gujarat,2014,5,Sabarkantha,GEN,Patel Ishwarbhai Sakraji,M,IND,IND,1674,1615840
Gujarat,2014,5,Sabarkantha,GEN,Patel Purusottambhai Ambalal,M,IND,IND,1876,1615840
Gujarat,2014,5,Sabarkantha,GEN,Shekh Arif Khan,M,SP,SP,2314,1615840
Gujarat,2014,5,Sabarkantha,GEN,Balusingh Somansingh Narve,M,IND,IND,3527,1615840
Gujarat,2014,5,Sabarkantha,GEN,Velani Shantilal Karamshi,M,IND,IND,6816,1615840
Gujarat,2014,5,Sabarkantha,GEN,Patel Bhogilal Haribhai,M,BNJD,BNJD,9046,1615840
Gujarat,2014,5,Sabarkantha,GEN,Solanki Chhaganbhai Kevalabhai,M,IND,IND,9795,1615840
Gujarat,2014,5,Sabarkantha,GEN,Bhambhi Chandubhai Mulchandbhai,M,BSP,BSP,16665,1615840
Gujarat,2014,5,Sabarkantha,GEN,None Of The Above,,NOTA,NOTA,22334,1615840
Gujarat,2014,5,Sabarkantha,GEN,Shankersinh Vaghela Bapu,M,INC,INC,467750,1615840
Gujarat,2014,5,Sabarkantha,GEN,Rathod Dipsinh Shankarsinh,M,BJP,BJP,552205,1615840
Gujarat,2014,6,Gandhinagar,GEN,Patel Piyushkumar Dashrathlal,M,NYP,NYP,653,1733972
Gujarat,2014,6,Gandhinagar,GEN,Thakor Chandrasinh Javansinh,M,IND,IND,668,1733972
Gujarat,2014,6,Gandhinagar,GEN,Manoj J. Nayak,M,LoRP,LoRP,683,1733972
Gujarat,2014,6,Gandhinagar,GEN,Dipikaben Sutariya,F,IND,IND,684,1733972
Gujarat,2014,6,Gandhinagar,GEN,Desai Khodabhai Laljibhai,M,IND,IND,793,1733972
Gujarat,2014,6,Gandhinagar,GEN,Thakor Ravaji Juhaji,M,VHS,VHS,809,1733972
Gujarat,2014,6,Gandhinagar,GEN,Pagi Ganpatbhai Mavjibhai,M,IND,IND,924,1733972
Gujarat,2014,6,Gandhinagar,GEN,Birjusinh Motisinh Kshatriya,M,IND,IND,984,1733972
Gujarat,2014,6,Gandhinagar,GEN,Brahmbhatt Sanjaybhai Amarkumar,M,IND,IND,1474,1733972
Gujarat,2014,6,Gandhinagar,GEN,Ajmalbhai Ramabhai Vaniya,M,BMUP,BMUP,1639,1733972
Gujarat,2014,6,Gandhinagar,GEN,Raj Prajapati,M,IND,IND,3177,1733972
Gujarat,2014,6,Gandhinagar,GEN,M. K. Shah,M,IND,IND,3767,1733972
Gujarat,2014,6,Gandhinagar,GEN,Niranjan Ghosh,M,BSP,BSP,6068,1733972
Gujarat,2014,6,Gandhinagar,GEN,Vaghela Kishorsinh Mahobatsinh,M,IND,IND,6705,1733972
Gujarat,2014,6,Gandhinagar,GEN,Rahul Chimanbhai Mehta,M,IND,IND,9767,1733972
Gujarat,2014,6,Gandhinagar,GEN,None Of The Above,,NOTA,NOTA,12777,1733972
Gujarat,2014,6,Gandhinagar,GEN,Rituraj Mehta,M,AAAP,AAAP,19966,1733972
Gujarat,2014,6,Gandhinagar,GEN,Kiritbhai Ishvarbhai Patel,M,INC,INC,290418,1733972
Gujarat,2014,6,Gandhinagar,GEN,L.K.Advani,M,BJP,BJP,773539,1733972
Gujarat,2014,7,Ahmedabad East,GEN,Dutt Aakash - Advocate,M,JD(U),JD(U),558,1601832
Gujarat,2014,7,Ahmedabad East,GEN,Buddhpriya Jasvant Somabhai,M,PAP,PAP,698,1601832
Gujarat,2014,7,Ahmedabad East,GEN,Vijaykumar M. Vadhel,M,HND,HND,704,1601832
Gujarat,2014,7,Ahmedabad East,GEN,Naranbhai T. Sengal (Dr.N.T.Sengal),M,BSDL,BSDL,782,1601832
Gujarat,2014,7,Ahmedabad East,GEN,Khalifa Samsuddin Nasiruddin (Jugnu),M,ABCD(A),ABCD(A),895,1601832
Gujarat,2014,7,Ahmedabad East,GEN,Aditya Raval,M,VHS,VHS,987,1601832
Gujarat,2014,7,Ahmedabad East,GEN,Atikbhai Mev,M,IND,IND,1094,1601832
Gujarat,2014,7,Ahmedabad East,GEN,Anilkumar Sharma,M,IND,IND,1201,1601832
Gujarat,2014,7,Ahmedabad East,GEN,Dashrathbhai M. Devda,M,IND,IND,2299,1601832
Gujarat,2014,7,Ahmedabad East,GEN,Roshan Priyavadan Shah,M,IND,IND,4046,1601832
Gujarat,2014,7,Ahmedabad East,GEN,Rohit Rajubhai Virjibhai Alias Manojbhai Sontariya,M,BSP,BSP,6023,1601832
Gujarat,2014,7,Ahmedabad East,GEN,Dinesh Vaghela,M,AAAP,AAAP,11349,1601832
Gujarat,2014,7,Ahmedabad East,GEN,None Of The Above,,NOTA,NOTA,14358,1601832
Gujarat,2014,7,Ahmedabad East,GEN,Patel Himmatsingh Prahladsingh,M,INC,INC,306949,1601832
Gujarat,2014,7,Ahmedabad East,GEN,Paresh Rawal,M,BJP,BJP,633582,1601832
Gujarat,2014,8,Ahmedabad West,SC,Parmar Harjivanbhai Kalabhai,M,IND,IND,807,1534400
Gujarat,2014,8,Ahmedabad West,SC,Aayar Muljibhai Khanabhai,M,IND,IND,808,1534400
Gujarat,2014,8,Ahmedabad West,SC,Amrut Sonara,M,BSDL,BSDL,941,1534400
Gujarat,2014,8,Ahmedabad West,SC,Solanki Rameshbhai Danabhai,M,IND,IND,1256,1534400
Gujarat,2014,8,Ahmedabad West,SC,Narendra Sankhaliya,M,LSWP,LSWP,1391,1534400
Gujarat,2014,8,Ahmedabad West,SC,Dr J G Parmar,M,BMUP,BMUP,2564,1534400
Gujarat,2014,8,Ahmedabad West,SC,Solanki Vitthalbhai Maganbhai,M,IND,IND,2837,1534400
Gujarat,2014,8,Ahmedabad West,SC,Chavda Mansukhbhai Nagarbhai,M,BSP,BSP,6205,1534400
Gujarat,2014,8,Ahmedabad West,SC,None Of The Above,,NOTA,NOTA,16571,1534400
Gujarat,2014,8,Ahmedabad West,SC,J J Mevada,M,AAAP,AAAP,17332,1534400
Gujarat,2014,8,Ahmedabad West,SC,Ishwarbahi Dhanabhai Makwana,M,INC,INC,296793,1534400
Gujarat,2014,8,Ahmedabad West,SC,Dr. Kirit P Solanki,M,BJP,BJP,617104,1534400
Gujarat,2014,9,Surendranagar,GEN,Makwana Ukabhai Amrabhai,M,IND,IND,1226,1656657
Gujarat,2014,9,Surendranagar,GEN,Chavda Palabhai Nanjibhai,M,IND,IND,1227,1656657
Gujarat,2014,9,Surendranagar,GEN,Majethiya Samaratbhai Jerambhai,M,HJP,HJP,1341,1656657
Gujarat,2014,9,Surendranagar,GEN,Makwana Vasharambhai Karshanbhai,M,IND,IND,1413,1656657
Gujarat,2014,9,Surendranagar,GEN,Parmar Vasharambhai Bavalbhai,M,IND,IND,1751,1656657
Gujarat,2014,9,Surendranagar,GEN,Mansinh Shivubha Zala,M,IND,IND,2154,1656657
Gujarat,2014,9,Surendranagar,GEN,Bar Ajamalbhai Karmanbhai,M,BMUP,BMUP,2251,1656657
Gujarat,2014,9,Surendranagar,GEN,Parmar Prabhubhai Gokalbhai,M,IND,IND,2968,1656657
Gujarat,2014,9,Surendranagar,GEN,Vadaliya Kalubhai Malubhai,M,IND,IND,3102,1656657
Gujarat,2014,9,Surendranagar,GEN,Vora Bhavanbhai Devajibhai,M,IND,IND,4818,1656657
Gujarat,2014,9,Surendranagar,GEN,Vaghela Prakashbhai Bachubhai,M,IND,IND,6439,1656657
Gujarat,2014,9,Surendranagar,GEN,Parmar Minaxiben Vijaybhai,F,BSP,BSP,10753,1656657
Gujarat,2014,9,Surendranagar,GEN,None Of The Above,,NOTA,NOTA,11029,1656657
Gujarat,2014,9,Surendranagar,GEN,Sankaliya Gangarambhai Tapubhai,M,IND,IND,11216,1656657
Gujarat,2014,9,Surendranagar,GEN,Jethabhai Manjibhai Patel,M,AAAP,AAAP,13375,1656657
Gujarat,2014,9,Surendranagar,GEN,Sapara Vipulbhai Rameshbhai,M,IND,IND,14515,1656657
Gujarat,2014,9,Surendranagar,GEN,Koli Patel Somabhai Gandalal,M,INC,INC,326096,1656657
Gujarat,2014,9,Surendranagar,GEN,Fatepara Devajibhai Govindbhai,M,BJP,BJP,529003,1656657
Gujarat,2014,10,Rajkot,GEN,Rajeshbhai Lavjibhai Pipalva,M,LoRP,LoRP,808,1655717
Gujarat,2014,10,Rajkot,GEN,Dengada Pravinbhai Meghajibhai,M,RPI(A),RPI(A),945,1655717
Gujarat,2014,10,Rajkot,GEN,Jitendra Bhurabhai Chauhan,M,RPI(KH),RPI(KH),990,1655717
Gujarat,2014,10,Rajkot,GEN,Pathan Bismillakhan Abdulkhan (Babakhan Pathan),M,IND,IND,1080,1655717
Gujarat,2014,10,Rajkot,GEN,Narendrabhai Mahajan,M,IND,IND,1161,1655717
Gujarat,2014,10,Rajkot,GEN,Rohitbhai Mohanbhai Sagathiya,M,BMUP,BMUP,1344,1655717
Gujarat,2014,10,Rajkot,GEN,Popatbhai Devajibhai Chavda (Bhuva),M,IND,IND,1408,1655717
Gujarat,2014,10,Rajkot,GEN,Pravinchandra Chunilal Parekh,M,IND,IND,1562,1655717
Gujarat,2014,10,Rajkot,GEN,Aniruddhsinh Juvansinh Zala,M,IND,IND,1636,1655717
Gujarat,2014,10,Rajkot,GEN,Basirbhai Sulemanbhai Sama,M,IND,IND,2076,1655717
Gujarat,2014,10,Rajkot,GEN,Vinodbhai Pragjibhai Nagani,M,IND,IND,5752,1655717
Gujarat,2014,10,Rajkot,GEN,Ankur Amrutkumar Dhameliya(Patel),M,AAAP,AAAP,10785,1655717
Gujarat,2014,10,Rajkot,GEN,Jivanbhai Devajibhai Parmar,M,BSP,BSP,12653,1655717
Gujarat,2014,10,Rajkot,GEN,None Of The Above,,NOTA,NOTA,18249,1655717
Gujarat,2014,10,Rajkot,GEN,Kunvarjibhai Mohanbhai Bavaliya,M,INC,INC,375096,1655717
Gujarat,2014,10,Rajkot,GEN,Kundariya Mohanbhai Kalyanjibhai,M,BJP,BJP,621524,1655717
Gujarat,2014,11,Porbandar,GEN,Joshi Harish Liladhar,M,IND,IND,1024,1539223
Gujarat,2014,11,Porbandar,GEN,Khokhani Lalitaben Mansukhbhai,F,IND,IND,1569,1539223
Gujarat,2014,11,Porbandar,GEN,Unadakat Prakash Vallabhadas,M,IND,IND,1618,1539223
Gujarat,2014,11,Porbandar,GEN,Aghera Dhirajlal Bhurabhai,M,IND,IND,1671,1539223
Gujarat,2014,11,Porbandar,GEN,Tukadia G.R.,M,IND,IND,1704,1539223
Gujarat,2014,11,Porbandar,GEN,Khunti Bharatbhai Maldebhai,M,IND,IND,2205,1539223
Gujarat,2014,11,Porbandar,GEN,Patel Butani Rajeshbhai Maganbhai,M,IND,IND,2868,1539223
Gujarat,2014,11,Porbandar,GEN,Rathod Chandulal Mohanlal,M,IND,IND,3009,1539223
Gujarat,2014,11,Porbandar,GEN,Irfanshah Habibshah Suharavardi,M,SP,SP,3825,1539223
Gujarat,2014,11,Porbandar,GEN,Vakil Vinzuda Ranjitbhai Naranbhai,M,IND,IND,4475,1539223
Gujarat,2014,11,Porbandar,GEN,Mansukh Sundaraji Dhokai,M,AAAP,AAAP,7939,1539223
Gujarat,2014,11,Porbandar,GEN,Sadiya Vrajalal Pababhai,M,BSP,BSP,12180,1539223
Gujarat,2014,11,Porbandar,GEN,None Of The Above,,NOTA,NOTA,16443,1539223
Gujarat,2014,11,Porbandar,GEN,Jadeja Kandhalbhai Saramanbhai,M,NCP,NCP,240466,1539223
Gujarat,2014,11,Porbandar,GEN,Radadiya Vithalbhai Hansrajbhai,M,BJP,BJP,508437,1539223
Gujarat,2014,12,Jamnagar,GEN,Suthar Hansaben Harsukhbhai Gorecha,F,IND,IND,592,1470952
Gujarat,2014,12,Jamnagar,GEN,Dalit Jitesh Babubhai Rathore,M,IND,IND,706,1470952
Gujarat,2014,12,Jamnagar,GEN,Dalit Ashok Nathabhai Chavda,M,IND,IND,744,1470952
Gujarat,2014,12,Jamnagar,GEN,Sumara Amandbhai Noormamadbhai Sumara,M,IND,IND,760,1470952
Gujarat,2014,12,Jamnagar,GEN,Dhanjibhai Laljibhai Ranevadia,M,IND,IND,777,1470952
Gujarat,2014,12,Jamnagar,GEN,Vaniya Gangajibhai,M,IND,IND,795,1470952
Gujarat,2014,12,Jamnagar,GEN,Sachada Habib Ishabhai,M,IND,IND,819,1470952
Gujarat,2014,12,Jamnagar,GEN,Chandravijaysinh Takhubha Rana,M,IND,IND,876,1470952
Gujarat,2014,12,Jamnagar,GEN,Sodha Salimbhai Nurmamadbhai,M,IND,IND,885,1470952
Gujarat,2014,12,Jamnagar,GEN,Saiyad Abubakar Ibrahim,M,SP,SP,940,1470952
Gujarat,2014,12,Jamnagar,GEN,Dharaviya Vallabhbhai,M,IND,IND,1043,1470952
Gujarat,2014,12,Jamnagar,GEN,Padhiyar Laljibhai Karabhai,M,IND,IND,1188,1470952
Gujarat,2014,12,Jamnagar,GEN,Vagher Javidbhai Osmanbhai Nole,M,IND,IND,1247,1470952
Gujarat,2014,12,Jamnagar,GEN,Kasambhai,M,RKEP,RKEP,1254,1470952
Gujarat,2014,12,Jamnagar,GEN,Sandhi Mamadbhai Hajibhai Safia,M,IND,IND,1377,1470952
Gujarat,2014,12,Jamnagar,GEN,Pandya Chiragbhai Hariombhai,M,IND,IND,1541,1470952
Gujarat,2014,12,Jamnagar,GEN,Nariya Pravinbhai Vallabhbhai,M,IND,IND,1811,1470952
Gujarat,2014,12,Jamnagar,GEN,Bathwar Nanjibhai,M,IND,IND,3667,1470952
Gujarat,2014,12,Jamnagar,GEN,Vagher Ali Ishak Palani,M,IND,IND,3946,1470952
Gujarat,2014,12,Jamnagar,GEN,Jhala Rajendrasinh,M,AAAP,AAAP,4911,1470952
Gujarat,2014,12,Jamnagar,GEN,Meman Rafik Abubakar Popatputra,M,IND,IND,5811,1470952
Gujarat,2014,12,Jamnagar,GEN,None Of The Above,,NOTA,NOTA,6588,1470952
Gujarat,2014,12,Jamnagar,GEN,Sama Yusuf,M,BSP,BSP,8234,1470952
Gujarat,2014,12,Jamnagar,GEN,Mamad Haji Bolim,M,IND,IND,8596,1470952
Gujarat,2014,12,Jamnagar,GEN,Ahir Vikrambhai Arjanbhai Madam,M,INC,INC,309123,1470952
Gujarat,2014,12,Jamnagar,GEN,Poonamben Hematbhai Maadam,F,BJP,BJP,484412,1470952
Gujarat,2014,13,Junagadh,GEN,Gadhiya Soyeb Hushenbhai,M,IND,IND,1891,1485543
Gujarat,2014,13,Junagadh,GEN,Kadri Ibrahim Saiyed Husen,M,SP,SP,2409,1485543
Gujarat,2014,13,Junagadh,GEN,Solanki Haribhai Boghabhai,M,BMUP,BMUP,2565,1485543
Gujarat,2014,13,Junagadh,GEN,Saiyed Altaf Husain Abdullah Miyan,M,IND,IND,2717,1485543
Gujarat,2014,13,Junagadh,GEN,Harilal Ranchhodbhai Chauhan,M,IND,IND,7574,1485543
Gujarat,2014,13,Junagadh,GEN,Atul Govindbhai Shekhada,M,AAAP,AAAP,16674,1485543
Gujarat,2014,13,Junagadh,GEN,None Of The Above,,NOTA,NOTA,17022,1485543
Gujarat,2014,13,Junagadh,GEN,Punjabhai Bhimabhai Vansh,M,INC,INC,377347,1485543
Gujarat,2014,13,Junagadh,GEN,Chudasama Rajeshbhai Naranbhai,M,BJP,BJP,513179,1485543
Gujarat,2014,14,Amreli,GEN,Jadav Mustakbhai,M,IND,IND,1553,1486286
Gujarat,2014,14,Amreli,GEN,Rathod Jivanbhai R.,M,RPI(A),RPI(A),1809,1486286
Gujarat,2014,14,Amreli,GEN,Sangani Vijaybhai Dineshbhai,M,YuS,YuS,1938,1486286
Gujarat,2014,14,Amreli,GEN,Dhimecha Nareshbhai Nanjibhai,M,IND,IND,2062,1486286
Gujarat,2014,14,Amreli,GEN,Usmanbhai P. Maghara,M,IND,IND,2216,1486286
Gujarat,2014,14,Amreli,GEN,Mehulbhai Himatbhai Sukhadia,M,IND,IND,3439,1486286
Gujarat,2014,14,Amreli,GEN,Nathabhai Dayabhai Tota,M,IND,IND,4032,1486286
Gujarat,2014,14,Amreli,GEN,Dafada Ramjibhai Nanjibhai,M,BSP,BSP,7822,1486286
Gujarat,2014,14,Amreli,GEN,Valodara Vrajlal Jivabhai,M,IND,IND,8167,1486286
Gujarat,2014,14,Amreli,GEN,Ramani Sureshbhai Dhirubhai,M,IND,IND,10114,1486286
Gujarat,2014,14,Amreli,GEN,Chavada Manubhai Parshottmbhai,M,JD(U),JD(U),13803,1486286
Gujarat,2014,14,Amreli,GEN,Sukhadiya Nathalal Vallabhbhai,M,AAAP,AAAP,15520,1486286
Gujarat,2014,14,Amreli,GEN,None Of The Above,,NOTA,NOTA,19143,1486286
Gujarat,2014,14,Amreli,GEN,Thummar Virjibhai Keshavbhai (Virjibhai Thummar),M,INC,INC,280483,1486286
Gujarat,2014,14,Amreli,GEN,Kachhadiya Naranbhai Bhikhabhai,M,BJP,BJP,436715,1486286
Gujarat,2014,15,Bhavnagar,GEN,Khadrani Asimbhai Pirbhai,M,IND,IND,1359,1594531
Gujarat,2014,15,Bhavnagar,GEN,Jagadishbhai Amarabhai Vegad,M,IND,IND,1525,1594531
Gujarat,2014,15,Bhavnagar,GEN,Gohel Bharatbhai Bhimabhai,M,IND,IND,1734,1594531
Gujarat,2014,15,Bhavnagar,GEN,Mehta Yashvantray Odhavjibhai,M,IND,IND,1852,1594531
Gujarat,2014,15,Bhavnagar,GEN,Maru Manhar Valajibhai,M,IND,IND,2257,1594531
Gujarat,2014,15,Bhavnagar,GEN,Gohil Pravinsinh Dhirubha,M,IND,IND,2276,1594531
Gujarat,2014,15,Bhavnagar,GEN,Rasidkhan Hasankhan Pathan,M,IND,IND,2707,1594531
Gujarat,2014,15,Bhavnagar,GEN,Kagada Rameshbhai Punabhai,M,IND,IND,3542,1594531
Gujarat,2014,15,Bhavnagar,GEN,Rathod Pravinsinh Chandrasinh,M,IND,IND,5530,1594531
Gujarat,2014,15,Bhavnagar,GEN,Bhaves Ghanshyambhai Rajyaguru,M,IND,IND,5912,1594531
Gujarat,2014,15,Bhavnagar,GEN,Vegad Nathabhai (Vegadbhai Pragnachakshu Candidate),M,IND,IND,7550,1594531
Gujarat,2014,15,Bhavnagar,GEN,Vaghela Narendrabhai Shavjibhai,M,IND,IND,9113,1594531
Gujarat,2014,15,Bhavnagar,GEN,Gita Chetan Paunda (Advocate Gitaba Jadeja),F,BSP,BSP,9345,1594531
Gujarat,2014,15,Bhavnagar,GEN,None Of The Above,,NOTA,NOTA,9590,1594531
Gujarat,2014,15,Bhavnagar,GEN,Dr. Kanubhai V. Kalsaria,M,AAAP,AAAP,49540,1594531
Gujarat,2014,15,Bhavnagar,GEN,Rathod Pravinbhai Jinabhai,M,INC,INC,254041,1594531
Gujarat,2014,15,Bhavnagar,GEN,Dr. Bharatiben Dhirubhai Shiyal,F,BJP,BJP,549529,1594531
Gujarat,2014,16,Anand,GEN,Padhiyar Vikramsinh (Vakil),M,RSPS,RSPS,876,1496859
Gujarat,2014,16,Anand,GEN,Patel Naineshkumar Umedbhai,M,IND,IND,1063,1496859
Gujarat,2014,16,Anand,GEN,Hitendrasinh Mohansinh Parmar,M,BNJD,BNJD,1260,1496859
Gujarat,2014,16,Anand,GEN,Parmar Amarsinh Dahyabhai,M,IND,IND,1265,1496859
Gujarat,2014,16,Anand,GEN,Patel Jayeshbhai Arvindbhai,M,IND,IND,1459,1496859
Gujarat,2014,16,Anand,GEN,Patel Dilipbhai Manilal,M,IND,IND,1466,1496859
Gujarat,2014,16,Anand,GEN,Mahida Mahendrasinh Sahebsinh,M,SP,SP,1790,1496859
Gujarat,2014,16,Anand,GEN,Ravjibhai S Parmar,M,AAAP,AAAP,2442,1496859
Gujarat,2014,16,Anand,GEN,Rabari Hiteshkumar Laljibhai,M,IND,IND,2975,1496859
Gujarat,2014,16,Anand,GEN,Girishbhai Das (Advocate),M,BMUP,BMUP,4003,1496859
Gujarat,2014,16,Anand,GEN,Vaghela Bharat P,M,IND,IND,4022,1496859
Gujarat,2014,16,Anand,GEN,Pursottambhai Alias Kanubhai Mathurbhai Chauhan,M,BSP,BSP,6480,1496859
Gujarat,2014,16,Anand,GEN,Vahora Firojbhai Walimahamadbhai (Kasorwala),M,IND,IND,6689,1496859
Gujarat,2014,16,Anand,GEN,None Of The Above,,NOTA,NOTA,16872,1496859
Gujarat,2014,16,Anand,GEN,Solanki Bharatbhai Madhavsinh,M,INC,INC,427403,1496859
Gujarat,2014,16,Anand,GEN,Dilip Patel,M,BJP,BJP,490829,1496859
Gujarat,2014,17,Kheda,GEN,Pathan Amanullakha Sitabkha,M,IND,IND,803,1599476
Gujarat,2014,17,Kheda,GEN,Parikh Viral Hasmukhbhai,M,IND,IND,846,1599476
Gujarat,2014,17,Kheda,GEN,Khristi Adward Khushalbhai,M,IND,IND,938,1599476
Gujarat,2014,17,Kheda,GEN,Ranveer Pranayraj Govindbhai,M,BMUP,BMUP,944,1599476
Gujarat,2014,17,Kheda,GEN,Malek Yakubmiya Nabimiya,M,IND,IND,955,1599476
Gujarat,2014,17,Kheda,GEN,Abdul Razakkhan Pathan,M,ADPT,ADPT,1024,1599476
Gujarat,2014,17,Kheda,GEN,Malek Sadik Hushen Mahammd Hushen,M,IND,IND,1444,1599476
Gujarat,2014,17,Kheda,GEN,Chauhan Devusing Motishing,M,IND,IND,1860,1599476
Gujarat,2014,17,Kheda,GEN,Malek Sabirhusen Ismaelbhai,M,IND,IND,2720,1599476
Gujarat,2014,17,Kheda,GEN,Ratansinh Udesinh Chauhan,M,IND,IND,3495,1599476
Gujarat,2014,17,Kheda,GEN,Badhiwala Labhubhai Jivrajbhai,M,AAAP,AAAP,3742,1599476
Gujarat,2014,17,Kheda,GEN,Pandav Bhailalbhai Kalubhai,M,BSP,BSP,5791,1599476
Gujarat,2014,17,Kheda,GEN,Roshan Priyavadan Shah,M,IND,IND,7442,1599476
Gujarat,2014,17,Kheda,GEN,None Of The Above,,NOTA,NOTA,20333,1599476
Gujarat,2014,17,Kheda,GEN,Dinsha Patel,M,INC,INC,335334,1599476
Gujarat,2014,17,Kheda,GEN,Chauhan Devusinh Jesingbhai (Chauhan Devusinh),M,BJP,BJP,568235,1599476
Gujarat,2014,18,Panchmahal,GEN,Shaikh Majitmiya Jivamiya,M,JD(U),JD(U),1337,1576667
Gujarat,2014,18,Panchmahal,GEN,Gora Shoeb Mohmadhanif,M,IND,IND,1497,1576667
Gujarat,2014,18,Panchmahal,GEN,Shaikh Kalim Abdullatif,M,SP,SP,1993,1576667
Gujarat,2014,18,Panchmahal,GEN,S. N. Chavada (Chavada Vakil),M,IND,IND,2401,1576667
Gujarat,2014,18,Panchmahal,GEN,Chavada Harishchandrasinh Prabhatsinh,M,IND,IND,3751,1576667
Gujarat,2014,18,Panchmahal,GEN,Patel Pankajbhai Ravjibhai,M,IND,IND,5426,1576667
Gujarat,2014,18,Panchmahal,GEN,Piyushkumar Dilipbhai Parmar,M,AAAP,AAAP,6935,1576667
Gujarat,2014,18,Panchmahal,GEN,Mansuri Mukhatyar Mohammad (Panter M. Lala),M,IND,IND,10857,1576667
Gujarat,2014,18,Panchmahal,GEN,Vankar Manilal Bhanabhai,M,IND,IND,11375,1576667
Gujarat,2014,18,Panchmahal,GEN,Giri Ramchandra Vaijnath,M,BSP,BSP,15956,1576667
Gujarat,2014,18,Panchmahal,GEN,None Of The Above,,NOTA,NOTA,25981,1576667
Gujarat,2014,18,Panchmahal,GEN,Ramsinh Parmar,M,INC,INC,337678,1576667
Gujarat,2014,18,Panchmahal,GEN,Chauhan Prabhatsinh Pratapsinh,M,BJP,BJP,508274,1576667
Gujarat,2014,19,Dahod,ST,Ramsingbhai Nanjibhai Kalara,M,JD(U),JD(U),3841,1411765
Gujarat,2014,19,Dahod,ST,Bhabhor Mavjibhai Titubhai,M,SP,SP,4167,1411765
Gujarat,2014,19,Dahod,ST,K.C.Munia Advocate,M,AAAP,AAAP,4849,1411765
Gujarat,2014,19,Dahod,ST,Meda Jagdishbhai Manilal,M,BNJD,BNJD,5078,1411765
Gujarat,2014,19,Dahod,ST,Kumari Induben Nathubhai Sangada,F,IND,IND,6838,1411765
Gujarat,2014,19,Dahod,ST,Bamaniya Jyotishkumar Bapubhai,M,BSP,BSP,11233,1411765
Gujarat,2014,19,Dahod,ST,Bhura Navalabhai Manabhai,M,IND,IND,11244,1411765
Gujarat,2014,19,Dahod,ST,Katara Singajibhai Jaljibhai,M,CPM,CPM,28958,1411765
Gujarat,2014,19,Dahod,ST,None Of The Above,,NOTA,NOTA,32305,1411765
Gujarat,2014,19,Dahod,ST,Taviyad Dr. Prabhaben Kishorsinh,F,INC,INC,280757,1411765
Gujarat,2014,19,Dahod,ST,Jasvantsinh Sumanbhai Bhabhor,M,BJP,BJP,511111,1411765
Gujarat,2014,20,Vadodara,GEN,Pathan Mahemudkhan Razakkhan,M,ADPT,ADPT,1109,1638321
Gujarat,2014,20,Vadodara,GEN,Jadav Ambalal Kanabhai,M,JD(U),JD(U),1382,1638321
Gujarat,2014,20,Vadodara,GEN,Pathan Sahebkhan Asifkhan,M,SP,SP,2101,1638321
Gujarat,2014,20,Vadodara,GEN,Tapan Dasgupta,M,SUCI,SUCI,2249,1638321
Gujarat,2014,20,Vadodara,GEN,Rohit Madhusudan Mohanbhai,M,BSP,BSP,5782,1638321
Gujarat,2014,20,Vadodara,GEN,Sunil Digambar Kulkarni,M,AAAP,AAAP,10101,1638321
Gujarat,2014,20,Vadodara,GEN,None Of The Above,,NOTA,NOTA,18053,1638321
Gujarat,2014,20,Vadodara,GEN,Mistri Madhusudan Devram,M,INC,INC,275336,1638321
Gujarat,2014,20,Vadodara,GEN,Narendra Modi,M,BJP,BJP,845464,1638321
Gujarat,2014,21,Chhota Udaipur,ST,Vasava Prafulbhai Devjibhai,M,JD(U),JD(U),12508,1536305
Gujarat,2014,21,Chhota Udaipur,ST,Prof. Arjunbhai Versingbhai Rathva,M,AAAP,AAAP,23116,1536305
Gujarat,2014,21,Chhota Udaipur,ST,None Of The Above,,NOTA,NOTA,28815,1536305
Gujarat,2014,21,Chhota Udaipur,ST,Naranbhai Jemalabhai Rathva,M,INC,INC,428187,1536305
Gujarat,2014,21,Chhota Udaipur,ST,Ramsinh Rathwa,M,BJP,BJP,607916,1536305
Gujarat,2014,22,Bharuch,GEN,Sayyed Asif Zafar Ali,M,ADPT,ADPT,1083,1417548
Gujarat,2014,22,Bharuch,GEN,Saiyad Mohsin Bapu Nanumiyawala,M,BMUP,BMUP,1406,1417548
Gujarat,2014,22,Bharuch,GEN,Anandkumar Sarvarsinh Vasava,M,IND,IND,1855,1417548
Gujarat,2014,22,Bharuch,GEN,Rafikbhai Suleman Sapa,M,IND,IND,2644,1417548
Gujarat,2014,22,Bharuch,GEN,Nitin Ishwarlal Vakil (Advocate),M,IND,IND,2661,1417548
Gujarat,2014,22,Bharuch,GEN,Bhura Shabbirbhai Valibhai,M,IND,IND,2694,1417548
Gujarat,2014,22,Bharuch,GEN,Virsangbhai Parbatbhai Gohil,M,IND,IND,3353,1417548
Gujarat,2014,22,Bharuch,GEN,Jayendrasinh Rana,M,AAAP,AAAP,4818,1417548
Gujarat,2014,22,Bharuch,GEN,Shaileshkumar Maganbhai Parmar,M,IND,IND,5125,1417548
Gujarat,2014,22,Bharuch,GEN,Sukhramsingh,M,BSP,BSP,7275,1417548
Gujarat,2014,22,Bharuch,GEN,Sindhi Mayyudeen Umarbhai,M,IND,IND,9862,1417548
Gujarat,2014,22,Bharuch,GEN,None Of The Above,,NOTA,NOTA,23615,1417548
Gujarat,2014,22,Bharuch,GEN,Anilkumar Chhitubhai Bhagat,M,JD(U),JD(U),49289,1417548
Gujarat,2014,22,Bharuch,GEN,Patel Jayeshbhai Ambalalbhai (Jayesh Kaka),M,INC,INC,395629,1417548
Gujarat,2014,22,Bharuch,GEN,Vasava Mansukhbhai Dhanjibhai,M,BJP,BJP,548902,1417548
Gujarat,2014,23,Bardoli,ST,Chaudhari Reniyabhai Shankarbhai,M,HND,HND,2184,1614106
Gujarat,2014,23,Bardoli,ST,Bhailalbhai Chhanabhai Rathod,M,ADSP,ADSP,5334,1614106
Gujarat,2014,23,Bardoli,ST,Gamit Surendrabhai Simabhai,M,IND,IND,5351,1614106
Gujarat,2014,23,Bardoli,ST,Jagatsinh Laljibhai Vasava,M,JD(U),JD(U),7321,1614106
Gujarat,2014,23,Bardoli,ST,Rathod Rameshbhai Bhikhabhai,M,IND,IND,8607,1614106
Gujarat,2014,23,Bardoli,ST,Chaudhari Chandubhai Machalabhai,M,AAAP,AAAP,10842,1614106
Gujarat,2014,23,Bardoli,ST,Gamit Movaliyabhai Nopariyabhai,M,BSP,BSP,11625,1614106
Gujarat,2014,23,Bardoli,ST,Chaudhari Revaben Shankarbhai,F,CPI,CPI,13270,1614106
Gujarat,2014,23,Bardoli,ST,None Of The Above,,NOTA,NOTA,19991,1614106
Gujarat,2014,23,Bardoli,ST,Chaudhari Tusharbhai Amarsinhbhai,M,INC,INC,498885,1614106
Gujarat,2014,23,Bardoli,ST,Vasava Parbhubhai Nagarbhai,M,BJP,BJP,622769,1614106
Gujarat,2014,24,Surat,GEN,Vasava Kishorbhai Chhotubhai,M,JD(U),JD(U),1187,1484068
Gujarat,2014,24,Surat,GEN,Mavjibhai Laxmanbhai Sandis,M,IND,IND,1607,1484068
Gujarat,2014,24,Surat,GEN,Kiritbhai Harjibhai Vasani,M,YuS,YuS,2640,1484068
Gujarat,2014,24,Surat,GEN,Mukeshbhai Lavjibhai Ambaliya,M,IND,IND,2695,1484068
Gujarat,2014,24,Surat,GEN,Omprakash Shrivastav,M,BSP,BSP,6346,1484068
Gujarat,2014,24,Surat,GEN,None Of The Above,,NOTA,NOTA,10936,1484068
Gujarat,2014,24,Surat,GEN,Mohanbhai B. Patel,M,AAAP,AAAP,18877,1484068
Gujarat,2014,24,Surat,GEN,Desai Naishadhbhai Bhupatbhai,M,INC,INC,185222,1484068
Gujarat,2014,24,Surat,GEN,Darshana Vikram Jardosh,F,BJP,BJP,718412,1484068
Gujarat,2014,25,Navsari,GEN,Pyarelal Bharti,M,HND,HND,834,1764622
Gujarat,2014,25,Navsari,GEN,Arun S. Pathak(Journalist),M,IND,IND,1030,1764622
Gujarat,2014,25,Navsari,GEN,Keshavji L. Saradva,M,IND,IND,1059,1764622
Gujarat,2014,25,Navsari,GEN,Sonal Kellogg,F,VoP,VoP,1089,1764622
Gujarat,2014,25,Navsari,GEN,Patel Bhupendrakumar Dhirubhai,M,JD(U),JD(U),1264,1764622
Gujarat,2014,25,Navsari,GEN,Ramjan Mansuri(Journalist),M,IND,IND,1787,1764622
Gujarat,2014,25,Navsari,GEN,Warde Rajubhai Bhimrao,M,BMUP,BMUP,2156,1764622
Gujarat,2014,25,Navsari,GEN,Percy Munshi,M,IND,IND,2235,1764622
Gujarat,2014,25,Navsari,GEN,Vimal Patel (Endhal),M,IND,IND,2739,1764622
Gujarat,2014,25,Navsari,GEN,Ravshaheb Bhimrav Patil (Bandhu),M,IND,IND,2888,1764622
Gujarat,2014,25,Navsari,GEN,Hasan Shaikh,M,IND,IND,3510,1764622
Gujarat,2014,25,Navsari,GEN,Aslam Mistry,M,BBC,BBC,3853,1764622
Gujarat,2014,25,Navsari,GEN,Rohit Gandhi,M,IND,IND,4267,1764622
Gujarat,2014,25,Navsari,GEN,Saiyed Mehmud Ahmed,M,IND,IND,6069,1764622
Gujarat,2014,25,Navsari,GEN,Lataben Ashokkumar Dwivedi,F,IND,IND,7560,1764622
Gujarat,2014,25,Navsari,GEN,None Of The Above,,NOTA,NOTA,9322,1764622
Gujarat,2014,25,Navsari,GEN,Chauhan Keshavbhai Malabhai (Master),M,BSP,BSP,11240,1764622
Gujarat,2014,25,Navsari,GEN,Mehul Patel,M,AAAP,AAAP,14299,1764622
Gujarat,2014,25,Navsari,GEN,Maksud Mirza,M,INC,INC,262715,1764622
Gujarat,2014,25,Navsari,GEN,C. R. Patil,M,BJP,BJP,820831,1764622
Gujarat,2014,26,Valsad,ST,Talaviya Babubhai Chhaganbhai,M,BMUP,BMUP,2967,1512061
Gujarat,2014,26,Valsad,ST,Patel Shaileshbhai Gandabhai,M,JD(U),JD(U),2982,1512061
Gujarat,2014,26,Valsad,ST,Dr.Pankajkumar Parbhubhai Patel,M,ADSP,ADSP,6028,1512061
Gujarat,2014,26,Valsad,ST,Patel Govindbhai Ranchhodbhai,M,AAAP,AAAP,8047,1512061
Gujarat,2014,26,Valsad,ST,Vadiya Laxmanbhai Chhaganbhai,M,CPI(ML)(L),CPI(ML)(L),9702,1512061
Gujarat,2014,26,Valsad,ST,Gaurangbhai Rameshbhai Patel,M,HJP,HJP,11372,1512061
Gujarat,2014,26,Valsad,ST,Patel Budhabhai Ranchhodbhai,M,IND,IND,12757,1512061
Gujarat,2014,26,Valsad,ST,Thakriya Ratilal Vajirbhai,M,BSP,BSP,14202,1512061
Gujarat,2014,26,Valsad,ST,None Of The Above,,NOTA,NOTA,26606,1512061
Gujarat,2014,26,Valsad,ST,Kishanbhai Vestabhai Patel,M,INC,INC,409768,1512061
Gujarat,2014,26,Valsad,ST,Dr. K.C.Patel,M,BJP,BJP,617772,1512061
Haryana,2014,1,Ambala,SC,Gurnam Singh,M,IND,IND,933,1692424
Haryana,2014,1,Ambala,SC,Ram Jawari,M,RAKP,RAKP,1290,1692424
Haryana,2014,1,Ambala,SC,Ishwar Singh,M,IND,IND,1446,1692424
Haryana,2014,1,Ambala,SC,Ramesh Chand,M,IND,IND,2715,1692424
Haryana,2014,1,Ambala,SC,Phool Chand Rattuwala,M,IND,IND,3095,1692424
Haryana,2014,1,Ambala,SC,Bhura Ram,M,IND,IND,3388,1692424
Haryana,2014,1,Ambala,SC,Rajender Kumar Bhatauli,M,BSCP,BSCP,3432,1692424
Haryana,2014,1,Ambala,SC,Bhupinder Kumar,M,IND,IND,3765,1692424
Haryana,2014,1,Ambala,SC,None Of The Above,,NOTA,NOTA,7816,1692424
Haryana,2014,1,Ambala,SC,Arun Kumar,M,CPI,CPI,11123,1692424
Haryana,2014,1,Ambala,SC,Surinder Pal Singh,M,AAAP,AAAP,63626,1692424
Haryana,2014,1,Ambala,SC,Dr. Kapoor Singh,M,BSP,BSP,102627,1692424
Haryana,2014,1,Ambala,SC,Dr. Kusum Sherwal,F,INLD,INLD,129571,1692424
Haryana,2014,1,Ambala,SC,Raj Kumar Balmiki,M,INC,INC,272047,1692424
Haryana,2014,1,Ambala,SC,Rattan Lal Kataria,M,BJP,BJP,612121,1692424
Haryana,2014,2,Kurukshetra,GEN,Ca. Satish Singal,M,IND,IND,760,1498459
Haryana,2014,2,Kurukshetra,GEN,Kiran Pal,M,BIP,BIP,762,1498459
Haryana,2014,2,Kurukshetra,GEN,Gurmeet Singh,M,LD,LD,1092,1498459
Haryana,2014,2,Kurukshetra,GEN,Onkar Singh,M,NAJC,NAJC,1483,1498459
Haryana,2014,2,Kurukshetra,GEN,Kanta Allaria,F,IBSPK,IBSPK,1534,1498459
Haryana,2014,2,Kurukshetra,GEN,Anil Kumar,M,IND,IND,1593,1498459
Haryana,2014,2,Kurukshetra,GEN,Ram Kishan,M,LPR,LPR,1635,1498459
Haryana,2014,2,Kurukshetra,GEN,Kuldeep Singh Mallhi,M,RPI,RPI,1665,1498459
Haryana,2014,2,Kurukshetra,GEN,Master Dharampal Dhiman Brahaman,M,IND,IND,1994,1498459
Haryana,2014,2,Kurukshetra,GEN,Davinder Kumar,M,IND,IND,2041,1498459
Haryana,2014,2,Kurukshetra,GEN,Vishnu Bhagwan Aggarwal,M,IND,IND,2083,1498459
Haryana,2014,2,Kurukshetra,GEN,Rameshwar Kumar Saini,M,BSCP,BSCP,2344,1498459
Haryana,2014,2,Kurukshetra,GEN,None Of The Above,,NOTA,NOTA,2482,1498459
Haryana,2014,2,Kurukshetra,GEN,Ranbir Singh Sharma,M,IND,IND,2765,1498459
Haryana,2014,2,Kurukshetra,GEN,Chuni Manoj Kumar,M,IND,IND,2770,1498459
Haryana,2014,2,Kurukshetra,GEN,Ashwani Malhotra,M,AITC,AITC,3251,1498459
Haryana,2014,2,Kurukshetra,GEN,Jasvinder Jasht Bhukhri,M,IND,IND,3887,1498459
Haryana,2014,2,Kurukshetra,GEN,Raj Kumar Saini,M,IND,IND,6061,1498459
Haryana,2014,2,Kurukshetra,GEN,Balwinder Kaur,F,AAAP,AAAP,32554,1498459
Haryana,2014,2,Kurukshetra,GEN,Chattar Singh,M,BSP,BSP,68926,1498459
Haryana,2014,2,Kurukshetra,GEN,Naveen Jindal,M,INC,INC,287722,1498459
Haryana,2014,2,Kurukshetra,GEN,Balbir Singh Saini,M,INLD,INLD,288376,1498459
Haryana,2014,2,Kurukshetra,GEN,Raj Kumar Saini,M,BJP,BJP,418112,1498459
Haryana,2014,3,Sirsa,SC,Fakir Chand,M,IND,IND,1197,1660557
Haryana,2014,3,Sirsa,SC,Manjeet Singh,M,IND,IND,1334,1660557
Haryana,2014,3,Sirsa,SC,Jaipal Bhatti,M,IND,IND,1365,1660557
Haryana,2014,3,Sirsa,SC,Jagdish,M,IND,IND,2145,1660557
Haryana,2014,3,Sirsa,SC,Balwant Singh,M,BhSMP,BhSMP,2201,1660557
Haryana,2014,3,Sirsa,SC,Sanjiv Bhojraj,M,VIP,VIP,2350,1660557
Haryana,2014,3,Sirsa,SC,Hansraj Hansa,M,JM,JM,2901,1660557
Haryana,2014,3,Sirsa,SC,Surender Kumar (Urf) Menpal Phoola,M,IND,IND,3432,1660557
Haryana,2014,3,Sirsa,SC,None Of The Above,,NOTA,NOTA,4033,1660557
Haryana,2014,3,Sirsa,SC,Mewa Singh,M,IND,IND,4136,1660557
Haryana,2014,3,Sirsa,SC,Raj Kumar Nagar,M,SP,SP,4208,1660557
Haryana,2014,3,Sirsa,SC,Rajbir Palna,M,IND,IND,5636,1660557
Haryana,2014,3,Sirsa,SC,Ranvir Khobra,M,IND,IND,7308,1660557
Haryana,2014,3,Sirsa,SC,Comrade Ram Kumar,M,CPM,CPM,11194,1660557
Haryana,2014,3,Sirsa,SC,Mangeram,M,BSP,BSP,20750,1660557
Haryana,2014,3,Sirsa,SC,Poonam Chand Ratti,M,AAAP,AAAP,66844,1660557
Haryana,2014,3,Sirsa,SC,Dr. Sushil Indora,M,HJCBL,HJCBL,241067,1660557
Haryana,2014,3,Sirsa,SC,Ashok Tanwar,M,INC,INC,390634,1660557
Haryana,2014,3,Sirsa,SC,Charanjeet Singh Rori,M,INLD,INLD,506370,1660557
Haryana,2014,4,Hisar,GEN,Sita Ram,M,IND,IND,128,1517606
Haryana,2014,4,Hisar,GEN,Sunder,M,IND,IND,134,1517606
Haryana,2014,4,Hisar,GEN,Rakesh Kumar (Rinku Bhai),M,IND,IND,176,1517606
Haryana,2014,4,Hisar,GEN,Yudhvir,M,IND,IND,197,1517606
Haryana,2014,4,Hisar,GEN,Baljeet,M,IND,IND,208,1517606
Haryana,2014,4,Hisar,GEN,Balwan Singh,M,IND,IND,213,1517606
Haryana,2014,4,Hisar,GEN,Hansraj,M,IND,IND,245,1517606
Haryana,2014,4,Hisar,GEN,Raj Kumar,M,IND,IND,255,1517606
Haryana,2014,4,Hisar,GEN,Sushil Nidhi,M,IND,IND,273,1517606
Haryana,2014,4,Hisar,GEN,Atam Parkash,M,IND,IND,300,1517606
Haryana,2014,4,Hisar,GEN,Arun Kumar,M,IND,IND,307,1517606
Haryana,2014,4,Hisar,GEN,Umed Singh,M,IND,IND,342,1517606
Haryana,2014,4,Hisar,GEN,Satbir,M,IND,IND,363,1517606
Haryana,2014,4,Hisar,GEN,Shravan Kumar Asija,M,IND,IND,371,1517606
Haryana,2014,4,Hisar,GEN,Narinder Kumar,M,IND,IND,388,1517606
Haryana,2014,4,Hisar,GEN,Kuldeep S/O Sajjan,M,IND,IND,395,1517606
Haryana,2014,4,Hisar,GEN,Narender,M,IND,IND,408,1517606
Haryana,2014,4,Hisar,GEN,Shiv Kumar,M,IND,IND,447,1517606
Haryana,2014,4,Hisar,GEN,Ram Phal,M,IND,IND,463,1517606
Haryana,2014,4,Hisar,GEN,Naresh Batra,M,IND,IND,587,1517606
Haryana,2014,4,Hisar,GEN,Raj Singh,M,IND,IND,600,1517606
Haryana,2014,4,Hisar,GEN,Vikas,M,IND,IND,684,1517606
Haryana,2014,4,Hisar,GEN,Sushil Kaushik,M,IND,IND,700,1517606
Haryana,2014,4,Hisar,GEN,Kuldeep Singh S/O Shishpal,M,BMUP,BMUP,705,1517606
Haryana,2014,4,Hisar,GEN,Kuldeep S/O Madan Lal,M,IND,IND,959,1517606
Haryana,2014,4,Hisar,GEN,Vishnu Kumar,M,IND,IND,1048,1517606
Haryana,2014,4,Hisar,GEN,Kartar Singh,M,IND,IND,1143,1517606
Haryana,2014,4,Hisar,GEN,Mamta Rani,F,RPP(LB),RPP(LB),1195,1517606
Haryana,2014,4,Hisar,GEN,Kuldeep S/O Ishwar Singh,M,IND,IND,1242,1517606
Haryana,2014,4,Hisar,GEN,Om Parkash,M,BhSMP,BhSMP,1471,1517606
Haryana,2014,4,Hisar,GEN,None Of The Above,,NOTA,NOTA,1645,1517606
Haryana,2014,4,Hisar,GEN,Dr. Rajesh Mahendia,M,IND,IND,1723,1517606
Haryana,2014,4,Hisar,GEN,Vijay Kumar Sharma,M,IND,IND,1788,1517606
Haryana,2014,4,Hisar,GEN,Kuldeep S/O Karan Singh,M,IND,IND,1886,1517606
Haryana,2014,4,Hisar,GEN,Kuldeep S/O Pardumn,M,IND,IND,2587,1517606
Haryana,2014,4,Hisar,GEN,Kuldeep S/O Narain Singh,M,IND,IND,5251,1517606
Haryana,2014,4,Hisar,GEN,Phul Singh,M,CPM,CPM,6533,1517606
Haryana,2014,4,Hisar,GEN,Dr. Yudhbir Singh Khyalia,M,AAAP,AAAP,28490,1517606
Haryana,2014,4,Hisar,GEN,Mange Ram,M,BSP,BSP,30446,1517606
Haryana,2014,4,Hisar,GEN,Sampat Singh,M,INC,INC,102509,1517606
Haryana,2014,4,Hisar,GEN,Kuldeep Bishnoi,M,HJCBL,HJCBL,462631,1517606
Haryana,2014,4,Hisar,GEN,Dushyant Chautala,M,INLD,INLD,494478,1517606
Haryana,2014,5,Karnal,GEN,Devender Jaglan,M,RPI(A),RPI(A),759,1684321
Haryana,2014,5,Karnal,GEN,Davinder Sharma,M,RAKP,RAKP,806,1684321
Haryana,2014,5,Karnal,GEN,Puran Singh Panwar,M,RVNP,RVNP,865,1684321
Haryana,2014,5,Karnal,GEN,Khatab Singh Mor,M,BSCP,BSCP,885,1684321
Haryana,2014,5,Karnal,GEN,Ramphal Sharma,M,IND,IND,940,1684321
Haryana,2014,5,Karnal,GEN,Duli Chand,M,LPR,LPR,1144,1684321
Haryana,2014,5,Karnal,GEN,Arvind Tiwari,M,IND,IND,1260,1684321
Haryana,2014,5,Karnal,GEN,Mahinder Pal,M,IND,IND,1276,1684321
Haryana,2014,5,Karnal,GEN,Ashish,M,AIFB,AIFB,1314,1684321
Haryana,2014,5,Karnal,GEN,Savitri,F,IND,IND,1468,1684321
Haryana,2014,5,Karnal,GEN,Shashi Saini,F,IND,IND,1544,1684321
Haryana,2014,5,Karnal,GEN,Kismat Sharma,M,IND,IND,1757,1684321
Haryana,2014,5,Karnal,GEN,Rajesh Kumar,M,IND,IND,1937,1684321
Haryana,2014,5,Karnal,GEN,Pale Ram Kashyap,M,RJP(E),RJP(E),2654,1684321
Haryana,2014,5,Karnal,GEN,Mahmood Hassan,M,IND,IND,2723,1684321
Haryana,2014,5,Karnal,GEN,Jagbir Singh Rana,M,IND,IND,2775,1684321
Haryana,2014,5,Karnal,GEN,None Of The Above,,NOTA,NOTA,2929,1684321
Haryana,2014,5,Karnal,GEN,Jagdish,M,IND,IND,3442,1684321
Haryana,2014,5,Karnal,GEN,Mam Chand,M,CPI,CPI,10945,1684321
Haryana,2014,5,Karnal,GEN,Paramjit Singh,M,AAAP,AAAP,32060,1684321
Haryana,2014,5,Karnal,GEN,Maratha Virender Verma,M,BSP,BSP,102628,1684321
Haryana,2014,5,Karnal,GEN,Jaswinder Singh Sandhu,M,INLD,INLD,187902,1684321
Haryana,2014,5,Karnal,GEN,Arvind Kumar Sharma,M,INC,INC,234670,1684321
Haryana,2014,5,Karnal,GEN,Ashwini Kumar,M,BJP,BJP,594817,1684321
Haryana,2014,6,Sonipat,GEN,Anup Sing Dahiya,M,RJAVP,RJAVP,259,1417188
Haryana,2014,6,Sonipat,GEN,Jagbir,M,IND,IND,357,1417188
Haryana,2014,6,Sonipat,GEN,Anil Kumar,M,RBHP,RBHP,468,1417188
Haryana,2014,6,Sonipat,GEN,Ashok Kumar Vashishth,M,RPI(A),RPI(A),492,1417188
Haryana,2014,6,Sonipat,GEN,Satya Narayan,M,IND,IND,550,1417188
Haryana,2014,6,Sonipat,GEN,Jaswant,M,IND,IND,656,1417188
Haryana,2014,6,Sonipat,GEN,Dalbir Singh Chahal,M,RVNP,RVNP,671,1417188
Haryana,2014,6,Sonipat,GEN,Sitender Singh,M,IND,IND,899,1417188
Haryana,2014,6,Sonipat,GEN,Gulab Singh,M,PHRC,PHRC,916,1417188
Haryana,2014,6,Sonipat,GEN,Sant Dharamvir Chotiwala,M,IND,IND,943,1417188
Haryana,2014,6,Sonipat,GEN,Bijender Kumar,M,IND,IND,965,1417188
Haryana,2014,6,Sonipat,GEN,Padam Singh,M,IND,IND,1375,1417188
Haryana,2014,6,Sonipat,GEN,Hari Parkash Comrade,M,SUCI,SUCI,1757,1417188
Haryana,2014,6,Sonipat,GEN,None Of The Above,,NOTA,NOTA,2403,1417188
Haryana,2014,6,Sonipat,GEN,Manoj Kumar,M,IND,IND,2417,1417188
Haryana,2014,6,Sonipat,GEN,Bhupeshwar Dayal,M,IND,IND,2525,1417188
Haryana,2014,6,Sonipat,GEN,Sanjay,M,IND,IND,3950,1417188
Haryana,2014,6,Sonipat,GEN,Ramesh,M,IND,IND,4405,1417188
Haryana,2014,6,Sonipat,GEN,Sukhbir Singh,M,IND,IND,5534,1417188
Haryana,2014,6,Sonipat,GEN,Suman Singh,M,BSP,BSP,24103,1417188
Haryana,2014,6,Sonipat,GEN,Jai Singh,M,AAAP,AAAP,48597,1417188
Haryana,2014,6,Sonipat,GEN,Padam Singh,M,INLD,INLD,264404,1417188
Haryana,2014,6,Sonipat,GEN,Jagbir Singh Malik,M,INC,INC,269789,1417188
Haryana,2014,6,Sonipat,GEN,Ramesh Chander,M,BJP,BJP,347203,1417188
Haryana,2014,7,Rohtak,GEN,Karan Singh,M,IND,IND,394,1567508
Haryana,2014,7,Rohtak,GEN,Ravinder Kumar,M,IBSPK,IBSPK,418,1567508
Haryana,2014,7,Rohtak,GEN,Jai Singh,M,IND,IND,614,1567508
Haryana,2014,7,Rohtak,GEN,Anil,M,RBHP,RBHP,829,1567508
Haryana,2014,7,Rohtak,GEN,Sunil Kumar,M,AITC,AITC,947,1567508
Haryana,2014,7,Rohtak,GEN,Sajjan Singh,M,IND,IND,2032,1567508
Haryana,2014,7,Rohtak,GEN,Satpal,M,IND,IND,2449,1567508
Haryana,2014,7,Rohtak,GEN,Jai Karan Mandauthi,M,SUCI,SUCI,2497,1567508
Haryana,2014,7,Rohtak,GEN,Vishnu Dutt,M,IND,IND,3151,1567508
Haryana,2014,7,Rohtak,GEN,None Of The Above,,NOTA,NOTA,4932,1567508
Haryana,2014,7,Rohtak,GEN,Manoj Kumar,M,BSP,BSP,18690,1567508
Haryana,2014,7,Rohtak,GEN,Naveen Jaihind,M,AAAP,AAAP,46759,1567508
Haryana,2014,7,Rohtak,GEN,Shamsher Singh Kharkara,M,INLD,INLD,151120,1567508
Haryana,2014,7,Rohtak,GEN,Om Parkash Dhankar,M,BJP,BJP,319436,1567508
Haryana,2014,7,Rohtak,GEN,Deepender Singh Hooda,M,INC,INC,490063,1567508
Haryana,2014,8,Bhiwani-Mahendragarh,GEN,Sukhbir Singh,M,IND,IND,275,1473912
Haryana,2014,8,Bhiwani-Mahendragarh,GEN,Rakesh Kumar,M,IND,IND,293,1473912
Haryana,2014,8,Bhiwani-Mahendragarh,GEN,Satpal S/O Lokram,M,IND,IND,297,1473912
Haryana,2014,8,Bhiwani-Mahendragarh,GEN,Sher Singh,M,IND,IND,361,1473912
Haryana,2014,8,Bhiwani-Mahendragarh,GEN,Samser,M,NLP,NLP,391,1473912
Haryana,2014,8,Bhiwani-Mahendragarh,GEN,Mahavir Singh,M,IND,IND,393,1473912
Haryana,2014,8,Bhiwani-Mahendragarh,GEN,Sudhir Chandwas,M,IND,IND,523,1473912
Haryana,2014,8,Bhiwani-Mahendragarh,GEN,Rajiv,M,BMUP,BMUP,603,1473912
Haryana,2014,8,Bhiwani-Mahendragarh,GEN,Dharambir S/O Banwari,M,IND,IND,708,1473912
Haryana,2014,8,Bhiwani-Mahendragarh,GEN,Satpal S/O Sube,M,IND,IND,826,1473912
Haryana,2014,8,Bhiwani-Mahendragarh,GEN,Dharm Bir S/O Hari Singh,M,IND,IND,995,1473912
Haryana,2014,8,Bhiwani-Mahendragarh,GEN,Vedparkash Bhartiya,M,IND,IND,1020,1473912
Haryana,2014,8,Bhiwani-Mahendragarh,GEN,Chitter Singh Bali,M,IND,IND,1060,1473912
Haryana,2014,8,Bhiwani-Mahendragarh,GEN,Pardeep Singh Tanwar,M,IND,IND,1334,1473912
Haryana,2014,8,Bhiwani-Mahendragarh,GEN,Naresh Kumar,M,SP,SP,1493,1473912
Haryana,2014,8,Bhiwani-Mahendragarh,GEN,Ombir,M,LPR,LPR,1617,1473912
Haryana,2014,8,Bhiwani-Mahendragarh,GEN,None Of The Above,,NOTA,NOTA,1994,1473912
Haryana,2014,8,Bhiwani-Mahendragarh,GEN,Dharambir Singh,M,IND,IND,2357,1473912
Haryana,2014,8,Bhiwani-Mahendragarh,GEN,Narender Pichopa-Khurd,M,IND,IND,3151,1473912
Haryana,2014,8,Bhiwani-Mahendragarh,GEN,Puran Mal Sharma,M,IND,IND,3195,1473912
Haryana,2014,8,Bhiwani-Mahendragarh,GEN,Master Sher Singh,M,CPM,CPM,3441,1473912
Haryana,2014,8,Bhiwani-Mahendragarh,GEN,Lal Chand,M,RBC,RBC,6265,1473912
Haryana,2014,8,Bhiwani-Mahendragarh,GEN,Lalit Aggarwal,M,AAAP,AAAP,22200,1473912
Haryana,2014,8,Bhiwani-Mahendragarh,GEN,Ved Pal Tanwar,M,BSP,BSP,27834,1473912
Haryana,2014,8,Bhiwani-Mahendragarh,GEN,Shruti Choudhry,F,INC,INC,268115,1473912
Haryana,2014,8,Bhiwani-Mahendragarh,GEN,Bahadur Singh,M,INLD,INLD,275148,1473912
Haryana,2014,8,Bhiwani-Mahendragarh,GEN,Dharambir S/O Bhale Ram,M,BJP,BJP,404542,1473912
Haryana,2014,9,Gurgaon,GEN,Ahshan Ali,M,IND,IND,455,1844906
Haryana,2014,9,Gurgaon,GEN,Usha Rani Verma,F,IND,IND,489,1844906
Haryana,2014,9,Gurgaon,GEN,Rajeev Yadav,M,IND,IND,494,1844906
Haryana,2014,9,Gurgaon,GEN,Rajesh,M,IND,IND,566,1844906
Haryana,2014,9,Gurgaon,GEN,Ombir Sharma,M,IND,IND,566,1844906
Haryana,2014,9,Gurgaon,GEN,Surinder Kumar Khullar,M,IND,IND,685,1844906
Haryana,2014,9,Gurgaon,GEN,Abdul Latif,M,IND,IND,699,1844906
Haryana,2014,9,Gurgaon,GEN,Ashok Bhardwaj,M,NAJC,NAJC,713,1844906
Haryana,2014,9,Gurgaon,GEN,Mul Chand,M,IND,IND,804,1844906
Haryana,2014,9,Gurgaon,GEN,Umed Singh,M,RMOP,RMOP,923,1844906
Haryana,2014,9,Gurgaon,GEN,Karan Singh Journalist,M,IND,IND,938,1844906
Haryana,2014,9,Gurgaon,GEN,Mahender Jat,M,IND,IND,1021,1844906
Haryana,2014,9,Gurgaon,GEN,Hemant Kumar Saini,M,BMUP,BMUP,1153,1844906
Haryana,2014,9,Gurgaon,GEN,Akbar Kasmi,M,RUC,RUC,1429,1844906
Haryana,2014,9,Gurgaon,GEN,None Of The Above,,NOTA,NOTA,2658,1844906
Haryana,2014,9,Gurgaon,GEN,Manoj Yadav,M,IND,IND,3043,1844906
Haryana,2014,9,Gurgaon,GEN,Fauji Jai Kawar Tyagi Dixit,M,IND,IND,3147,1844906
Haryana,2014,9,Gurgaon,GEN,Kusheshwar Bhagat,M,IND,IND,7821,1844906
Haryana,2014,9,Gurgaon,GEN,Dharampal,M,BSP,BSP,65009,1844906
Haryana,2014,9,Gurgaon,GEN,Yogendra Yadav,M,AAAP,AAAP,79456,1844906
Haryana,2014,9,Gurgaon,GEN,Rao Dharam Pal,M,INC,INC,133713,1844906
Haryana,2014,9,Gurgaon,GEN,Zakir Hussain,M,INLD,INLD,370058,1844906
Haryana,2014,9,Gurgaon,GEN,Inderjit Singh Rao,M,BJP,BJP,644780,1844906
Haryana,2014,10,Faridabad,GEN,Vijay Raj,M,IND,IND,407,1740352
Haryana,2014,10,Faridabad,GEN,Rajender,M,IND,IND,410,1740352
Haryana,2014,10,Faridabad,GEN,Lalit Mittal,M,IND,IND,420,1740352
Haryana,2014,10,Faridabad,GEN,Mukesh Kumar Singh,M,IND,IND,442,1740352
Haryana,2014,10,Faridabad,GEN,Deepak Gaur,M,AVIRP,AVIRP,479,1740352
Haryana,2014,10,Faridabad,GEN,Shushila,F,IND,IND,524,1740352
Haryana,2014,10,Faridabad,GEN,Kusum Kumari,F,AIPF,AIPF,620,1740352
Haryana,2014,10,Faridabad,GEN,Mandheer Singh Maan,M,IND,IND,644,1740352
Haryana,2014,10,Faridabad,GEN,Laxman,M,IND,IND,656,1740352
Haryana,2014,10,Faridabad,GEN,Aherwan Dharmender Rawat,M,IND,IND,665,1740352
Haryana,2014,10,Faridabad,GEN,Khush Dil Sehgal (Kapoor),M,ABHKP,ABHKP,685,1740352
Haryana,2014,10,Faridabad,GEN,Chaudhary Daya Chand,M,BSCP,BSCP,711,1740352
Haryana,2014,10,Faridabad,GEN,Advocate Kamal Chand Arya,M,BMUP,BMUP,967,1740352
Haryana,2014,10,Faridabad,GEN,Nirmala,F,JD(U),JD(U),976,1740352
Haryana,2014,10,Faridabad,GEN,Sukhveer,M,RBCP,RBCP,1084,1740352
Haryana,2014,10,Faridabad,GEN,Sanjay Maurya,M,IND,IND,1104,1740352
Haryana,2014,10,Faridabad,GEN,Ravinder Bhati,M,ABHM,ABHM,1689,1740352
Haryana,2014,10,Faridabad,GEN,Mohd. Mukim,M,NLP,NLP,1735,1740352
Haryana,2014,10,Faridabad,GEN,Kheme Thakur,M,SP,SP,1940,1740352
Haryana,2014,10,Faridabad,GEN,Dr. Kshetra Pal Singh,M,IND,IND,1942,1740352
Haryana,2014,10,Faridabad,GEN,Nanak Chand,M,IND,IND,2550,1740352
Haryana,2014,10,Faridabad,GEN,Hamid Khan,M,hkd,hkd,2761,1740352
Haryana,2014,10,Faridabad,GEN,None Of The Above,,NOTA,NOTA,3328,1740352
Haryana,2014,10,Faridabad,GEN,Pt. Rajender Sharma,M,BSP,BSP,66000,1740352
Haryana,2014,10,Faridabad,GEN,Purshotam Dagar,M,AAAP,AAAP,67355,1740352
Haryana,2014,10,Faridabad,GEN,R K Anand,M,INLD,INLD,132472,1740352
Haryana,2014,10,Faridabad,GEN,Avtar Singh Bhadana,M,INC,INC,185643,1740352
Haryana,2014,10,Faridabad,GEN,Krishan Pal,M,BJP,BJP,652516,1740352
Himachal Pradesh,2014,1,Kangra,GEN,Raman Kumar,M,BMUP,BMUP,637,1258601
Himachal Pradesh,2014,1,Kangra,GEN,Parvesh Yadav,F,SP,SP,808,1258601
Himachal Pradesh,2014,1,Kangra,GEN,Baldev Raj,M,HiSP,HiSP,997,1258601
Himachal Pradesh,2014,1,Kangra,GEN,Dhani Ram,M,IND,IND,1085,1258601
Himachal Pradesh,2014,1,Kangra,GEN,Dr. Atul Thakur Bharmori,M,IND,IND,1133,1258601
Himachal Pradesh,2014,1,Kangra,GEN,Arti Soni,F,SHS,SHS,3757,1258601
Himachal Pradesh,2014,1,Kangra,GEN,Prem Chand Vishvakarma,M,IND,IND,4106,1258601
Himachal Pradesh,2014,1,Kangra,GEN,Bhupinder Mehra,M,IND,IND,5585,1258601
Himachal Pradesh,2014,1,Kangra,GEN,Lal Hussain,M,BSP,BSP,5949,1258601
Himachal Pradesh,2014,1,Kangra,GEN,None Of The Above,,NOTA,NOTA,8704,1258601
Himachal Pradesh,2014,1,Kangra,GEN,Dr. Rajan Sushant,M,AAAP,AAAP,24430,1258601
Himachal Pradesh,2014,1,Kangra,GEN,Chander Kumar,M,INC,INC,286091,1258601
Himachal Pradesh,2014,1,Kangra,GEN,Shanta Kumar,M,BJP,BJP,456163,1258601
Himachal Pradesh,2014,2,Mandi,GEN,Devender Dev,M,BMUP,BMUP,901,1150408
Himachal Pradesh,2014,2,Mandi,GEN,Puni Chand,M,SP,SP,923,1150408
Himachal Pradesh,2014,2,Mandi,GEN,Bhag Chand Rana,M,IND,IND,1868,1150408
Himachal Pradesh,2014,2,Mandi,GEN,Subhash Mohan Snehi,M,IND,IND,1928,1150408
Himachal Pradesh,2014,2,Mandi,GEN,Lala Ram,M,BSP,BSP,5167,1150408
Himachal Pradesh,2014,2,Mandi,GEN,None Of The Above,,NOTA,NOTA,6191,1150408
Himachal Pradesh,2014,2,Mandi,GEN,Jai Chand Thakur,M,AAAP,AAAP,9359,1150408
Himachal Pradesh,2014,2,Mandi,GEN,Kushal Bhardwaj,M,CPM,CPM,13965,1150408
Himachal Pradesh,2014,2,Mandi,GEN,Pratibha Singh,F,INC,INC,322968,1150408
Himachal Pradesh,2014,2,Mandi,GEN,Ram Swaroop Sharma,M,BJP,BJP,362824,1150408
Himachal Pradesh,2014,3,Hamirpur,GEN,Ashish Kumar,M,IND,IND,603,1247699
Himachal Pradesh,2014,3,Hamirpur,GEN,Amin Chand,M,IND,IND,647,1247699
Himachal Pradesh,2014,3,Hamirpur,GEN,Shiv Dutt Vasisht,M,SHS,SHS,952,1247699
Himachal Pradesh,2014,3,Hamirpur,GEN,Dev Raj Bhardwaj,M,IND,IND,1692,1247699
Himachal Pradesh,2014,3,Hamirpur,GEN,Urmila Sharma,F,SP,SP,2328,1247699
Himachal Pradesh,2014,3,Hamirpur,GEN,Rajinder Singh Rana,M,IND,IND,3687,1247699
Himachal Pradesh,2014,3,Hamirpur,GEN,Rakesh Choudhary,M,BSP,BSP,5827,1247699
Himachal Pradesh,2014,3,Hamirpur,GEN,None Of The Above,,NOTA,NOTA,6473,1247699
Himachal Pradesh,2014,3,Hamirpur,GEN,Kamal Kanta Batra,F,AAAP,AAAP,15329,1247699
Himachal Pradesh,2014,3,Hamirpur,GEN,Rajinder Singh Rana,M,INC,INC,349632,1247699
Himachal Pradesh,2014,3,Hamirpur,GEN,Anurag Singh Thakur,M,BJP,BJP,448035,1247699
Himachal Pradesh,2014,4,Shimla,SC,Shurveer Singh,M,SP,SP,4385,1153363
Himachal Pradesh,2014,4,Shimla,SC,Gurnam Singh Koli,M,BSP,BSP,5985,1153363
Himachal Pradesh,2014,4,Shimla,SC,Virender Kumar Kashyap,M,IND,IND,6173,1153363
Himachal Pradesh,2014,4,Shimla,SC,None Of The Above,,NOTA,NOTA,7787,1153363
Himachal Pradesh,2014,4,Shimla,SC,Jagat Ram,M,CPM,CPM,11434,1153363
Himachal Pradesh,2014,4,Shimla,SC,Subhash Chander,M,AAAP,AAAP,14233,1153363
Himachal Pradesh,2014,4,Shimla,SC,Mohan Lal Brakta,M,INC,INC,301786,1153363
Himachal Pradesh,2014,4,Shimla,SC,Virender Kashyap,M,BJP,BJP,385973,1153363
Jammu & Kashmir,2014,1,Baramulla,GEN,Ashiq Hussain Ganie,M,IND,IND,1943,1190766
Jammu & Kashmir,2014,1,Baramulla,GEN,Nisar Ahmad Ahanger,M,IND,IND,2050,1190766
Jammu & Kashmir,2014,1,Baramulla,GEN,Bashir Ahmad Jagal,M,PRISM,PRISM,2694,1190766
Jammu & Kashmir,2014,1,Baramulla,GEN,Mohd Shafi Bhat,M,BSP,BSP,3143,1190766
Jammu & Kashmir,2014,1,Baramulla,GEN,Ab. Hamid Malik,M,IND,IND,3655,1190766
Jammu & Kashmir,2014,1,Baramulla,GEN,Mohd Abdullah Chatwal,M,IND,IND,4006,1190766
Jammu & Kashmir,2014,1,Baramulla,GEN,Syed Mohd Rafiq Shah,M,JKNPP,JKNPP,4141,1190766
Jammu & Kashmir,2014,1,Baramulla,GEN,None Of The Above,,NOTA,NOTA,4568,1190766
Jammu & Kashmir,2014,1,Baramulla,GEN,Ayaz Ahmad Sofi,M,GaAP,GaAP,5566,1190766
Jammu & Kashmir,2014,1,Baramulla,GEN,Tanveer Hussain,M,IND,IND,5788,1190766
Jammu & Kashmir,2014,1,Baramulla,GEN,Ghulam Mohammad Mir,M,BJP,BJP,6558,1190766
Jammu & Kashmir,2014,1,Baramulla,GEN,Abdul Hussain,M,IND,IND,7301,1190766
Jammu & Kashmir,2014,1,Baramulla,GEN,Er. Abdul Rashid Sheikh,M,IND,IND,22090,1190766
Jammu & Kashmir,2014,1,Baramulla,GEN,Salamuddin Bajad,M,JPC,JPC,71154,1190766
Jammu & Kashmir,2014,1,Baramulla,GEN,Sharief Ud-Din Shariq,M,JKN,JKN,146058,1190766
Jammu & Kashmir,2014,1,Baramulla,GEN,Muzaffar Hussain Baig,M,JKPDP,JKPDP,175277,1190766
Jammu & Kashmir,2014,2,Srinagar,GEN,Riyaz Ahmad Wani,M,IND,IND,461,1207230
Jammu & Kashmir,2014,2,Srinagar,GEN,Mushtaq Shamim,M,ABML(S),ABML(S),521,1207230
Jammu & Kashmir,2014,2,Srinagar,GEN,Mohammad Maqbool Malik,M,JKNPP,JKNPP,583,1207230
Jammu & Kashmir,2014,2,Srinagar,GEN,Chetan Sharma,M,IND,IND,608,1207230
Jammu & Kashmir,2014,2,Srinagar,GEN,Rabia Altaf,F,IND,IND,864,1207230
Jammu & Kashmir,2014,2,Srinagar,GEN,Mohammad Shafi Guroo,M,IND,IND,1157,1207230
Jammu & Kashmir,2014,2,Srinagar,GEN,Bashir Mohd Reshi,M,IND,IND,1215,1207230
Jammu & Kashmir,2014,2,Srinagar,GEN,Abdul Rashid Tantray,M,IND,IND,1668,1207230
Jammu & Kashmir,2014,2,Srinagar,GEN,Mirza Sajad Hussain Beigh,M,IND,IND,2802,1207230
Jammu & Kashmir,2014,2,Srinagar,GEN,Dr Raja Muzaffar Bhat,M,AAAP,AAAP,3271,1207230
Jammu & Kashmir,2014,2,Srinagar,GEN,Fayaz Ahmad Bhat,M,BJP,BJP,4467,1207230
Jammu & Kashmir,2014,2,Srinagar,GEN,None Of The Above,,NOTA,NOTA,4979,1207230
Jammu & Kashmir,2014,2,Srinagar,GEN,Aga Syed Mohsin,M,IND,IND,16050,1207230
Jammu & Kashmir,2014,2,Srinagar,GEN,Farooq Abdullah,M,JKN,JKN,115643,1207230
Jammu & Kashmir,2014,2,Srinagar,GEN,Tariq Hameed Karra,M,JKPDP,JKPDP,157923,1207230
Jammu & Kashmir,2014,3,Anantnag,GEN,Asif Jeelani,M,AIFB,AIFB,803,1301143
Jammu & Kashmir,2014,3,Anantnag,GEN,Mohammad Yaqoob Rather,M,AKAKRP,AKAKRP,1568,1301143
Jammu & Kashmir,2014,3,Anantnag,GEN,Gh. Nabi Shah,M,SP,SP,1837,1301143
Jammu & Kashmir,2014,3,Anantnag,GEN,Dr. Tanvir Maqbool Dar,M,AAAP,AAAP,3252,1301143
Jammu & Kashmir,2014,3,Anantnag,GEN,Mohd Yousif Ganie,M,ASP,ASP,3286,1301143
Jammu & Kashmir,2014,3,Anantnag,GEN,Mohammad Sharif,M,BSP,BSP,3312,1301143
Jammu & Kashmir,2014,3,Anantnag,GEN,Abdul Ahad Mir,M,IND,IND,3439,1301143
Jammu & Kashmir,2014,3,Anantnag,GEN,Syed Abid Ahmad Shah,M,JKNPP,JKNPP,4345,1301143
Jammu & Kashmir,2014,3,Anantnag,GEN,Mushtaq Ahmad Malik,M,BJP,BJP,4720,1301143
Jammu & Kashmir,2014,3,Anantnag,GEN,None Of The Above,,NOTA,NOTA,5936,1301143
Jammu & Kashmir,2014,3,Anantnag,GEN,Tanveer Hussain Khan,M,IND,IND,7340,1301143
Jammu & Kashmir,2014,3,Anantnag,GEN,Mirza Mehboob Beg,M,JKN,JKN,135012,1301143
Jammu & Kashmir,2014,3,Anantnag,GEN,Mehbooba Mufti,F,JKPDP,JKPDP,200429,1301143
Jammu & Kashmir,2014,4,Ladakh,GEN,None Of The Above,,NOTA,NOTA,1207,166763
Jammu & Kashmir,2014,4,Ladakh,GEN,Tsering Samphel,M,INC,INC,26402,166763
Jammu & Kashmir,2014,4,Ladakh,GEN,Syed Mohd Kazim,M,IND,IND,28234,166763
Jammu & Kashmir,2014,4,Ladakh,GEN,Ghulam Raza,M,IND,IND,31075,166763
Jammu & Kashmir,2014,4,Ladakh,GEN,Thupstan Chhewang,M,BJP,BJP,31111,166763
Jammu & Kashmir,2014,5,Udhampur,GEN,Jagdish Kumar,M,JMBP,JMBP,1809,1469072
Jammu & Kashmir,2014,5,Udhampur,GEN,Smt. Amrit Barsha,F,SP,SP,1842,1469072
Jammu & Kashmir,2014,5,Udhampur,GEN,Girdhari Lal,M,BHBP,BHBP,1971,1469072
Jammu & Kashmir,2014,5,Udhampur,GEN,Sham Lal,M,AJKMP,AJKMP,2187,1469072
Jammu & Kashmir,2014,5,Udhampur,GEN,Anil Kumar Gupta,M,IND,IND,5755,1469072
Jammu & Kashmir,2014,5,Udhampur,GEN,Bansi Lal,M,IND,IND,7339,1469072
Jammu & Kashmir,2014,5,Udhampur,GEN,Nazakat Hussain,M,IND,IND,9217,1469072
Jammu & Kashmir,2014,5,Udhampur,GEN,None Of The Above,,NOTA,NOTA,10478,1469072
Jammu & Kashmir,2014,5,Udhampur,GEN,Anil Khajuria,M,IND,IND,15188,1469072
Jammu & Kashmir,2014,5,Udhampur,GEN,Dharam Pal Balgotra,M,BSP,BSP,16437,1469072
Jammu & Kashmir,2014,5,Udhampur,GEN,Prof. Bhim Singh,M,JKNPP,JKNPP,25312,1469072
Jammu & Kashmir,2014,5,Udhampur,GEN,Mohd Arshad Malik,M,JKPDP,JKPDP,30461,1469072
Jammu & Kashmir,2014,5,Udhampur,GEN,Ghulam Nabi Azad,M,INC,INC,426393,1469072
Jammu & Kashmir,2014,5,Udhampur,GEN,Dr. Jitendra Singh,M,BJP,BJP,487369,1469072
Jammu & Kashmir,2014,6,Jammu,GEN,Satish Poonchi,M,IND,IND,1981,1848155
Jammu & Kashmir,2014,6,Jammu,GEN,Mehar Manav Bhagat,M,BHBP,BHBP,2013,1848155
Jammu & Kashmir,2014,6,Jammu,GEN,Subash Chander,M,AJKMP,AJKMP,2205,1848155
Jammu & Kashmir,2014,6,Jammu,GEN,Mohd. Abbas Khan,M,IND,IND,2469,1848155
Jammu & Kashmir,2014,6,Jammu,GEN,Ashok Kumar Sharma,M,IND,IND,2582,1848155
Jammu & Kashmir,2014,6,Jammu,GEN,Raj Kumar,M,IND,IND,2991,1848155
Jammu & Kashmir,2014,6,Jammu,GEN,Bahadur Singh Chowdhary,M,SP,SP,3164,1848155
Jammu & Kashmir,2014,6,Jammu,GEN,Abdul Majid Chouhan,M,IND,IND,4177,1848155
Jammu & Kashmir,2014,6,Jammu,GEN,None Of The Above,,NOTA,NOTA,4382,1848155
Jammu & Kashmir,2014,6,Jammu,GEN,Labha Ram,M,IND,IND,5046,1848155
Jammu & Kashmir,2014,6,Jammu,GEN,Vijay Kumar,M,IND,IND,5125,1848155
Jammu & Kashmir,2014,6,Jammu,GEN,Nirmal Singh,M,IND,IND,5286,1848155
Jammu & Kashmir,2014,6,Jammu,GEN,Gursagar Singh,M,SDP,SDP,6042,1848155
Jammu & Kashmir,2014,6,Jammu,GEN,Perseen Singh,M,IND,IND,7173,1848155
Jammu & Kashmir,2014,6,Jammu,GEN,Mohd. Imtiaz,M,IND,IND,7423,1848155
Jammu & Kashmir,2014,6,Jammu,GEN,Hari Chand Jalmeria,M,JKNPP,JKNPP,9071,1848155
Jammu & Kashmir,2014,6,Jammu,GEN,Ashok Kumar,M,BSP,BSP,31199,1848155
Jammu & Kashmir,2014,6,Jammu,GEN,Yashpal Sharma,M,JKPDP,JKPDP,168554,1848155
Jammu & Kashmir,2014,6,Jammu,GEN,Madan Lal Sharma,M,INC,INC,362715,1848155
Jammu & Kashmir,2014,6,Jammu,GEN,Jugal Kishore,M,BJP,BJP,619995,1848155
Jharkhand,2014,1,Rajmahal,ST,Arun Marandi,M,BSP,BSP,4775,1353467
Jharkhand,2014,1,Rajmahal,ST,Suniram Hembrom,M,IND,IND,6460,1353467
Jharkhand,2014,1,Rajmahal,ST,Arjun Prasad Singh,M,AJSUP,AJSUP,6761,1353467
Jharkhand,2014,1,Rajmahal,ST,Tala Hansda,M,IND,IND,7661,1353467
Jharkhand,2014,1,Rajmahal,ST,Dr. Surae Soren,M,IND,IND,7906,1353467
Jharkhand,2014,1,Rajmahal,ST,Barnard Hembrom,M,RKSP,RKSP,8686,1353467
Jharkhand,2014,1,Rajmahal,ST,Krishna Singh,M,IUML,IUML,16354,1353467
Jharkhand,2014,1,Rajmahal,ST,None Of The Above,,NOTA,NOTA,19875,1353467
Jharkhand,2014,1,Rajmahal,ST,Jyotin Soren,M,CPM,CPM,58034,1353467
Jharkhand,2014,1,Rajmahal,ST,Dr. Anil Murmu,M,JVM,JVM,97374,1353467
Jharkhand,2014,1,Rajmahal,ST,Hemlal Murmu,M,BJP,BJP,338170,1353467
Jharkhand,2014,1,Rajmahal,ST,Vijay Kumar Hansdak,M,JMM,JMM,379507,1353467
Jharkhand,2014,2,Dumka,ST,Umanath Kole,M,IND,IND,3733,1273049
Jharkhand,2014,2,Dumka,ST,Sahadeo Soren,M,AAAP,AAAP,3739,1273049
Jharkhand,2014,2,Dumka,ST,Stephan Besra,M,JDP,JDP,4310,1273049
Jharkhand,2014,2,Dumka,ST,Joshil Murmu,M,IND,IND,4567,1273049
Jharkhand,2014,2,Dumka,ST,Bitiya Manjhi,F,CPI(ML)(L),CPI(ML)(L),5813,1273049
Jharkhand,2014,2,Dumka,ST,Babulal Soren,M,AITC,AITC,6284,1273049
Jharkhand,2014,2,Dumka,ST,Sokol Hansda,M,BSP,BSP,9059,1273049
Jharkhand,2014,2,Dumka,ST,Baghrai Soren,M,IND,IND,9436,1273049
Jharkhand,2014,2,Dumka,ST,Pulis Hemram,M,IND,IND,10283,1273049
Jharkhand,2014,2,Dumka,ST,Shrilal Kisku,M,IND,IND,10347,1273049
Jharkhand,2014,2,Dumka,ST,None Of The Above,,NOTA,NOTA,18325,1273049
Jharkhand,2014,2,Dumka,ST,Chhaya Kole,F,CPI,CPI,26442,1273049
Jharkhand,2014,2,Dumka,ST,Babu Lal Marandi,M,JVM,JVM,158122,1273049
Jharkhand,2014,2,Dumka,ST,Sunil Soren,M,BJP,BJP,296785,1273049
Jharkhand,2014,2,Dumka,ST,Shibu Soren,M,JMM,JMM,335815,1273049
Jharkhand,2014,3,Godda,GEN,Mahendra Murmu,M,JVD,JVD,3904,1590772
Jharkhand,2014,3,Godda,GEN,Gita Mandal,F,CPI(ML)(L),CPI(ML)(L),4344,1590772
Jharkhand,2014,3,Godda,GEN,Md. Jenul,M,BMUP,BMUP,4466,1590772
Jharkhand,2014,3,Godda,GEN,Jai Shankar Jha,M,AAAP,AAAP,5080,1590772
Jharkhand,2014,3,Godda,GEN,Md. Noor Hassan,M,SAP,SAP,5132,1590772
Jharkhand,2014,3,Godda,GEN,Navin Chandra Jha,M,IND,IND,7278,1590772
Jharkhand,2014,3,Godda,GEN,Manoj Kumar Ray,M,IND,IND,7447,1590772
Jharkhand,2014,3,Godda,GEN,Niranjan Prasad Yadav,M,IND,IND,9059,1590772
Jharkhand,2014,3,Godda,GEN,Subodh Prasad,M,AJSUP,AJSUP,10998,1590772
Jharkhand,2014,3,Godda,GEN,None Of The Above,,NOTA,NOTA,12410,1590772
Jharkhand,2014,3,Godda,GEN,Rajvardhan Azad,M,JD(U),JD(U),14034,1590772
Jharkhand,2014,3,Godda,GEN,Manraj,M,BSP,BSP,20871,1590772
Jharkhand,2014,3,Godda,GEN,Sunil Kumar Gupta,M,IND,IND,22349,1590772
Jharkhand,2014,3,Godda,GEN,Damodar Singh,M,AITC,AITC,28246,1590772
Jharkhand,2014,3,Godda,GEN,Pradip Yadav,M,JVM,JVM,193506,1590772
Jharkhand,2014,3,Godda,GEN,Furkan Ansari,M,INC,INC,319818,1590772
Jharkhand,2014,3,Godda,GEN,Nishikant Dubey,M,BJP,BJP,380500,1590772
Jharkhand,2014,4,Chatra,GEN,Robin Singh,M,IND,IND,2016,1312562
Jharkhand,2014,4,Chatra,GEN,Ashish Bhushan Pathak,M,IND,IND,2944,1312562
Jharkhand,2014,4,Chatra,GEN,Anil Kumar Oraon,M,IND,IND,4209,1312562
Jharkhand,2014,4,Chatra,GEN,Mistar Alam Asrafee,M,RJM,RJM,4647,1312562
Jharkhand,2014,4,Chatra,GEN,Chandradeo Thakur,M,SP(I),SP(I),4725,1312562
Jharkhand,2014,4,Chatra,GEN,Sagar Ram,M,ABHM,ABHM,5743,1312562
Jharkhand,2014,4,Chatra,GEN,Mahesh Singh Yadav,M,JD(U),JD(U),5783,1312562
Jharkhand,2014,4,Chatra,GEN,None Of The Above,,NOTA,NOTA,5791,1312562
Jharkhand,2014,4,Chatra,GEN,Sudhanshu Suman,M,IND,IND,5843,1312562
Jharkhand,2014,4,Chatra,GEN,Balwant Kumar,M,JKP,JKP,6845,1312562
Jharkhand,2014,4,Chatra,GEN,Naushad Alam,M,AITC,AITC,7841,1312562
Jharkhand,2014,4,Chatra,GEN,Ramnaresh Singh,M,CPI(ML)(L),CPI(ML)(L),8341,1312562
Jharkhand,2014,4,Chatra,GEN,Raj Kumar Pahan,M,RADP,RADP,10771,1312562
Jharkhand,2014,4,Chatra,GEN,Haji Jainul Abedin,M,BSP,BSP,14929,1312562
Jharkhand,2014,4,Chatra,GEN,Sima Chandravansi,F,AAAP,AAAP,17980,1312562
Jharkhand,2014,4,Chatra,GEN,Banwari Saw,M,CPI,CPI,21261,1312562
Jharkhand,2014,4,Chatra,GEN,Keshwar Yadav,M,SP,SP,29754,1312562
Jharkhand,2014,4,Chatra,GEN,Nagmani,M,AJSUP,AJSUP,35674,1312562
Jharkhand,2014,4,Chatra,GEN,Nilam Devi,F,JVM,JVM,104176,1312562
Jharkhand,2014,4,Chatra,GEN,Dhiraj Prasad Sahu,M,INC,INC,117836,1312562
Jharkhand,2014,4,Chatra,GEN,Sunil Kumar Singh,M,BJP,BJP,295862,1312562
Jharkhand,2014,5,Kodarma,GEN,Manoj Kumar,M,IND,IND,2873,1639645
Jharkhand,2014,5,Kodarma,GEN,Md. Jalil Ansari,M,NLP,NLP,4245,1639645
Jharkhand,2014,5,Kodarma,GEN,Yogendra Ram,M,ABJS,ABJS,4516,1639645
Jharkhand,2014,5,Kodarma,GEN,Phaljit Mahto,M,IND,IND,5996,1639645
Jharkhand,2014,5,Kodarma,GEN,Mahendra Ravidas,M,BMUP,BMUP,6141,1639645
Jharkhand,2014,5,Kodarma,GEN,Rameshwar Prasad Yadav,M,IND,IND,6334,1639645
Jharkhand,2014,5,Kodarma,GEN,None Of The Above,,NOTA,NOTA,6712,1639645
Jharkhand,2014,5,Kodarma,GEN,Dr. Suraj Mandal,M,JVD,JVD,6966,1639645
Jharkhand,2014,5,Kodarma,GEN,Raghunandan Prasad Vishwakarma,M,AIFB,AIFB,6992,1639645
Jharkhand,2014,5,Kodarma,GEN,Jaideo Chaudhary,M,SP,SP,7838,1639645
Jharkhand,2014,5,Kodarma,GEN,Shivanath Sav,M,IND,IND,11117,1639645
Jharkhand,2014,5,Kodarma,GEN,Vijay Kumar Chourasiya,M,AAAP,AAAP,11880,1639645
Jharkhand,2014,5,Kodarma,GEN,Bisheshwar Prasad,M,BSP,BSP,12459,1639645
Jharkhand,2014,5,Kodarma,GEN,Manju Kumari,F,AITC,AITC,12785,1639645
Jharkhand,2014,5,Kodarma,GEN,Krishna Singh,M,JD(U),JD(U),18727,1639645
Jharkhand,2014,5,Kodarma,GEN,Kanchan Kumari,F,IND,IND,20669,1639645
Jharkhand,2014,5,Kodarma,GEN,Najrul Hassan Hashmi,M,AJSUP,AJSUP,25522,1639645
Jharkhand,2014,5,Kodarma,GEN,Tilakdhari Pd Singh,M,INC,INC,60330,1639645
Jharkhand,2014,5,Kodarma,GEN,Pranav Kumar Verma,M,JVM,JVM,160638,1639645
Jharkhand,2014,5,Kodarma,GEN,Rajkumar Yadav,M,CPI(ML)(L),CPI(ML)(L),266756,1639645
Jharkhand,2014,5,Kodarma,GEN,Ravindra Kr. Ray,M,BJP,BJP,365410,1639645
Jharkhand,2014,6,Giridih,GEN,Mrinal Kanti Dev,M,SLP(L),SLP(L),1997,1511644
Jharkhand,2014,6,Giridih,GEN,Jeetendra Kumar,M,SP,SP,2825,1511644
Jharkhand,2014,6,Giridih,GEN,Sanjeev Kumar Sinha,M,AIFB,AIFB,2988,1511644
Jharkhand,2014,6,Giridih,GEN,Sajjadur Rab Hasami,M,IND,IND,3512,1511644
Jharkhand,2014,6,Giridih,GEN,Shiva Mahto,M,IND,IND,3660,1511644
Jharkhand,2014,6,Giridih,GEN,Bideshi Mahto,M,JDP,JDP,4325,1511644
Jharkhand,2014,6,Giridih,GEN,None Of The Above,,NOTA,NOTA,4879,1511644
Jharkhand,2014,6,Giridih,GEN,Sohrab Shah,M,BMUP,BMUP,5072,1511644
Jharkhand,2014,6,Giridih,GEN,Kartik Mahto,M,BSP,BSP,6341,1511644
Jharkhand,2014,6,Giridih,GEN,Dilip Kr Rajak,M,IND,IND,6406,1511644
Jharkhand,2014,6,Giridih,GEN,Gurjeet Singh,M,AAAP,AAAP,7071,1511644
Jharkhand,2014,6,Giridih,GEN,Ashutosh Verma,M,AITC,AITC,11355,1511644
Jharkhand,2014,6,Giridih,GEN,Sanjeev Kumar Mahato,M,IND,IND,13132,1511644
Jharkhand,2014,6,Giridih,GEN,Jaleshwar Mahato,M,JD(U),JD(U),40010,1511644
Jharkhand,2014,6,Giridih,GEN,Umesh Chandra Mehta,M,AJSUP,AJSUP,55531,1511644
Jharkhand,2014,6,Giridih,GEN,Saba Ahmad,M,JVM,JVM,57380,1511644
Jharkhand,2014,6,Giridih,GEN,Jagarnath Mahto,M,JMM,JMM,351600,1511644
Jharkhand,2014,6,Giridih,GEN,Ravindra Kumar Pandey,M,BJP,BJP,391913,1511644
Jharkhand,2014,7,Dhanbad,GEN,Pawan Mahato,M,IND,IND,811,1890021
Jharkhand,2014,7,Dhanbad,GEN,Ramesh Kumar Ray,M,IND,IND,965,1890021
Jharkhand,2014,7,Dhanbad,GEN,Tarch Murmu,M,IND,IND,1190,1890021
Jharkhand,2014,7,Dhanbad,GEN,Prem Prakash Paswan,M,IND,IND,1226,1890021
Jharkhand,2014,7,Dhanbad,GEN,Parshuram Paswan,M,IND,IND,1359,1890021
Jharkhand,2014,7,Dhanbad,GEN,Binod Singh,M,IND,IND,1457,1890021
Jharkhand,2014,7,Dhanbad,GEN,Munshi Hembram,M,IND,IND,1486,1890021
Jharkhand,2014,7,Dhanbad,GEN,Ranbir Singh,M,IND,IND,1516,1890021
Jharkhand,2014,7,Dhanbad,GEN,Vijay Kant Mishra,M,IND,IND,1537,1890021
Jharkhand,2014,7,Dhanbad,GEN,Manilal Mahto,M,IND,IND,1888,1890021
Jharkhand,2014,7,Dhanbad,GEN,Ramesh Bharati,M,IND,IND,2052,1890021
Jharkhand,2014,7,Dhanbad,GEN,Suman Banerjee,F,IND,IND,2104,1890021
Jharkhand,2014,7,Dhanbad,GEN,Jayant Pandey,M,AIFB,AIFB,2518,1890021
Jharkhand,2014,7,Dhanbad,GEN,Gautam Kumar Mahato,M,IND,IND,3000,1890021
Jharkhand,2014,7,Dhanbad,GEN,Md. Zubair,M,AIMF,AIMF,3094,1890021
Jharkhand,2014,7,Dhanbad,GEN,Ahmad Hussain Ansari,M,JDP,JDP,3120,1890021
Jharkhand,2014,7,Dhanbad,GEN,Mantosh Kumar Mandal,M,AMB,AMB,3413,1890021
Jharkhand,2014,7,Dhanbad,GEN,Ritu Rani Singh,F,IND,IND,3814,1890021
Jharkhand,2014,7,Dhanbad,GEN,Aklu Ram Mahto,M,SP,SP,4169,1890021
Jharkhand,2014,7,Dhanbad,GEN,Kishor Kumar Murmu,M,BMUP,BMUP,4531,1890021
Jharkhand,2014,7,Dhanbad,GEN,Ganpat Mahto,M,IND,IND,5441,1890021
Jharkhand,2014,7,Dhanbad,GEN,None Of The Above,,NOTA,NOTA,7675,1890021
Jharkhand,2014,7,Dhanbad,GEN,Madan Mohan Ram,M,BSP,BSP,8455,1890021
Jharkhand,2014,7,Dhanbad,GEN,Hiralal Sankhwar,M,JKP,JKP,8580,1890021
Jharkhand,2014,7,Dhanbad,GEN,Rama Kant Verma,M,AAAP,AAAP,8948,1890021
Jharkhand,2014,7,Dhanbad,GEN,Dr. Krishna Chandra Singhraj,M,IND,IND,13200,1890021
Jharkhand,2014,7,Dhanbad,GEN,Hemlata S. Mohan,F,AJSUP,AJSUP,21277,1890021
Jharkhand,2014,7,Dhanbad,GEN,Chandra Shekhar Dubey,M,AITC,AITC,29937,1890021
Jharkhand,2014,7,Dhanbad,GEN,Samaresh Singh,M,JVM,JVM,90926,1890021
Jharkhand,2014,7,Dhanbad,GEN,Anand Mahato,M,MCO,MCO,110185,1890021
Jharkhand,2014,7,Dhanbad,GEN,Ajay Kumar Dubey,M,INC,INC,250537,1890021
Jharkhand,2014,7,Dhanbad,GEN,Pashupati Nath Singh,M,BJP,BJP,543491,1890021
Jharkhand,2014,8,Ranchi,GEN,Abul Hasan,M,IND,IND,1219,1648459
Jharkhand,2014,8,Ranchi,GEN,Anjani Pandey,M,IND,IND,1250,1648459
Jharkhand,2014,8,Ranchi,GEN,Rampodo Mahto,M,IND,IND,1296,1648459
Jharkhand,2014,8,Ranchi,GEN,Birendra Kumar Jaiswal,M,IND,IND,1366,1648459
Jharkhand,2014,8,Ranchi,GEN,Thaddeus Lakra,M,IND,IND,1504,1648459
Jharkhand,2014,8,Ranchi,GEN,Chintamani Mahto,M,IND,IND,1605,1648459
Jharkhand,2014,8,Ranchi,GEN,Amit Kumar Singh,M,IND,IND,1987,1648459
Jharkhand,2014,8,Ranchi,GEN,Arsad Ayub,M,IND,IND,2083,1648459
Jharkhand,2014,8,Ranchi,GEN,Bisheshwar Mahto,M,SAP,SAP,2130,1648459
Jharkhand,2014,8,Ranchi,GEN,Sajiya Haidar,F,IND,IND,2195,1648459
Jharkhand,2014,8,Ranchi,GEN,Durga Munda,M,BSP,BSP,2502,1648459
Jharkhand,2014,8,Ranchi,GEN,Balram Kumar Bedia,M,IND,IND,2889,1648459
Jharkhand,2014,8,Ranchi,GEN,Lal Jotindra Dev,M,AKBJHP,AKBJHP,3411,1648459
Jharkhand,2014,8,Ranchi,GEN,Ranjit Mahto,M,BMUP,BMUP,3823,1648459
Jharkhand,2014,8,Ranchi,GEN,Bahadur Uraon,M,CPI(ML)(L),CPI(ML)(L),3877,1648459
Jharkhand,2014,8,Ranchi,GEN,Suresh Toppo,M,JDP,JDP,4085,1648459
Jharkhand,2014,8,Ranchi,GEN,Ram Lal Mahto,M,SUCI,SUCI,4190,1648459
Jharkhand,2014,8,Ranchi,GEN,Man Singh Mardi,M,JKP(N),JKP(N),4240,1648459
Jharkhand,2014,8,Ranchi,GEN,"Yugeshwar Marar ""Deen""",M,MMM,MMM,4409,1648459
Jharkhand,2014,8,Ranchi,GEN,Kafilur Rahman,M,IND,IND,4696,1648459
Jharkhand,2014,8,Ranchi,GEN,None Of The Above,,NOTA,NOTA,6900,1648459
Jharkhand,2014,8,Ranchi,GEN,Amanullah,M,AAAP,AAAP,8497,1648459
Jharkhand,2014,8,Ranchi,GEN,Rajendra Singh Munda,M,CPM,CPM,10178,1648459
Jharkhand,2014,8,Ranchi,GEN,Vikas Chandra Sharma,M,CPIM,CPIM,14898,1648459
Jharkhand,2014,8,Ranchi,GEN,Bandhu Tirkey,M,AITC,AITC,46126,1648459
Jharkhand,2014,8,Ranchi,GEN,Amitabh Choudhary,M,JVM,JVM,67712,1648459
Jharkhand,2014,8,Ranchi,GEN,Sudesh Kumar Mahto,M,AJSUP,AJSUP,142560,1648459
Jharkhand,2014,8,Ranchi,GEN,Subodh Kant Sahay,M,INC,INC,249426,1648459
Jharkhand,2014,8,Ranchi,GEN,Ram Tahal Choudhary,M,BJP,BJP,448729,1648459
Jharkhand,2014,9,Jamshedpur,GEN,D.G.Raja,M,SP,SP,3414,1581665
Jharkhand,2014,9,Jamshedpur,GEN,Sita Ram Tudu,M,SUCI,SUCI,3700,1581665
Jharkhand,2014,9,Jamshedpur,GEN,Upendra Karmakar,M,IND,IND,4429,1581665
Jharkhand,2014,9,Jamshedpur,GEN,Hari Orawn,M,IND,IND,4485,1581665
Jharkhand,2014,9,Jamshedpur,GEN,Daman Chandra Bhakat,M,BSP,BSP,4606,1581665
Jharkhand,2014,9,Jamshedpur,GEN,Sekh Akhiruddin,M,JKP(N),JKP(N),4822,1581665
Jharkhand,2014,9,Jamshedpur,GEN,Dinesh Mahato,M,IND,IND,5300,1581665
Jharkhand,2014,9,Jamshedpur,GEN,Josai Mardi,M,RADP,RADP,5378,1581665
Jharkhand,2014,9,Jamshedpur,GEN,Mobin Khan,M,IND,IND,5406,1581665
Jharkhand,2014,9,Jamshedpur,GEN,Om Prakash Anand,M,IND,IND,5655,1581665
Jharkhand,2014,9,Jamshedpur,GEN,Kumar Chandra Mardi,M,AAAP,AAAP,7145,1581665
Jharkhand,2014,9,Jamshedpur,GEN,Angad Mahato,M,AMB,AMB,12632,1581665
Jharkhand,2014,9,Jamshedpur,GEN,None Of The Above,,NOTA,NOTA,15629,1581665
Jharkhand,2014,9,Jamshedpur,GEN,Niroop Mahanty,M,JMM,JMM,138109,1581665
Jharkhand,2014,9,Jamshedpur,GEN,Ajay Kumar,M,JVM,JVM,364277,1581665
Jharkhand,2014,9,Jamshedpur,GEN,Bidyut Baran Mahato,M,BJP,BJP,464153,1581665
Jharkhand,2014,10,Singhbhum,ST,Budhram Laguri,M,BMUP,BMUP,8346,1152632
Jharkhand,2014,10,Singhbhum,ST,Naveen Murmu,M,RADP,RADP,8607,1152632
Jharkhand,2014,10,Singhbhum,ST,Rupsingh Hembrom,M,IND,IND,8895,1152632
Jharkhand,2014,10,Singhbhum,ST,Manohar Sinku,M,BSP,BSP,9303,1152632
Jharkhand,2014,10,Singhbhum,ST,Rajendra Purty,M,JKP,JKP,11507,1152632
Jharkhand,2014,10,Singhbhum,ST,Snehlata Jojo,F,IND,IND,12877,1152632
Jharkhand,2014,10,Singhbhum,ST,John Miran Munda,M,AIFB,AIFB,16952,1152632
Jharkhand,2014,10,Singhbhum,ST,Salkhan Murmu,M,JDP,JDP,25547,1152632
Jharkhand,2014,10,Singhbhum,ST,None Of The Above,,NOTA,NOTA,27037,1152632
Jharkhand,2014,10,Singhbhum,ST,Dashrath Gagrai,M,JVM,JVM,35681,1152632
Jharkhand,2014,10,Singhbhum,ST,Chitrasen Sinku,M,INC,INC,111796,1152632
Jharkhand,2014,10,Singhbhum,ST,Geeta Kora,F,JBSP,JBSP,215607,1152632
Jharkhand,2014,10,Singhbhum,ST,Laxman Giluwa,M,BJP,BJP,303131,1152632
Jharkhand,2014,11,Khunti,ST,Asrita Tuti,F,IND,IND,4349,1111856
Jharkhand,2014,11,Khunti,ST,Nitima Bodra Bari,F,SP,SP,4425,1111856
Jharkhand,2014,11,Khunti,ST,Buday Munda,M,AKBJHP,AKBJHP,4841,1111856
Jharkhand,2014,11,Khunti,ST,Kalyan Nag,M,IND,IND,4958,1111856
Jharkhand,2014,11,Khunti,ST,Subodh Purty,M,BSP,BSP,6407,1111856
Jharkhand,2014,11,Khunti,ST,Jitendra Manki Alias Jitendra Prasad Manki,M,IND,IND,6596,1111856
Jharkhand,2014,11,Khunti,ST,Jaitun Tuti,M,IND,IND,11364,1111856
Jharkhand,2014,11,Khunti,ST,Dayamani Barla,F,AAAP,AAAP,11822,1111856
Jharkhand,2014,11,Khunti,ST,Mahadev Ravinath Pahan,M,RADP,RADP,13566,1111856
Jharkhand,2014,11,Khunti,ST,None Of The Above,,NOTA,NOTA,23816,1111856
Jharkhand,2014,11,Khunti,ST,Basant Kumar Longa,M,JVM,JVM,24514,1111856
Jharkhand,2014,11,Khunti,ST,Neil Tirkey,M,AJSUP,AJSUP,27158,1111856
Jharkhand,2014,11,Khunti,ST,Kali Charan Munda,M,INC,INC,147017,1111856
Jharkhand,2014,11,Khunti,ST,Anosh Ekka,M,JKP,JKP,176937,1111856
Jharkhand,2014,11,Khunti,ST,Karia Munda,M,BJP,BJP,269185,1111856
Jharkhand,2014,12,Lohardaga,ST,Nawal Kishor Singh,M,IND,IND,5870,1119144
Jharkhand,2014,12,Lohardaga,ST,Ranjit Oraon,M,IND,IND,6037,1119144
Jharkhand,2014,12,Lohardaga,ST,Mahendra Oraon,M,IND,IND,6436,1119144
Jharkhand,2014,12,Lohardaga,ST,Jayram Indwar,M,BSP,BSP,11794,1119144
Jharkhand,2014,12,Lohardaga,ST,Lal Say Kumar Bhagat,M,CPI(ML)(L),CPI(ML)(L),13252,1119144
Jharkhand,2014,12,Lohardaga,ST,None Of The Above,,NOTA,NOTA,16764,1119144
Jharkhand,2014,12,Lohardaga,ST,Birendra Bhagat,M,JVM,JVM,26109,1119144
Jharkhand,2014,12,Lohardaga,ST,Chamra Linda,M,AITC,AITC,118355,1119144
Jharkhand,2014,12,Lohardaga,ST,Rameshwar Oraon,M,INC,INC,220177,1119144
Jharkhand,2014,12,Lohardaga,ST,Sudarshan Bhagat,M,BJP,BJP,226666,1119144
Jharkhand,2014,13,Palamau,SC,Laldeo Ram,M,BMUP,BMUP,4432,1645957
Jharkhand,2014,13,Palamau,SC,Ram Badan Ram,M,SP,SP,4976,1645957
Jharkhand,2014,13,Palamau,SC,Ashok Ram,M,IND,IND,5648,1645957
Jharkhand,2014,13,Palamau,SC,Vinod Ram,M,IND,IND,5879,1645957
Jharkhand,2014,13,Palamau,SC,Jorawar Ram,M,JD(U),JD(U),7538,1645957
Jharkhand,2014,13,Palamau,SC,Shushma Mehta,F,CPI(ML)(L),CPI(ML)(L),8386,1645957
Jharkhand,2014,13,Palamau,SC,Ravindra Kumar Ravi,M,IND,IND,9145,1645957
Jharkhand,2014,13,Palamau,SC,Shyam Lal Ram,M,IND,IND,9592,1645957
Jharkhand,2014,13,Palamau,SC,None Of The Above,,NOTA,NOTA,18287,1645957
Jharkhand,2014,13,Palamau,SC,Rampati Ranjan,M,BSP,BSP,20481,1645957
Jharkhand,2014,13,Palamau,SC,Kameshwar Baitha,M,AITC,AITC,37043,1645957
Jharkhand,2014,13,Palamau,SC,Ghuran Ram,M,JVM,JVM,156832,1645957
Jharkhand,2014,13,Palamau,SC,Manoj Kumar,M,RJD,RJD,212571,1645957
Jharkhand,2014,13,Palamau,SC,Vishnu Dayal Ram,M,BJP,BJP,476513,1645957
Jharkhand,2014,14,Hazaribagh,GEN,Abdul Rahim,M,BMUP,BMUP,2941,1518923
Jharkhand,2014,14,Hazaribagh,GEN,Pramod Kumar Mahtha,M,pms,pms,3076,1518923
Jharkhand,2014,14,Hazaribagh,GEN,Mo. Shanul Haque,M,IUML,IUML,3189,1518923
Jharkhand,2014,14,Hazaribagh,GEN,Ramavtar Mahto,M,IND,IND,3365,1518923
Jharkhand,2014,14,Hazaribagh,GEN,Yashpal Yadav,M,IND,IND,3540,1518923
Jharkhand,2014,14,Hazaribagh,GEN,Mahendra Kishor Mehta,M,IND,IND,3752,1518923
Jharkhand,2014,14,Hazaribagh,GEN,Rameshwar Ram Kushwaha,M,AIFB,AIFB,4423,1518923
Jharkhand,2014,14,Hazaribagh,GEN,Dr. Dhirendra Kumar Raj,M,IND,IND,4481,1518923
Jharkhand,2014,14,Hazaribagh,GEN,Baldeo Ganjhu,M,IND,IND,5152,1518923
Jharkhand,2014,14,Hazaribagh,GEN,None Of The Above,,NOTA,NOTA,6827,1518923
Jharkhand,2014,14,Hazaribagh,GEN,Mithilesh Kumar Dangi,M,AAAP,AAAP,7140,1518923
Jharkhand,2014,14,Hazaribagh,GEN,Prayag Prasad,M,IND,IND,8085,1518923
Jharkhand,2014,14,Hazaribagh,GEN,Tetri @ Sheela Devi,F,BSP,BSP,8159,1518923
Jharkhand,2014,14,Hazaribagh,GEN,Ajit Kumar Singh,M,AITC,AITC,8360,1518923
Jharkhand,2014,14,Hazaribagh,GEN,Javed Islam,M,CPI(ML)(L),CPI(ML)(L),8453,1518923
Jharkhand,2014,14,Hazaribagh,GEN,Badri Gope,M,IND,IND,14555,1518923
Jharkhand,2014,14,Hazaribagh,GEN,Bhuvneshwar Prasad Mehta,M,CPI,CPI,30326,1518923
Jharkhand,2014,14,Hazaribagh,GEN,Arun Kumar Mishra,M,JVM,JVM,30408,1518923
Jharkhand,2014,14,Hazaribagh,GEN,Loknath Mahto,M,AJSUP,AJSUP,156186,1518923
Jharkhand,2014,14,Hazaribagh,GEN,Saurabh Narain Singh,M,INC,INC,247803,1518923
Jharkhand,2014,14,Hazaribagh,GEN,Jayant Sinha,M,BJP,BJP,406931,1518923
Karnataka,2014,1,Chikkodi,GEN,Jitendra Subhash Nerle,M,IND,IND,1414,1442206
Karnataka,2014,1,Chikkodi,GEN,Appasaheb Sripathi Kurane,M,SJPA,SJPA,1457,1442206
Karnataka,2014,1,Chikkodi,GEN,Basappa Kallappa Hanchanal,M,IND,IND,1744,1442206
Karnataka,2014,1,Chikkodi,GEN,Magadum Gousmohiuddin Ismail Magdum,M,IND,IND,2624,1442206
Karnataka,2014,1,Chikkodi,GEN,Mohan Gurappa Motannavar,M,IND,IND,3458,1442206
Karnataka,2014,1,Chikkodi,GEN,Ashfaq Ahmed Madaki,M,AAAP,AAAP,3529,1442206
Karnataka,2014,1,Chikkodi,GEN,Shrinik Annasaheb Jangate,M,IND,IND,3622,1442206
Karnataka,2014,1,Chikkodi,GEN,None Of The Above,,NOTA,NOTA,10289,1442206
Karnataka,2014,1,Chikkodi,GEN,Kadapure Machindra Davalu,M,BSP,BSP,14493,1442206
Karnataka,2014,1,Chikkodi,GEN,Shrimant Balasaheb Patil,M,JD(S),JD(S),39992,1442206
Karnataka,2014,1,Chikkodi,GEN,Prataparao Patil,M,NCP,NCP,42738,1442206
Karnataka,2014,1,Chikkodi,GEN,Katti Ramesh Vishwanath,M,BJP,BJP,471370,1442206
Karnataka,2014,1,Chikkodi,GEN,Prakash Babanna Hukkeri,M,INC,INC,474373,1442206
Karnataka,2014,2,Belgaum,GEN,Antakkanavar Parappa Shankareppa,M,IND,IND,775,1580895
Karnataka,2014,2,Belgaum,GEN,Dr. Gaonkar Rajmahendra Sakharam,M,IND,IND,781,1580895
Karnataka,2014,2,Belgaum,GEN,Khanagoudar S B,M,IND,IND,920,1580895
Karnataka,2014,2,Belgaum,GEN,Majukar Hanmant Krishana,M,IND,IND,1187,1580895
Karnataka,2014,2,Belgaum,GEN,Dayanand Guruputrayya Chikkamath,M,SP,SP,1261,1580895
Karnataka,2014,2,Belgaum,GEN,Mohan Yallappa More,M,IND,IND,1458,1580895
Karnataka,2014,2,Belgaum,GEN,Santosh Manohar Bavadekar,M,IND,IND,1656,1580895
Karnataka,2014,2,Belgaum,GEN,S. P. Rathod,M,IND,IND,1757,1580895
Karnataka,2014,2,Belgaum,GEN,Santosh M. Shet @ Raikar,M,IND,IND,3246,1580895
Karnataka,2014,2,Belgaum,GEN,Ramappa (Ramchandra) Mareppa Chalawadi,M,IND,IND,3468,1580895
Karnataka,2014,2,Belgaum,GEN,Ramesh G Kadalaskar,M,BSP,BSP,3535,1580895
Karnataka,2014,2,Belgaum,GEN,Bagwan Nasir Papulsab,M,JD(S),JD(S),5477,1580895
Karnataka,2014,2,Belgaum,GEN,Angadi Muttappa Channasangappa,M,AAAP,AAAP,8524,1580895
Karnataka,2014,2,Belgaum,GEN,None Of The Above,,NOTA,NOTA,11509,1580895
Karnataka,2014,2,Belgaum,GEN,Laxmi R. Hebbalkar,F,INC,INC,478557,1580895
Karnataka,2014,2,Belgaum,GEN,Angadi Suresh Channabasappa,M,BJP,BJP,554417,1580895
Karnataka,2014,3,Bagalkot,GEN,Mahesh Basappa Nandihal,M,KAP,KAP,813,1568633
Karnataka,2014,3,Bagalkot,GEN,Ajjodi Bheemappa Dhoolappa,M,IND,IND,994,1568633
Karnataka,2014,3,Bagalkot,GEN,Kanabur Sadashiv Sidamallappa,M,JD(U),JD(U),1180,1568633
Karnataka,2014,3,Bagalkot,GEN,Nagappa Pakkirappa Shiraguppi,M,IND,IND,1194,1568633
Karnataka,2014,3,Bagalkot,GEN,Kazi Kutubuddin,M,AAAP,AAAP,2004,1568633
Karnataka,2014,3,Bagalkot,GEN,Muttappa Mudakappa Hirekumbi,M,IND,IND,2037,1568633
Karnataka,2014,3,Bagalkot,GEN,Parashuram Manasing Rathod,M,IND,IND,3897,1568633
Karnataka,2014,3,Bagalkot,GEN,Vasanagouda Ninganagouda Bhandi,M,IND,IND,4325,1568633
Karnataka,2014,3,Bagalkot,GEN,Hunashyal Ravi,M,JD(S),JD(S),7237,1568633
Karnataka,2014,3,Bagalkot,GEN,Y.C Kamble,M,BSP,BSP,7370,1568633
Karnataka,2014,3,Bagalkot,GEN,None Of The Above,,NOTA,NOTA,10764,1568633
Karnataka,2014,3,Bagalkot,GEN,Shankar Bidari,M,IND,IND,10959,1568633
Karnataka,2014,3,Bagalkot,GEN,Ajay Kumar Sarnaik,M,INC,INC,454988,1568633
Karnataka,2014,3,Bagalkot,GEN,Gaddigoudar Parvtagouda Chandanagouda,M,BJP,BJP,571548,1568633
Karnataka,2014,4,Bijapur,SC,Ravi (Rajesh) Y Vallyapur,M,IND,IND,1283,1622635
Karnataka,2014,4,Bijapur,SC,Bhagwan Dharmanna Kambale,M,RPI(A),RPI(A),1340,1622635
Karnataka,2014,4,Bijapur,SC,Raju Shrimant Padaganur,M,IND,IND,1422,1622635
Karnataka,2014,4,Bijapur,SC,Shrikant Devendrappa Arakeri,M,KAP,KAP,1930,1622635
Karnataka,2014,4,Bijapur,SC,Satish Asangihal,M,IND,IND,2194,1622635
Karnataka,2014,4,Bijapur,SC,Rudresh Dayappa Dodamani,M,IND,IND,2259,1622635
Karnataka,2014,4,Bijapur,SC,Siddappa B Ganji,M,IND,IND,2691,1622635
Karnataka,2014,4,Bijapur,SC,Hanmant Mother-Basalingavva Holer,M,IND,IND,2775,1622635
Karnataka,2014,4,Bijapur,SC,Sudhakar Kanamadi,M,BSP,BSP,2818,1622635
Karnataka,2014,4,Bijapur,SC,Hunnur Maraganna Malappa,M,IND,IND,3795,1622635
Karnataka,2014,4,Bijapur,SC,Shridhar Narayankar,M,AAAP,AAAP,4717,1622635
Karnataka,2014,4,Bijapur,SC,None Of The Above,,NOTA,NOTA,8287,1622635
Karnataka,2014,4,Bijapur,SC,K Shivram,M,JD(S),JD(S),57551,1622635
Karnataka,2014,4,Bijapur,SC,Prakash Rathod,M,INC,INC,401938,1622635
Karnataka,2014,4,Bijapur,SC,Ramesh Jigajinagi,M,BJP,BJP,471757,1622635
Karnataka,2014,5,Gulbarga,SC,Shankar Jadhav,M,BHPP,BHPP,2877,1721990
Karnataka,2014,5,Gulbarga,SC,Ramu,M,IND,IND,4085,1721990
Karnataka,2014,5,Gulbarga,SC,S.M. Sharma,M,SUCI,SUCI,4943,1721990
Karnataka,2014,5,Gulbarga,SC,B.T.Lalitha Naik,F,AAAP,AAAP,9074,1721990
Karnataka,2014,5,Gulbarga,SC,None Of The Above,,NOTA,NOTA,9888,1721990
Karnataka,2014,5,Gulbarga,SC,Danni Mahadev B.,M,BSP,BSP,11428,1721990
Karnataka,2014,5,Gulbarga,SC,D.G. Sagar,M,JD(S),JD(S),15690,1721990
Karnataka,2014,5,Gulbarga,SC,Revunaik Belamagi,M,BJP,BJP,432460,1721990
Karnataka,2014,5,Gulbarga,SC,Mallikarjun Kharge,M,INC,INC,507193,1721990
Karnataka,2014,6,Raichur,ST,Bhagavantappa,M,LSP,LSP,2881,1661606
Karnataka,2014,6,Raichur,ST,Maruti,M,NDEP,NDEP,3618,1661606
Karnataka,2014,6,Raichur,ST,Bhimaraya Jaradabandi,M,AAAP,AAAP,4234,1661606
Karnataka,2014,6,Raichur,ST,Ranganayak,M,PPOI,PPOI,4935,1661606
Karnataka,2014,6,Raichur,ST,Chinnayya Nayak,M,IND,IND,6540,1661606
Karnataka,2014,6,Raichur,ST,K Somashekar Yadgiri,M,SUCI,SUCI,6788,1661606
Karnataka,2014,6,Raichur,ST,M Nagaraj,M,CPIM,CPIM,6938,1661606
Karnataka,2014,6,Raichur,ST,Raja Thimappa Nayak,M,BSP,BSP,12254,1661606
Karnataka,2014,6,Raichur,ST,None Of The Above,,NOTA,NOTA,13176,1661606
Karnataka,2014,6,Raichur,ST,D.B.Nayak,M,JD(S),JD(S),21706,1661606
Karnataka,2014,6,Raichur,ST,Arakera Shivanagouda Nayak,M,BJP,BJP,442160,1661606
Karnataka,2014,6,Raichur,ST,B.V.Nayak,M,INC,INC,443659,1661606
Karnataka,2014,7,Bidar,GEN,Shamala.M.Udanoor,F,IND,IND,1259,1600962
Karnataka,2014,7,Bidar,GEN,Syed Waheed,M,BMUP,BMUP,1302,1600962
Karnataka,2014,7,Bidar,GEN,Ramanna,M,HJP,HJP,1378,1600962
Karnataka,2014,7,Bidar,GEN,Subhash Bhimsha Sindankera,M,IND,IND,1406,1600962
Karnataka,2014,7,Bidar,GEN,Hattarki Yashwanthrao Shivaraya,M,BHPP,BHPP,1414,1600962
Karnataka,2014,7,Bidar,GEN,Govind,M,SP,SP,1427,1600962
Karnataka,2014,7,Bidar,GEN,Mirza Shafee Baig,M,IND,IND,1462,1600962
Karnataka,2014,7,Bidar,GEN,Siddaramappa Nagappa Karabasti Chinchansoor,M,IND,IND,1742,1600962
Karnataka,2014,7,Bidar,GEN,Ramesh Gaykawad,M,ANC,ANC,1976,1600962
Karnataka,2014,7,Bidar,GEN,Mohammed Rafiq,M,IND,IND,2095,1600962
Karnataka,2014,7,Bidar,GEN,Naganath Patil,M,IND,IND,2204,1600962
Karnataka,2014,7,Bidar,GEN,Kallaling Hugar Nelogi,M,IND,IND,2307,1600962
Karnataka,2014,7,Bidar,GEN,None Of The Above,,NOTA,NOTA,2817,1600962
Karnataka,2014,7,Bidar,GEN,Shravana S.Bhande Munganal,M,RSPS,RSPS,2862,1600962
Karnataka,2014,7,Bidar,GEN,Babu Pasha,M,IND,IND,2869,1600962
Karnataka,2014,7,Bidar,GEN,Abdul Hameed Faraan,M,WPOI,WPOI,3747,1600962
Karnataka,2014,7,Bidar,GEN,Machendar,M,IND,IND,4379,1600962
Karnataka,2014,7,Bidar,GEN,Chandrakant,M,AAAP,AAAP,4540,1600962
Karnataka,2014,7,Bidar,GEN,Prabhu,M,IND,IND,5097,1600962
Karnataka,2014,7,Bidar,GEN,Ismail Zabi Ullah,M,IND,IND,5818,1600962
Karnataka,2014,7,Bidar,GEN,Balbheem Veerappa Unne,M,IND,IND,7118,1600962
Karnataka,2014,7,Bidar,GEN,Shankar Bhayya,M,BSP,BSP,15079,1600962
Karnataka,2014,7,Bidar,GEN,Bandeppa Khashempur,M,JD(S),JD(S),58728,1600962
Karnataka,2014,7,Bidar,GEN,N. Dharam Singh,M,INC,INC,367068,1600962
Karnataka,2014,7,Bidar,GEN,Bhagwanth Khuba,M,BJP,BJP,459290,1600962
Karnataka,2014,8,Koppal,GEN,Ramesh Koti,M,RPI(A),RPI(A),1867,1535105
Karnataka,2014,8,Koppal,GEN,Anojirao G,M,IND,IND,2012,1535105
Karnataka,2014,8,Koppal,GEN,Bharadwhaja,M,CPI(ML)(L),CPI(ML)(L),2089,1535105
Karnataka,2014,8,Koppal,GEN,Nazeer Hussain,M,RKSP,RKSP,2129,1535105
Karnataka,2014,8,Koppal,GEN,K. M. Ranganathreddy,M,SP,SP,2305,1535105
Karnataka,2014,8,Koppal,GEN,Thimmappa Uppar,M,BDBRAJP,BDBRAJP,2459,1535105
Karnataka,2014,8,Koppal,GEN,Com I:- D H Pujar,M,CPIM,CPIM,2636,1535105
Karnataka,2014,8,Koppal,GEN,Govindhareddy Pacharalli,M,IND,IND,2839,1535105
Karnataka,2014,8,Koppal,GEN,Nagappa. G. Karatagi,M,IND,IND,2894,1535105
Karnataka,2014,8,Koppal,GEN,Shivakumar Navalisiddappa Tontapur,M,AAAP,AAAP,3425,1535105
Karnataka,2014,8,Koppal,GEN,B.Manohara Hanumantappa,M,IND,IND,4433,1535105
Karnataka,2014,8,Koppal,GEN,V. Govinda,M,IND,IND,6300,1535105
Karnataka,2014,8,Koppal,GEN,Suresh,M,IND,IND,8292,1535105
Karnataka,2014,8,Koppal,GEN,Syed Arif,M,BSP,BSP,9529,1535105
Karnataka,2014,8,Koppal,GEN,None Of The Above,,NOTA,NOTA,12947,1535105
Karnataka,2014,8,Koppal,GEN,Basavaraj Hitnal,M,INC,INC,453969,1535105
Karnataka,2014,8,Koppal,GEN,Karadi Sanganna Amarappa,M,BJP,BJP,486383,1535105
Karnataka,2014,9,Bellary,ST,G. Nataraja,M,KAP,KAP,1997,1487945
Karnataka,2014,9,Bellary,ST,Comrade S. Bheemappa,M,CPIM,CPIM,2042,1487945
Karnataka,2014,9,Bellary,ST,Doddamani Prasad,M,CPI(ML)(L),CPI(ML)(L),2456,1487945
Karnataka,2014,9,Bellary,ST,K. Raghavendra,M,PPOI,PPOI,3501,1487945
Karnataka,2014,9,Bellary,ST,N.B. Krishnappa Nayaka,M,IND,IND,3888,1487945
Karnataka,2014,9,Bellary,ST,B. Ramudu (Addigeri Ramanna),M,BSP,BSP,4557,1487945
Karnataka,2014,9,Bellary,ST,N.R. Mallayya Swamy,M,IND,IND,5206,1487945
Karnataka,2014,9,Bellary,ST,Malagi Shivakumar Giriyappa,M,AAAP,AAAP,6038,1487945
Karnataka,2014,9,Bellary,ST,A. Devdas,M,SUCI,SUCI,8486,1487945
Karnataka,2014,9,Bellary,ST,None Of The Above,,NOTA,NOTA,11320,1487945
Karnataka,2014,9,Bellary,ST,R. Ravinayaka,M,JD(S),JD(S),12613,1487945
Karnataka,2014,9,Bellary,ST,N.Y. Hanumantappa,M,INC,INC,449262,1487945
Karnataka,2014,9,Bellary,ST,B. Sreeramulu,M,BJP,BJP,534406,1487945
Karnataka,2014,10,Haveri,GEN,Suresh M.Mundargi,M,RCMP,RCMP,771,1558749
Karnataka,2014,10,Haveri,GEN,Kuber Vasanna,M,IND,IND,883,1558749
Karnataka,2014,10,Haveri,GEN,Girishgouda C.Bistanagoudar,M,IND,IND,946,1558749
Karnataka,2014,10,Haveri,GEN,Basavanteppa Honnappa Hullatti,M,SJPA,SJPA,974,1558749
Karnataka,2014,10,Haveri,GEN,Kabbinad Verabhadrappa Veerappa,M,IND,IND,1224,1558749
Karnataka,2014,10,Haveri,GEN,Chandrashekharayya Gurulingayya Kulkarni,M,IND,IND,1314,1558749
Karnataka,2014,10,Haveri,GEN,D Prasad,M,RPI(A),RPI(A),1490,1558749
Karnataka,2014,10,Haveri,GEN,H M Sirquazi,M,AAAP,AAAP,1602,1558749
Karnataka,2014,10,Haveri,GEN,B.M.Jayadev Mathad,M,IND,IND,2296,1558749
Karnataka,2014,10,Haveri,GEN,Mehaboobkhan Pathan,M,IND,IND,2329,1558749
Karnataka,2014,10,Haveri,GEN,Bidaragaddi V.B,M,IND,IND,3528,1558749
Karnataka,2014,10,Haveri,GEN,Shivakumar Talawar,M,IND,IND,3780,1558749
Karnataka,2014,10,Haveri,GEN,None Of The Above,,NOTA,NOTA,3806,1558749
Karnataka,2014,10,Haveri,GEN,Hanumantappa D. Kabbar,M,IND,IND,5997,1558749
Karnataka,2014,10,Haveri,GEN,Halappa Timmenahalli,M,BSP,BSP,6229,1558749
Karnataka,2014,10,Haveri,GEN,Rudresh Ramanna Hadagali,M,IND,IND,7320,1558749
Karnataka,2014,10,Haveri,GEN,Ravi Menasinakai,M,JD(S),JD(S),9814,1558749
Karnataka,2014,10,Haveri,GEN,Shiddappa Kallappa Poojar,M,IND,IND,15656,1558749
Karnataka,2014,10,Haveri,GEN,Saleem Ahmed,M,INC,INC,479219,1558749
Karnataka,2014,10,Haveri,GEN,Udasi Shivakumar Channabasappa,M,BJP,BJP,566790,1558749
Karnataka,2014,11,Dharwad,GEN,Dokka Anandaraj,M,IND,IND,985,1578125
Karnataka,2014,11,Dharwad,GEN,Imamsab Mehboobsab Torgal.,M,IND,IND,995,1578125
Karnataka,2014,11,Dharwad,GEN,Irshad Begam Adhoni.,F,IND,IND,1053,1578125
Karnataka,2014,11,Dharwad,GEN,Shakeel Abdulsattar Dodwad,M,IND,IND,1368,1578125
Karnataka,2014,11,Dharwad,GEN,Maruti Ramappa Hanasi,M,IND,IND,1587,1578125
Karnataka,2014,11,Dharwad,GEN,Gangadhar S. Badiger,M,SUCI,SUCI,1785,1578125
Karnataka,2014,11,Dharwad,GEN,Vikas B. Soppin,M,IND,IND,2174,1578125
Karnataka,2014,11,Dharwad,GEN,Sanjay Kothari,M,IND,IND,2359,1578125
Karnataka,2014,11,Dharwad,GEN,Shreekant Kabadi,M,IND,IND,3018,1578125
Karnataka,2014,11,Dharwad,GEN,Gurushantappa H. Chalavadi.,M,RPI(A),RPI(A),4128,1578125
Karnataka,2014,11,Dharwad,GEN,Hemant Kumar,M,AAAP,AAAP,4349,1578125
Karnataka,2014,11,Dharwad,GEN,Pramod Hanumantharao Muthalik,M,IND,IND,5465,1578125
Karnataka,2014,11,Dharwad,GEN,Shailendra Patil,M,IND,IND,6196,1578125
Karnataka,2014,11,Dharwad,GEN,Irappa Bharamappa Madar,M,BSP,BSP,6858,1578125
Karnataka,2014,11,Dharwad,GEN,Bankapur. Hanumanthappa Mallappa,M,JD(S),JD(S),8836,1578125
Karnataka,2014,11,Dharwad,GEN,None Of The Above,,NOTA,NOTA,12937,1578125
Karnataka,2014,11,Dharwad,GEN,Vinay Kulkarni,M,INC,INC,431738,1578125
Karnataka,2014,11,Dharwad,GEN,Pralhad Joshi,M,BJP,BJP,545395,1578125
Karnataka,2014,12,Uttara Kannada,GEN,Olwin Marian Lopis,M,BMUP,BMUP,1840,1450599
Karnataka,2014,12,Uttara Kannada,GEN,Basavaraj Dundappa Hadapad,M,RCMP,RCMP,2032,1450599
Karnataka,2014,12,Uttara Kannada,GEN,Sadanand Deshbhandari Annappa,M,IND,IND,3565,1450599
Karnataka,2014,12,Uttara Kannada,GEN,Ashok Sahadevappa Chalavadi,M,IND,IND,4246,1450599
Karnataka,2014,12,Uttara Kannada,GEN,Raghavendra K. Thane,M,AAAP,AAAP,6215,1450599
Karnataka,2014,12,Uttara Kannada,GEN,Eliyas Kati,M,SJPA,SJPA,6281,1450599
Karnataka,2014,12,Uttara Kannada,GEN,Naik Santhosh,M,BSP,BSP,7404,1450599
Karnataka,2014,12,Uttara Kannada,GEN,None Of The Above,,NOTA,NOTA,16277,1450599
Karnataka,2014,12,Uttara Kannada,GEN,Prashant R Deshpande,M,INC,INC,406239,1450599
Karnataka,2014,12,Uttara Kannada,GEN,Anantkumar Hegde,M,BJP,BJP,546939,1450599
Karnataka,2014,13,Davanagere,GEN,Dr. Sridhara Udupa,M,IND,IND,946,1522712
Karnataka,2014,13,Davanagere,GEN,Alur M.G. Swamy,M,IND,IND,1122,1522712
Karnataka,2014,13,Davanagere,GEN,G.C.Patel,M,SJPA,SJPA,1145,1522712
Karnataka,2014,13,Davanagere,GEN,Siddesh,M,IND,IND,1216,1522712
Karnataka,2014,13,Davanagere,GEN,Sri Nagarajappa,M,IND,IND,1226,1522712
Karnataka,2014,13,Davanagere,GEN,A.T. Dadakhalandar,M,IND,IND,1331,1522712
Karnataka,2014,13,Davanagere,GEN,Parasuram Kurubar,M,CPI(ML)(L),CPI(ML)(L),1332,1522712
Karnataka,2014,13,Davanagere,GEN,K Syed Zabiulla,M,IND,IND,1582,1522712
Karnataka,2014,13,Davanagere,GEN,K.J. Basavaraj,M,AAAP,AAAP,2582,1522712
Karnataka,2014,13,Davanagere,GEN,G.M.Siddeshi,M,IND,IND,2732,1522712
Karnataka,2014,13,Davanagere,GEN,S.S. Subhan Khan,M,IND,IND,3312,1522712
Karnataka,2014,13,Davanagere,GEN,H.K. Kenchveerappa,M,VJCP,VJCP,3972,1522712
Karnataka,2014,13,Davanagere,GEN,None Of The Above,,NOTA,NOTA,4536,1522712
Karnataka,2014,13,Davanagere,GEN,A.K.Parashurama Kotemallur,M,BSP,BSP,5581,1522712
Karnataka,2014,13,Davanagere,GEN,B. Gnana Prakash,M,IND,IND,7097,1522712
Karnataka,2014,13,Davanagere,GEN,Com. H.K. Ramachandrappa,M,CPI,CPI,8064,1522712
Karnataka,2014,13,Davanagere,GEN,Mahima J Patel,M,JD(S),JD(S),46911,1522712
Karnataka,2014,13,Davanagere,GEN,S.S. Mallikarjun,M,INC,INC,501287,1522712
Karnataka,2014,13,Davanagere,GEN,G M Siddeshwara,M,BJP,BJP,518894,1522712
Karnataka,2014,14,Shimoga,GEN,Mainuddin M.S.,M,IND,IND,1295,1562243
Karnataka,2014,14,Shimoga,GEN,Fayaz Ahamed Alias Mohamad Fayaz Ahamed,M,SJPA,SJPA,1339,1562243
Karnataka,2014,14,Shimoga,GEN,Anil.M.R,M,IND,IND,1517,1562243
Karnataka,2014,14,Shimoga,GEN,Shrilatha Shetty,F,IND,IND,2073,1562243
Karnataka,2014,14,Shimoga,GEN,S. Satish Salian,M,IND,IND,2234,1562243
Karnataka,2014,14,Shimoga,GEN,H. Suresha Poojari,M,IND,IND,2709,1562243
Karnataka,2014,14,Shimoga,GEN,B.K. Shashi Kumar,M,KAP,KAP,3869,1562243
Karnataka,2014,14,Shimoga,GEN,B. Dharmappa,M,JD(U),JD(U),4537,1562243
Karnataka,2014,14,Shimoga,GEN,Kunaje Manjunatha Gowda,M,BSP,BSP,5053,1562243
Karnataka,2014,14,Shimoga,GEN,None Of The Above,,NOTA,NOTA,7077,1562243
Karnataka,2014,14,Shimoga,GEN,K.G. Sreedhar,M,AAAP,AAAP,7542,1562243
Karnataka,2014,14,Shimoga,GEN,Geetha Shivarajkumar,F,JD(S),JD(S),240636,1562243
Karnataka,2014,14,Shimoga,GEN,Manjunath Bhandary,M,INC,INC,242911,1562243
Karnataka,2014,14,Shimoga,GEN,B. S. Yeddyurappa,M,BJP,BJP,606216,1562243
Karnataka,2014,15,Udupi Chikmagalur,GEN,Manjunatha G,M,IND,IND,1089,1387294
Karnataka,2014,15,Udupi Chikmagalur,GEN,M D Mainuddin Khan Alias Asfiya,M,IND,IND,1214,1387294
Karnataka,2014,15,Udupi Chikmagalur,GEN,Comrade C J Jagannath,M,CPIM,CPIM,1612,1387294
Karnataka,2014,15,Udupi Chikmagalur,GEN,Sudheer Kanchan,M,IND,IND,1689,1387294
Karnataka,2014,15,Udupi Chikmagalur,GEN,Srinivasa Poojary,M,IND,IND,1899,1387294
Karnataka,2014,15,Udupi Chikmagalur,GEN,Gurudeva S H,M,AAAP,AAAP,6049,1387294
Karnataka,2014,15,Udupi Chikmagalur,GEN,Zakir Hussain,M,BSP,BSP,7449,1387294
Karnataka,2014,15,Udupi Chikmagalur,GEN,None Of The Above,,NOTA,NOTA,7828,1387294
Karnataka,2014,15,Udupi Chikmagalur,GEN,S Vijaya Kumar,M,CPI,CPI,9691,1387294
Karnataka,2014,15,Udupi Chikmagalur,GEN,V. Dhananjaya Kumar,M,JD(S),JD(S),14895,1387294
Karnataka,2014,15,Udupi Chikmagalur,GEN,K Jayaprakash Hegde,M,INC,INC,399525,1387294
Karnataka,2014,15,Udupi Chikmagalur,GEN,Shobha Karandlaje,F,BJP,BJP,581168,1387294
Karnataka,2014,16,Hassan,GEN,Dr. Banuprakash. K,M,IND,IND,1456,1561486
Karnataka,2014,16,Hassan,GEN,Javaraiah,M,IND,IND,1581,1561486
Karnataka,2014,16,Hassan,GEN,T.D. Jagadeesha,M,IND,IND,2083,1561486
Karnataka,2014,16,Hassan,GEN,S.N. Mallappa,M,IND,IND,2388,1561486
Karnataka,2014,16,Hassan,GEN,M.Mahesh (Harsha),M,IND,IND,3062,1561486
Karnataka,2014,16,Hassan,GEN,Rudregowda,M,JVBP,JVBP,3262,1561486
Karnataka,2014,16,Hassan,GEN,Manjunatha,M,BDBRAJP,BDBRAJP,3536,1561486
Karnataka,2014,16,Hassan,GEN,S.B. Rajegowda,M,IND,IND,3841,1561486
Karnataka,2014,16,Hassan,GEN,H.D. Revanna,M,KAP,KAP,6798,1561486
Karnataka,2014,16,Hassan,GEN,None Of The Above,,NOTA,NOTA,7334,1561486
Karnataka,2014,16,Hassan,GEN,Santhosh Mohan,M,AAAP,AAAP,8018,1561486
Karnataka,2014,16,Hassan,GEN,A.P. Ahamad,M,BSP,BSP,18905,1561486
Karnataka,2014,16,Hassan,GEN,C.H. Vijayashankar,M,BJP,BJP,165688,1561486
Karnataka,2014,16,Hassan,GEN,Manju. A.,M,INC,INC,409379,1561486
Karnataka,2014,16,Hassan,GEN,H.D. Devegowda,M,JD(S),JD(S),509841,1561486
Karnataka,2014,17,Dakshina Kannada,GEN,Supreeth Kumar Poojary,M,HJP,HJP,657,1565219
Karnataka,2014,17,Dakshina Kannada,GEN,K. Kushala Bellare,M,IND,IND,801,1565219
Karnataka,2014,17,Dakshina Kannada,GEN,Deepak Rajesh Coelho,M,IND,IND,905,1565219
Karnataka,2014,17,Dakshina Kannada,GEN,Maxim Pinto,M,IND,IND,1072,1565219
Karnataka,2014,17,Dakshina Kannada,GEN,Advocate Ananda Gatty,M,IND,IND,1116,1565219
Karnataka,2014,17,Dakshina Kannada,GEN,Sudatta Jain Shirthady,M,IND,IND,1613,1565219
Karnataka,2014,17,Dakshina Kannada,GEN,Subramanya Gowda K.,M,IND,IND,2450,1565219
Karnataka,2014,17,Dakshina Kannada,GEN,K.N. Somashekar,M,IND,IND,3421,1565219
Karnataka,2014,17,Dakshina Kannada,GEN,Moose Kunhi Alias Abdul Kareem,M,BSP,BSP,4471,1565219
Karnataka,2014,17,Dakshina Kannada,GEN,M. R. Vasudeva,M,AAAP,AAAP,5442,1565219
Karnataka,2014,17,Dakshina Kannada,GEN,None Of The Above,,NOTA,NOTA,7109,1565219
Karnataka,2014,17,Dakshina Kannada,GEN,K Yadava Shetty,M,CPM,CPM,9394,1565219
Karnataka,2014,17,Dakshina Kannada,GEN,Haneef Khan Kodaje,M,SDPI,SDPI,27254,1565219
Karnataka,2014,17,Dakshina Kannada,GEN,Janardhana Poojary,M,INC,INC,499030,1565219
Karnataka,2014,17,Dakshina Kannada,GEN,Nalin Kumar Kateel,M,BJP,BJP,642739,1565219
Karnataka,2014,18,Chitradurga,SC,T.Dayananda,M,IND,IND,1818,1661277
Karnataka,2014,18,Chitradurga,SC,Basavanagideva Sharanaru,M,IND,IND,2171,1661277
Karnataka,2014,18,Chitradurga,SC,N.S.Manjunatha Nerenahal,M,IND,IND,2702,1661277
Karnataka,2014,18,Chitradurga,SC,Ganesha,M,IND,IND,2816,1661277
Karnataka,2014,18,Chitradurga,SC,H.Siddagangappa,M,ANC,ANC,2951,1661277
Karnataka,2014,18,Chitradurga,SC,S. Meetya Naik,M,SP,SP,3558,1661277
Karnataka,2014,18,Chitradurga,SC,T.Bhavana,O,IND,IND,3601,1661277
Karnataka,2014,18,Chitradurga,SC,M.Kumbaiah,M,JD(U),JD(U),3970,1661277
Karnataka,2014,18,Chitradurga,SC,T.Somesh Shilpi,M,IND,IND,4511,1661277
Karnataka,2014,18,Chitradurga,SC,None Of The Above,,NOTA,NOTA,8895,1661277
Karnataka,2014,18,Chitradurga,SC,T.D.Rajagiri,M,BSP,BSP,9441,1661277
Karnataka,2014,18,Chitradurga,SC,Mohana Dasari,M,AAAP,AAAP,14226,1661277
Karnataka,2014,18,Chitradurga,SC,Gullihatty.D.Shekhar,M,JD(S),JD(S),202108,1661277
Karnataka,2014,18,Chitradurga,SC,Janardhana Swamy,M,BJP,BJP,366220,1661277
Karnataka,2014,18,Chitradurga,SC,B.N.Chandrappa,M,INC,INC,467511,1661277
Karnataka,2014,19,Tumkur,GEN,Govindarju.G,M,IND,IND,1063,1518518
Karnataka,2014,19,Tumkur,GEN,G.Nagendra,M,IND,IND,1094,1518518
Karnataka,2014,19,Tumkur,GEN,Anwar,M,IND,IND,1245,1518518
Karnataka,2014,19,Tumkur,GEN,L.P.Yadunandana,M,IND,IND,1507,1518518
Karnataka,2014,19,Tumkur,GEN,H.L.Mohan Kumar,M,HJP,HJP,1528,1518518
Karnataka,2014,19,Tumkur,GEN,Brahmananda Reddy,M,IND,IND,1673,1518518
Karnataka,2014,19,Tumkur,GEN,Shivakumar,M,IND,IND,1674,1518518
Karnataka,2014,19,Tumkur,GEN,K.V.Srinivas Kalkere,M,IND,IND,2195,1518518
Karnataka,2014,19,Tumkur,GEN,B.Venkatesha,M,KAP,KAP,2390,1518518
Karnataka,2014,19,Tumkur,GEN,Nilufar Jamani Ahmed,F,BSP,BSP,4732,1518518
Karnataka,2014,19,Tumkur,GEN,S.B.Hanumantharayappa,M,IND,IND,6301,1518518
Karnataka,2014,19,Tumkur,GEN,A.S.D''''Silva,M,AAAP,AAAP,8322,1518518
Karnataka,2014,19,Tumkur,GEN,Chinnappa.V,M,CPI,CPI,10448,1518518
Karnataka,2014,19,Tumkur,GEN,None Of The Above,,NOTA,NOTA,12934,1518518
Karnataka,2014,19,Tumkur,GEN,A.Krishnappa,M,JD(S),JD(S),258683,1518518
Karnataka,2014,19,Tumkur,GEN,G.S.Basavaraj,M,BJP,BJP,355827,1518518
Karnataka,2014,19,Tumkur,GEN,Muddahanumegowda.S.P.,M,INC,INC,429868,1518518
Karnataka,2014,20,Mandya,GEN,Jayachandra,M,BMUP,BMUP,1119,1669262
Karnataka,2014,20,Mandya,GEN,K.Shivananda,M,HJP,HJP,1165,1669262
Karnataka,2014,20,Mandya,GEN,Aravind Premanand,M,IND,IND,1172,1669262
Karnataka,2014,20,Mandya,GEN,Arunakumara,M,IND,IND,1179,1669262
Karnataka,2014,20,Mandya,GEN,K.Mahadevappa,M,BDBRAJP,BDBRAJP,1423,1669262
Karnataka,2014,20,Mandya,GEN,Krishnamurthy Kommerahalli,M,RPI(A),RPI(A),1643,1669262
Karnataka,2014,20,Mandya,GEN,Ashraf,M,IND,IND,2163,1669262
Karnataka,2014,20,Mandya,GEN,K.Udayakumara,M,IND,IND,3070,1669262
Karnataka,2014,20,Mandya,GEN,N.C.Puttaraju,M,IND,IND,4021,1669262
Karnataka,2014,20,Mandya,GEN,Dr. C.S.Hanumanthappa,M,AAAP,AAAP,4098,1669262
Karnataka,2014,20,Mandya,GEN,Bhanuprakash.K.L,M,IND,IND,4354,1669262
Karnataka,2014,20,Mandya,GEN,None Of The Above,,NOTA,NOTA,6021,1669262
Karnataka,2014,20,Mandya,GEN,H.K.Krishna,M,KAP,KAP,8604,1669262
Karnataka,2014,20,Mandya,GEN,M.Krishnamurthy,M,BSP,BSP,22391,1669262
Karnataka,2014,20,Mandya,GEN,Prof. B.Shivalingaiah,M,BJP,BJP,86993,1669262
Karnataka,2014,20,Mandya,GEN,Ramya,F,INC,INC,518852,1669262
Karnataka,2014,20,Mandya,GEN,C.S.Puttaraju,M,JD(S),JD(S),524370,1669262
Karnataka,2014,21,Mysore,GEN,D S Nirvanappa,M,CPIM,CPIM,978,1723134
Karnataka,2014,21,Mysore,GEN,S P Mahadevappa,M,JD(U),JD(U),1016,1723134
Karnataka,2014,21,Mysore,GEN,Bannur Kumar,M,IND,IND,1215,1723134
Karnataka,2014,21,Mysore,GEN,D Eswar Thoremavu,M,IND,IND,1246,1723134
Karnataka,2014,21,Mysore,GEN,Hunsur K Chandrashekar,M,DPPS,DPPS,1342,1723134
Karnataka,2014,21,Mysore,GEN,Praveen M S,M,IND,IND,1439,1723134
Karnataka,2014,21,Mysore,GEN,Thimme Gowda,M,SJPA,SJPA,1516,1723134
Karnataka,2014,21,Mysore,GEN,Bojanna N Somaiah,M,IND,IND,2032,1723134
Karnataka,2014,21,Mysore,GEN,Sampathu N,M,IND,IND,2078,1723134
Karnataka,2014,21,Mysore,GEN,Rathi Poovaiah,F,KAP,KAP,3726,1723134
Karnataka,2014,21,Mysore,GEN,Padmamma M V,F,AAAP,AAAP,5650,1723134
Karnataka,2014,21,Mysore,GEN,None Of The Above,,NOTA,NOTA,8924,1723134
Karnataka,2014,21,Mysore,GEN,C Mohan Kumar,M,BSP,BSP,13637,1723134
Karnataka,2014,21,Mysore,GEN,Chandrashekaraiah,M,JD(S),JD(S),138587,1723134
Karnataka,2014,21,Mysore,GEN,Adagooru H Vishwanath,M,INC,INC,472300,1723134
Karnataka,2014,21,Mysore,GEN,Prathap Simha,M,BJP,BJP,503908,1723134
Karnataka,2014,22,Chamarajanagar,SC,Kandegala Srinivasamurthy,M,CPIM,CPIM,1825,1555781
Karnataka,2014,22,Chamarajanagar,SC,Kathavaray,M,asdp,asdp,1949,1555781
Karnataka,2014,22,Chamarajanagar,SC,Chaudahally Javaraiah,M,CPI(ML)(L),CPI(ML)(L),2008,1555781
Karnataka,2014,22,Chamarajanagar,SC,B Guruswamy,M,SP,SP,2043,1555781
Karnataka,2014,22,Chamarajanagar,SC,Pradeep Kumar M,M,KAP,KAP,2492,1555781
Karnataka,2014,22,Chamarajanagar,SC,Bannur Surendra,M,SJPA,SJPA,2762,1555781
Karnataka,2014,22,Chamarajanagar,SC,Sampath Kumar,M,AAAP,AAAP,3357,1555781
Karnataka,2014,22,Chamarajanagar,SC,Ananda G,M,IND,IND,3906,1555781
Karnataka,2014,22,Chamarajanagar,SC,S. Govinda Naik,M,IND,IND,5398,1555781
Karnataka,2014,22,Chamarajanagar,SC,Nirmala Kumari,F,IND,IND,6604,1555781
Karnataka,2014,22,Chamarajanagar,SC,None Of The Above,,NOTA,NOTA,12697,1555781
Karnataka,2014,22,Chamarajanagar,SC,Shivamallu,M,BSP,BSP,34846,1555781
Karnataka,2014,22,Chamarajanagar,SC,M Shivanna (Kote),M,JD(S),JD(S),58760,1555781
Karnataka,2014,22,Chamarajanagar,SC,A. R. Krishna Murthy,M,BJP,BJP,426600,1555781
Karnataka,2014,22,Chamarajanagar,SC,R. Dhruvanarayana,M,INC,INC,567782,1555781
Karnataka,2014,23,Bangalore Rural,GEN,Kenchaiah,M,IND,IND,859,2190398
Karnataka,2014,23,Bangalore Rural,GEN,J Nataraju,M,IND,IND,958,2190398
Karnataka,2014,23,Bangalore Rural,GEN,Shankarappa,M,JVBP,JVBP,1008,2190398
Karnataka,2014,23,Bangalore Rural,GEN,K A Mohan,M,KDC,KDC,1345,2190398
Karnataka,2014,23,Bangalore Rural,GEN,J.T.Prakash,M,IND,IND,1503,2190398
Karnataka,2014,23,Bangalore Rural,GEN,S.Siddaramaiah (Heggade),M,IND,IND,2142,2190398
Karnataka,2014,23,Bangalore Rural,GEN,M.P.Munawer Shariff,M,IND,IND,2577,2190398
Karnataka,2014,23,Bangalore Rural,GEN,Suresh,M,IND,IND,2782,2190398
Karnataka,2014,23,Bangalore Rural,GEN,Mallesha,M,IND,IND,5420,2190398
Karnataka,2014,23,Bangalore Rural,GEN,Basavegowda,M,RPI(A),RPI(A),6154,2190398
Karnataka,2014,23,Bangalore Rural,GEN,None Of The Above,,NOTA,NOTA,9871,2190398
Karnataka,2014,23,Bangalore Rural,GEN,C Thopaiah,M,BSP,BSP,11594,2190398
Karnataka,2014,23,Bangalore Rural,GEN,Ravi Krishna Reddy,M,AAAP,AAAP,17195,2190398
Karnataka,2014,23,Bangalore Rural,GEN,R. Prabhakara Reddy,M,JD(S),JD(S),317870,2190398
Karnataka,2014,23,Bangalore Rural,GEN,Muniraju Gowda . P,M,BJP,BJP,421243,2190398
Karnataka,2014,23,Bangalore Rural,GEN,D K Suresh,M,INC,INC,652723,2190398
Karnataka,2014,24,Bangalore North,GEN,Dr.Meerlayaq Hussain,M,IND,IND,612,2401472
Karnataka,2014,24,Bangalore North,GEN,Mohammed Qutbuddin,M,IND,IND,680,2401472
Karnataka,2014,24,Bangalore North,GEN,Muthuraju. M,M,RPI(A),RPI(A),829,2401472
Karnataka,2014,24,Bangalore North,GEN,T.S.Chaithanya (S.J.R),M,IND,IND,911,2401472
Karnataka,2014,24,Bangalore North,GEN,Manohar H.A.,M,IND,IND,919,2401472
Karnataka,2014,24,Bangalore North,GEN,Mu.Venkatesh Simha Bhovi,M,IND,IND,1033,2401472
Karnataka,2014,24,Bangalore North,GEN,S. Ramu,M,IND,IND,1131,2401472
Karnataka,2014,24,Bangalore North,GEN,Sunil.V.J,M,IND,IND,1561,2401472
Karnataka,2014,24,Bangalore North,GEN,Sun Star D.Jayaram,M,GaAP,GaAP,3784,2401472
Karnataka,2014,24,Bangalore North,GEN,V Velu,M,BSP,BSP,5586,2401472
Karnataka,2014,24,Bangalore North,GEN,None Of The Above,,NOTA,NOTA,11996,2401472
Karnataka,2014,24,Bangalore North,GEN,Babu Mathew,M,AAAP,AAAP,28107,2401472
Karnataka,2014,24,Bangalore North,GEN,Abdul Azeem,M,JD(S),JD(S),92681,2401472
Karnataka,2014,24,Bangalore North,GEN,C.Narayana Swamy,M,INC,INC,488562,2401472
Karnataka,2014,24,Bangalore North,GEN,D.V Sadananda Gowda,M,BJP,BJP,718326,2401472
Karnataka,2014,25,Bangalore Central,GEN,E.Salam,M,IND,IND,365,1931456
Karnataka,2014,25,Bangalore Central,GEN,Ambrose D''''Mello,M,IND,IND,366,1931456
Karnataka,2014,25,Bangalore Central,GEN,Syed Asif Bukhaari,M,IND,IND,411,1931456
Karnataka,2014,25,Bangalore Central,GEN,Dhananjaya. H.H,M,IND,IND,422,1931456
Karnataka,2014,25,Bangalore Central,GEN,Suraiya Zaithoon,F,IND,IND,519,1931456
Karnataka,2014,25,Bangalore Central,GEN,Kadugudi Sonnappa,M,RPI(A),RPI(A),543,1931456
Karnataka,2014,25,Bangalore Central,GEN,Shafi Ahmed,M,IND,IND,549,1931456
Karnataka,2014,25,Bangalore Central,GEN,Budayya .B. Pujeri,M,KAP,KAP,553,1931456
Karnataka,2014,25,Bangalore Central,GEN,B.V.Venkateshappa,M,IND,IND,668,1931456
Karnataka,2014,25,Bangalore Central,GEN,B.K. Narayana-Swamy,M,IND,IND,700,1931456
Karnataka,2014,25,Bangalore Central,GEN,H.L. Manjunatha,M,KCVP,KCVP,707,1931456
Karnataka,2014,25,Bangalore Central,GEN,Prashanth.S.M,M,IND,IND,903,1931456
Karnataka,2014,25,Bangalore Central,GEN,Bhovi Rama C.B.K,M,IND,IND,942,1931456
Karnataka,2014,25,Bangalore Central,GEN,Zaheeda Shereen,F,SUCI,SUCI,1198,1931456
Karnataka,2014,25,Bangalore Central,GEN,G. Narayanaswamy (Kapali),M,IND,IND,1228,1931456
Karnataka,2014,25,Bangalore Central,GEN,K.Murthy,M,IND,IND,1507,1931456
Karnataka,2014,25,Bangalore Central,GEN,Ramanuj Singh,M,IND,IND,1836,1931456
Karnataka,2014,25,Bangalore Central,GEN,Dr. Meer Layaq Hussain,M,IND,IND,1878,1931456
Karnataka,2014,25,Bangalore Central,GEN,Ismail Khan Saif Ali,M,AITC,AITC,2276,1931456
Karnataka,2014,25,Bangalore Central,GEN,Seetha Raman.E,M,IND,IND,2543,1931456
Karnataka,2014,25,Bangalore Central,GEN,Modi Saifulla,M,IND,IND,3204,1931456
Karnataka,2014,25,Bangalore Central,GEN,R. Mohan Raju,M,BSP,BSP,5806,1931456
Karnataka,2014,25,Bangalore Central,GEN,None Of The Above,,NOTA,NOTA,8449,1931456
Karnataka,2014,25,Bangalore Central,GEN,Nandini Alva,F,JD(S),JD(S),20387,1931456
Karnataka,2014,25,Bangalore Central,GEN,V. Balakrishnan,M,AAAP,AAAP,39869,1931456
Karnataka,2014,25,Bangalore Central,GEN,Rizwan Arshad,M,INC,INC,419630,1931456
Karnataka,2014,25,Bangalore Central,GEN,P.C. Mohan,M,BJP,BJP,557130,1931456
Karnataka,2014,26,Bangalore South,GEN,Syed Rafiq Ahmed,M,IND,IND,246,1998724
Karnataka,2014,26,Bangalore South,GEN,Syed Mehaboob,M,JD(U),JD(U),365,1998724
Karnataka,2014,26,Bangalore South,GEN,N. Hanumegowda,M,IND,IND,414,1998724
Karnataka,2014,26,Bangalore South,GEN,Mahadeva Swamy. B. M,M,BDBRAJP,BDBRAJP,428,1998724
Karnataka,2014,26,Bangalore South,GEN,Gayathri,F,PPOI,PPOI,484,1998724
Karnataka,2014,26,Bangalore South,GEN,Dr. Kodur Venkatesh,M,IND,IND,502,1998724
Karnataka,2014,26,Bangalore South,GEN,Dr. Pradeep Gadugesh,M,IND,IND,549,1998724
Karnataka,2014,26,Bangalore South,GEN,Shambulingegowda (Gandivadi),M,IND,IND,581,1998724
Karnataka,2014,26,Bangalore South,GEN,G.R. Shivashankar,M,AIFB,AIFB,586,1998724
Karnataka,2014,26,Bangalore South,GEN,T. E. Moses,M,IND,IND,604,1998724
Karnataka,2014,26,Bangalore South,GEN,Govindaiah B.R.,M,IND,IND,672,1998724
Karnataka,2014,26,Bangalore South,GEN,G. Venkatesh Bhovi,M,IND,IND,736,1998724
Karnataka,2014,26,Bangalore South,GEN,Ravikumara T,M,SP,SP,781,1998724
Karnataka,2014,26,Bangalore South,GEN,M. Umadevi,F,SUCI,SUCI,918,1998724
Karnataka,2014,26,Bangalore South,GEN,T.K. Dasar,M,IND,IND,929,1998724
Karnataka,2014,26,Bangalore South,GEN,Yogesh,M,IND,IND,2061,1998724
Karnataka,2014,26,Bangalore South,GEN,Prabhu,M,IND,IND,2325,1998724
Karnataka,2014,26,Bangalore South,GEN,Khan Abdul R,M,BSP,BSP,2747,1998724
Karnataka,2014,26,Bangalore South,GEN,Pramod Mutalik,M,IND,IND,4247,1998724
Karnataka,2014,26,Bangalore South,GEN,None Of The Above,,NOTA,NOTA,7414,1998724
Karnataka,2014,26,Bangalore South,GEN,Nina P Nayak,F,AAAP,AAAP,21403,1998724
Karnataka,2014,26,Bangalore South,GEN,Ruth Manorama,F,JD(S),JD(S),25677,1998724
Karnataka,2014,26,Bangalore South,GEN,Nandan Nilekani,M,INC,INC,405241,1998724
Karnataka,2014,26,Bangalore South,GEN,Ananth Kumar,M,BJP,BJP,633816,1998724
Karnataka,2014,27,Chikkballapur,GEN,H N Ramakrishna Reddy,M,PPOI,PPOI,686,1658410
Karnataka,2014,27,Chikkballapur,GEN,Reddy G K C,M,JD(U),JD(U),799,1658410
Karnataka,2014,27,Chikkballapur,GEN,G C Venkataramanappa,M,RPI(A),RPI(A),892,1658410
Karnataka,2014,27,Chikkballapur,GEN,Yakub Shariff,M,BMUP,BMUP,931,1658410
Karnataka,2014,27,Chikkballapur,GEN,Nanjappa,M,IND,IND,1215,1658410
Karnataka,2014,27,Chikkballapur,GEN,Robin Mathews Narekattu,M,SP,SP,1404,1658410
Karnataka,2014,27,Chikkballapur,GEN,B N Gopalagowda,M,IND,IND,1465,1658410
Karnataka,2014,27,Chikkballapur,GEN,Jayaprakasha Yadav,M,IND,IND,1586,1658410
Karnataka,2014,27,Chikkballapur,GEN,D N Narasimhamurthy,M,IND,IND,1897,1658410
Karnataka,2014,27,Chikkballapur,GEN,Venkatesh D T,M,IND,IND,3410,1658410
Karnataka,2014,27,Chikkballapur,GEN,T V Manjunatha Gowda,M,IND,IND,3895,1658410
Karnataka,2014,27,Chikkballapur,GEN,K S Swamy,M,IND,IND,4689,1658410
Karnataka,2014,27,Chikkballapur,GEN,Chitra Prasad,F,BSP,BSP,6279,1658410
Karnataka,2014,27,Chikkballapur,GEN,K Arkesh,M,AAAP,AAAP,6827,1658410
Karnataka,2014,27,Chikkballapur,GEN,G N Ravi,M,IND,IND,7127,1658410
Karnataka,2014,27,Chikkballapur,GEN,None Of The Above,,NOTA,NOTA,7682,1658410
Karnataka,2014,27,Chikkballapur,GEN,G V Sreerama Reddy,M,CPM,CPM,26071,1658410
Karnataka,2014,27,Chikkballapur,GEN,H D Kumara Swamy,M,JD(S),JD(S),346339,1658410
Karnataka,2014,27,Chikkballapur,GEN,B N Bache Gowda,M,BJP,BJP,415280,1658410
Karnataka,2014,27,Chikkballapur,GEN,M Veerappa Moily,M,INC,INC,424800,1658410
Karnataka,2014,28,Kolar,SC,H.V.Anjappa,M,IND,IND,920,1492977
Karnataka,2014,28,Kolar,SC,K.Narendrababu,M,IND,IND,1089,1492977
Karnataka,2014,28,Kolar,SC,R.Ravindra Kumar,M,BDBRAJP,BDBRAJP,1144,1492977
Karnataka,2014,28,Kolar,SC,A.Prasad,M,IND,IND,1275,1492977
Karnataka,2014,28,Kolar,SC,M.S.Narayanaswamy,M,IND,IND,1291,1492977
Karnataka,2014,28,Kolar,SC,Beeda Srinivas N,M,IND,IND,1398,1492977
Karnataka,2014,28,Kolar,SC,V.Srinivasa,M,IND,IND,1424,1492977
Karnataka,2014,28,Kolar,SC,Narayanaswamy,M,IND,IND,1517,1492977
Karnataka,2014,28,Kolar,SC,H.N.Narayanaswamy,M,IND,IND,1583,1492977
Karnataka,2014,28,Kolar,SC,K.H.Madhusoodan,M,IND,IND,1759,1492977
Karnataka,2014,28,Kolar,SC,Vinayaka Prasad.H.N,M,IND,IND,2074,1492977
Karnataka,2014,28,Kolar,SC,M.Muniyappa,M,IND,IND,2663,1492977
Karnataka,2014,28,Kolar,SC,Dr.C.Mohan,M,IND,IND,2907,1492977
Karnataka,2014,28,Kolar,SC,N.Venkatesh,M,IND,IND,3601,1492977
Karnataka,2014,28,Kolar,SC,V.Muniswamy,M,SP,SP,4803,1492977
Karnataka,2014,28,Kolar,SC,D.M.Ambareesha,M,BSP,BSP,4934,1492977
Karnataka,2014,28,Kolar,SC,None Of The Above,,NOTA,NOTA,5097,1492977
Karnataka,2014,28,Kolar,SC,G.N.Venkatesh,M,IND,IND,6236,1492977
Karnataka,2014,28,Kolar,SC,B.V.Venkatagiriyappa,M,IND,IND,6713,1492977
Karnataka,2014,28,Kolar,SC,Kotiganahalli Ramaiah,M,AAAP,AAAP,17563,1492977
Karnataka,2014,28,Kolar,SC,Em.Narayanaswamy,M,BJP,BJP,267322,1492977
Karnataka,2014,28,Kolar,SC,Kolar Kesava,M,JD(S),JD(S),371076,1492977
Karnataka,2014,28,Kolar,SC,K.H.Muniyappa,M,INC,INC,418926,1492977
Kerala,2014,1,Kasaragod,GEN,Abbas Mothalappara,M,AITC,AITC,632,1243730
Kerala,2014,1,Kasaragod,GEN,Karunakaran Kalippurayil,M,IND,IND,824,1243730
Kerala,2014,1,Kasaragod,GEN,Aboobacker Siddiq,M,IND,IND,880,1243730
Kerala,2014,1,Kasaragod,GEN,Karunakaran Paingappadan,M,IND,IND,1002,1243730
Kerala,2014,1,Kasaragod,GEN,P K Raman,M,IND,IND,1222,1243730
Kerala,2014,1,Kasaragod,GEN,Gothra Moopan Nellikadan Kannan,M,IND,IND,2655,1243730
Kerala,2014,1,Kasaragod,GEN,K K Ashokan,M,IND,IND,3057,1243730
Kerala,2014,1,Kasaragod,GEN,Adv. Basheer Alady,M,BSP,BSP,3104,1243730
Kerala,2014,1,Kasaragod,GEN,Manoharan K,M,IND,IND,4194,1243730
Kerala,2014,1,Kasaragod,GEN,Ambalathara Kunhikrishnan,M,AAAP,AAAP,4996,1243730
Kerala,2014,1,Kasaragod,GEN,None Of The Above,,NOTA,NOTA,6103,1243730
Kerala,2014,1,Kasaragod,GEN,Abdul Salam N U,M,SDPI,SDPI,9713,1243730
Kerala,2014,1,Kasaragod,GEN,K Surendran,M,BJP,BJP,172826,1243730
Kerala,2014,1,Kasaragod,GEN,Adv. T Siddique,M,INC,INC,378043,1243730
Kerala,2014,1,Kasaragod,GEN,P Karunakaran,M,CPM,CPM,384964,1243730
Kerala,2014,2,Kannur,GEN,Sreemathi Puthalath,F,IND,IND,1500,1170266
Kerala,2014,2,Kannur,GEN,P P Aboobackar,M,CPIM,CPIM,1536,1170266
Kerala,2014,2,Kannur,GEN,N Abdulla Davud,M,BSP,BSP,2109,1170266
Kerala,2014,2,Kannur,GEN,P P Mohanan,M,IND,IND,2371,1170266
Kerala,2014,2,Kannur,GEN,K Sudhakaran (Sreeshylam),M,IND,IND,2745,1170266
Kerala,2014,2,Kannur,GEN,K Sudhakaran (Kollon House),M,IND,IND,4240,1170266
Kerala,2014,2,Kannur,GEN,Sasidharan K V,M,AAAP,AAAP,6106,1170266
Kerala,2014,2,Kannur,GEN,None Of The Above,,NOTA,NOTA,7026,1170266
Kerala,2014,2,Kannur,GEN,K K Abdul Jabbar,M,SDPI,SDPI,19170,1170266
Kerala,2014,2,Kannur,GEN,P C Mohanan Master,M,BJP,BJP,51636,1170266
Kerala,2014,2,Kannur,GEN,K Sudhakaran,M,INC,INC,421056,1170266
Kerala,2014,2,Kannur,GEN,P K Sreemathi Teacher,F,CPM,CPM,427622,1170266
Kerala,2014,3,Vadakara,GEN,A.M.Smitha,F,CPIM,CPIM,693,1182504
Kerala,2014,3,Vadakara,GEN,Attuveppil Kunhikkannan,M,IND,IND,731,1182504
Kerala,2014,3,Vadakara,GEN,P.Sharafudeen,M,IND,IND,1679,1182504
Kerala,2014,3,Vadakara,GEN,Saseendran,M,BSP,BSP,2150,1182504
Kerala,2014,3,Vadakara,GEN,A.P.Shamseer,M,IND,IND,3485,1182504
Kerala,2014,3,Vadakara,GEN,None Of The Above,,NOTA,NOTA,6107,1182504
Kerala,2014,3,Vadakara,GEN,Ali Akbar,M,AAAP,AAAP,6245,1182504
Kerala,2014,3,Vadakara,GEN,P.Abdul Hameed Master,M,SDPI,SDPI,15058,1182504
Kerala,2014,3,Vadakara,GEN,Adv.P.Kumarankutty,M,IND,IND,17229,1182504
Kerala,2014,3,Vadakara,GEN,V.K.Sajeevan,M,BJP,BJP,76313,1182504
Kerala,2014,3,Vadakara,GEN,Adv.A.N.Shamseer,M,CPM,CPM,413173,1182504
Kerala,2014,3,Vadakara,GEN,Mullappally Ramachandran,M,INC,INC,416479,1182504
Kerala,2014,4,Wayanad,GEN,Satheesh Chandran,M,AITC,AITC,741,1249420
Kerala,2014,4,Wayanad,GEN,Sinoj A C,M,IND,IND,1104,1249420
Kerala,2014,4,Wayanad,GEN,Sam P Mathew,M,CPIM,CPIM,1222,1249420
Kerala,2014,4,Wayanad,GEN,Abraham Benhur,M,IND,IND,1308,1249420
Kerala,2014,4,Wayanad,GEN,Vappan,M,BSP,BSP,1317,1249420
Kerala,2014,4,Wayanad,GEN,Cleatus,M,IND,IND,1517,1249420
Kerala,2014,4,Wayanad,GEN,Sathyan Puthanveettil,M,IND,IND,2855,1249420
Kerala,2014,4,Wayanad,GEN,Sathyan Thazhemangad,M,IND,IND,5476,1249420
Kerala,2014,4,Wayanad,GEN,Adv. P P A Sageer,M,AAAP,AAAP,10684,1249420
Kerala,2014,4,Wayanad,GEN,None Of The Above,,NOTA,NOTA,10735,1249420
Kerala,2014,4,Wayanad,GEN,Ramla Mampad,F,WPOI,WPOI,12645,1249420
Kerala,2014,4,Wayanad,GEN,Jaleel Neelambra,M,SDPI,SDPI,14327,1249420
Kerala,2014,4,Wayanad,GEN,P V Anvar,M,IND,IND,37123,1249420
Kerala,2014,4,Wayanad,GEN,P R Rasmilnath,M,BJP,BJP,80752,1249420
Kerala,2014,4,Wayanad,GEN,Sathyan Mokeri,M,CPI,CPI,356165,1249420
Kerala,2014,4,Wayanad,GEN,M I Shanavas,M,INC,INC,377035,1249420
Kerala,2014,5,Kozhikode,GEN,Muhammed Riyas,M,IND,IND,473,1182484
Kerala,2014,5,Kozhikode,GEN,Thrissur Nazeer,M,IND,IND,665,1182484
Kerala,2014,5,Kozhikode,GEN,V M Raghavan,M,IND,IND,964,1182484
Kerala,2014,5,Kozhikode,GEN,Velayudhan K.P.,M,BSP,BSP,1909,1182484
Kerala,2014,5,Kozhikode,GEN,Vijayaraghavan.K.,M,IND,IND,1991,1182484
Kerala,2014,5,Kozhikode,GEN,M Raghavan,M,IND,IND,2331,1182484
Kerala,2014,5,Kozhikode,GEN,M.Vijayaraghavan,M,IND,IND,2665,1182484
Kerala,2014,5,Kozhikode,GEN,None Of The Above,,NOTA,NOTA,6381,1182484
Kerala,2014,5,Kozhikode,GEN,Adv.N.P.Prathap Kumar,M,IND,IND,6993,1182484
Kerala,2014,5,Kozhikode,GEN,Musthafa Kommeri,M,SDPI,SDPI,10596,1182484
Kerala,2014,5,Kozhikode,GEN,K P Ratheesh,M,AAAP,AAAP,13934,1182484
Kerala,2014,5,Kozhikode,GEN,C K.Padmanabhan,M,BJP,BJP,115760,1182484
Kerala,2014,5,Kozhikode,GEN,A.Vijayaraghavan,M,CPM,CPM,380732,1182484
Kerala,2014,5,Kozhikode,GEN,M .K Raghavan,M,INC,INC,397615,1182484
Kerala,2014,6,Malappuram,GEN,Anwar Shakeel Omar,M,IND,IND,1215,1198444
Kerala,2014,6,Malappuram,GEN,Sreedharan,M,IND,IND,1330,1198444
Kerala,2014,6,Malappuram,GEN,Dr. M.V. Ibrahim,M,IND,IND,1376,1198444
Kerala,2014,6,Malappuram,GEN,Gopinathan.N,M,IND,IND,2491,1198444
Kerala,2014,6,Malappuram,GEN,Ilyas,M,BSP,BSP,2745,1198444
Kerala,2014,6,Malappuram,GEN,None Of The Above,,NOTA,NOTA,21829,1198444
Kerala,2014,6,Malappuram,GEN,Prof. P.Ismail,M,WPOI,WPOI,29216,1198444
Kerala,2014,6,Malappuram,GEN,Nasarudheen Elamaram,M,SDPI,SDPI,47853,1198444
Kerala,2014,6,Malappuram,GEN,Adv. N.Sreeprakash,M,BJP,BJP,64705,1198444
Kerala,2014,6,Malappuram,GEN,P.K.Sainaba,F,CPM,CPM,242984,1198444
Kerala,2014,6,Malappuram,GEN,E. Ahamed,M,IUML,IUML,437723,1198444
Kerala,2014,7,Ponnani,GEN,Abdurahiman Vayarakath,M,IND,IND,1220,1180789
Kerala,2014,7,Ponnani,GEN,Abdurahman Vadakkathinakath,M,IND,IND,2044,1180789
Kerala,2014,7,Ponnani,GEN,T.Ayyappan,M,BSP,BSP,2153,1180789
Kerala,2014,7,Ponnani,GEN,Bindu M.K.,F,IND,IND,2261,1180789
Kerala,2014,7,Ponnani,GEN,Abdurahiman Varikkottil,M,IND,IND,2434,1180789
Kerala,2014,7,Ponnani,GEN,None Of The Above,,NOTA,NOTA,7494,1180789
Kerala,2014,7,Ponnani,GEN,Shylock P.V.,M,AAAP,AAAP,9504,1180789
Kerala,2014,7,Ponnani,GEN,Abullais.T.P,M,IND,IND,11034,1180789
Kerala,2014,7,Ponnani,GEN,V.T.Ikramul Haque,M,SDPI,SDPI,26640,1180789
Kerala,2014,7,Ponnani,GEN,K.Narayanan Master,M,BJP,BJP,75212,1180789
Kerala,2014,7,Ponnani,GEN,V.Abdurahman,M,IND,IND,353093,1180789
Kerala,2014,7,Ponnani,GEN,E. T. Mohammed Basheer,M,IUML,IUML,378503,1180789
Kerala,2014,8,Palakkad,GEN,Pradeep,M,IND,IND,770,1208726
Kerala,2014,8,Palakkad,GEN,Aboobakker Sidhikh,M,AITC,AITC,828,1208726
Kerala,2014,8,Palakkad,GEN,C.K. Ramakrishnan,M,IND,IND,1092,1208726
Kerala,2014,8,Palakkad,GEN,Abhimod,M,IND,IND,1231,1208726
Kerala,2014,8,Palakkad,GEN,Sreejith,M,IND,IND,1416,1208726
Kerala,2014,8,Palakkad,GEN,V S Shanavas,M,IND,IND,1946,1208726
Kerala,2014,8,Palakkad,GEN,Hari Arumbil,M,BSP,BSP,1963,1208726
Kerala,2014,8,Palakkad,GEN,Rajesh S,M,SHS,SHS,2654,1208726
Kerala,2014,8,Palakkad,GEN,Veerendrakumar O P,M,IND,IND,3946,1208726
Kerala,2014,8,Palakkad,GEN,B Padmanabhan,M,AAAP,AAAP,4933,1208726
Kerala,2014,8,Palakkad,GEN,Thennilapuram Radhakrishnan,M,WPOI,WPOI,8667,1208726
Kerala,2014,8,Palakkad,GEN,None Of The Above,,NOTA,NOTA,11291,1208726
Kerala,2014,8,Palakkad,GEN,E S Khaja Hussain,M,SDPI,SDPI,12504,1208726
Kerala,2014,8,Palakkad,GEN,Sobhasurendran,F,BJP,BJP,136587,1208726
Kerala,2014,8,Palakkad,GEN,M P Veerendrakumar,M,SJD,SJD,307597,1208726
Kerala,2014,8,Palakkad,GEN,M B Rajesh,M,CPM,CPM,412897,1208726
Kerala,2014,9,Alathur ,SC,Krishnankutty V,M,IND,IND,932,1216351
Kerala,2014,9,Alathur ,SC,A Biju,M,IND,IND,1692,1216351
Kerala,2014,9,Alathur ,SC,Vijayan Ambalakkad,M,IND,IND,2102,1216351
Kerala,2014,9,Alathur ,SC,R Biju,M,IND,IND,2159,1216351
Kerala,2014,9,Alathur ,SC,K Biju,M,IND,IND,2911,1216351
Kerala,2014,9,Alathur ,SC,K S Velayudhan,M,IND,IND,4392,1216351
Kerala,2014,9,Alathur ,SC,Premakumari,F,BSP,BSP,4436,1216351
Kerala,2014,9,Alathur ,SC,Albin M U,M,IND,IND,5260,1216351
Kerala,2014,9,Alathur ,SC,Krishnan Eranhikkal,M,SDPI,SDPI,7820,1216351
Kerala,2014,9,Alathur ,SC,None Of The Above,,NOTA,NOTA,21417,1216351
Kerala,2014,9,Alathur ,SC,Shaju Mon Vattekkad,M,BJP,BJP,87803,1216351
Kerala,2014,9,Alathur ,SC,Sheeba,F,INC,INC,374496,1216351
Kerala,2014,9,Alathur ,SC,P.K.Biju,M,CPM,CPM,411808,1216351
Kerala,2014,10,Thrissur,GEN,Jiju Cheenikkal,M,IND,IND,450,1275288
Kerala,2014,10,Thrissur,GEN,Soman Pillai,M,igp,igp,546,1275288
Kerala,2014,10,Thrissur,GEN,M. Narayanankutty (M. N. Kutty),M,IND,IND,616,1275288
Kerala,2014,10,Thrissur,GEN,Haji Moideen Shah,M,JD(U),JD(U),659,1275288
Kerala,2014,10,Thrissur,GEN,K.Sivaraman,M,CPIM,CPIM,718,1275288
Kerala,2014,10,Thrissur,GEN,Maniyangattil Sukumaran,M,IND,IND,949,1275288
Kerala,2014,10,Thrissur,GEN,Adv. A. Jayaram,M,BSP,BSP,2110,1275288
Kerala,2014,10,Thrissur,GEN,Jasminsha,M,IND,IND,3959,1275288
Kerala,2014,10,Thrissur,GEN,T. L. Santhosh,M,IND,IND,6044,1275288
Kerala,2014,10,Thrissur,GEN,Sufeera K. P.,F,SDPI,SDPI,6894,1275288
Kerala,2014,10,Thrissur,GEN,None Of The Above,,NOTA,NOTA,10050,1275288
Kerala,2014,10,Thrissur,GEN,Sarah Joseph,F,AAAP,AAAP,44638,1275288
Kerala,2014,10,Thrissur,GEN,K.P. Sreesan,M,BJP,BJP,102681,1275288
Kerala,2014,10,Thrissur,GEN,K. P. Dhanapalan,M,INC,INC,350982,1275288
Kerala,2014,10,Thrissur,GEN,C. N. Jayadevan,M,CPI,CPI,389209,1275288
Kerala,2014,11,Chalakudy,GEN,Annamma Joy,F,AITC,AITC,862,1150497
Kerala,2014,11,Chalakudy,GEN,T D Baburajan,M,IND,IND,900,1150497
Kerala,2014,11,Chalakudy,GEN,Jayan Konikara,M,CPIM,CPIM,932,1150497
Kerala,2014,11,Chalakudy,GEN,Saji Thuruthikunnel,M,SHS,SHS,1114,1150497
Kerala,2014,11,Chalakudy,GEN,Edappally Basheer,M,IND,IND,1346,1150497
Kerala,2014,11,Chalakudy,GEN,Abdul Kareem,M,IND,IND,1376,1150497
Kerala,2014,11,Chalakudy,GEN,M G Purushothaman,M,BSP,BSP,1942,1150497
Kerala,2014,11,Chalakudy,GEN,Jaison Panikulangara,M,IND,IND,2052,1150497
Kerala,2014,11,Chalakudy,GEN,Vincent,M,IND,IND,4596,1150497
Kerala,2014,11,Chalakudy,GEN,None Of The Above,,NOTA,NOTA,10552,1150497
Kerala,2014,11,Chalakudy,GEN,K. Ambujakshan,M,WPOI,WPOI,12942,1150497
Kerala,2014,11,Chalakudy,GEN,Shafeer Muhammed,M,SDPI,SDPI,14386,1150497
Kerala,2014,11,Chalakudy,GEN,K M Noordeen,M,AAAP,AAAP,35189,1150497
Kerala,2014,11,Chalakudy,GEN,Adv. B. Gopalakrishnan,M,BJP,BJP,92848,1150497
Kerala,2014,11,Chalakudy,GEN,P C Chacko,M,INC,INC,344556,1150497
Kerala,2014,11,Chalakudy,GEN,Innocent,M,IND,IND,358440,1150497
Kerala,2014,12,Ernakulam,GEN,Krishnankutty M.K.,M,CPIM,CPIM,950,1156492
Kerala,2014,12,Ernakulam,GEN,Juno John Baby,M,IND,IND,1080,1156492
Kerala,2014,12,Ernakulam,GEN,Anil Kumar,M,IND,IND,1180,1156492
Kerala,2014,12,Ernakulam,GEN,Adv. Radhakrishnan P T,M,IND,IND,2104,1156492
Kerala,2014,12,Ernakulam,GEN,N J Pious,M,IND,IND,2344,1156492
Kerala,2014,12,Ernakulam,GEN,Densil Mendez,M,JD(U),JD(U),2630,1156492
Kerala,2014,12,Ernakulam,GEN,K C Karthikeyan,M,BSP,BSP,2685,1156492
Kerala,2014,12,Ernakulam,GEN,Kishore,M,IND,IND,5011,1156492
Kerala,2014,12,Ernakulam,GEN,P.D. Chandrabhanu,M,SRP,SRP,6156,1156492
Kerala,2014,12,Ernakulam,GEN,Rajaneesh Babu,M,IND,IND,8246,1156492
Kerala,2014,12,Ernakulam,GEN,None Of The Above,,NOTA,NOTA,9735,1156492
Kerala,2014,12,Ernakulam,GEN,Zulficar Ali,M,SDPI,SDPI,14825,1156492
Kerala,2014,12,Ernakulam,GEN,K.V. Bhaskaran,M,IND,IND,22733,1156492
Kerala,2014,12,Ernakulam,GEN,Anita Pratap,F,AAAP,AAAP,51517,1156492
Kerala,2014,12,Ernakulam,GEN,A.N. Radhakrishnan,M,BJP,BJP,99003,1156492
Kerala,2014,12,Ernakulam,GEN,Dr. Christy Fernandez,M,IND,IND,266794,1156492
Kerala,2014,12,Ernakulam,GEN,Prof. K.V. Thomas,M,INC,INC,353841,1156492
Kerala,2014,13,Idukki,GEN,Adv.Chittoor Rajamannar,M,IND,IND,415,1158735
Kerala,2014,13,Idukki,GEN,Biju Joseph,M,IND,IND,493,1158735
Kerala,2014,13,Idukki,GEN,P.C.Jolly,M,IND,IND,550,1158735
Kerala,2014,13,Idukki,GEN,Anish Mariyil,M,IND,IND,629,1158735
Kerala,2014,13,Idukki,GEN,James Joseph,M,IND,IND,1158,1158735
Kerala,2014,13,Idukki,GEN,Shoby Joseph,M,IND,IND,1179,1158735
Kerala,2014,13,Idukki,GEN,Somini Prabhakaran,F,IND,IND,1925,1158735
Kerala,2014,13,Idukki,GEN,Appanchira Ponnappan,M,BSP,BSP,2477,1158735
Kerala,2014,13,Idukki,GEN,Joice George,M,IND,IND,3057,1158735
Kerala,2014,13,Idukki,GEN,T.K.Tomy,M,CPIM,CPIM,3971,1158735
Kerala,2014,13,Idukki,GEN,Joyce George,F,IND,IND,6024,1158735
Kerala,2014,13,Idukki,GEN,Muhammed Sharafudheen,M,SDPI,SDPI,10401,1158735
Kerala,2014,13,Idukki,GEN,Silvi Sunil,F,AAAP,AAAP,11215,1158735
Kerala,2014,13,Idukki,GEN,None Of The Above,,NOTA,NOTA,12338,1158735
Kerala,2014,13,Idukki,GEN,Adv.Sabu Varghese,M,BJP,BJP,50438,1158735
Kerala,2014,13,Idukki,GEN,Adv.Dean Kuriakose,M,INC,INC,331477,1158735
Kerala,2014,13,Idukki,GEN,Adv.Joice George,M,IND,IND,382019,1158735
Kerala,2014,14,Kottayam,GEN,Praveen K. Mohan,M,IND,IND,925,1161465
Kerala,2014,14,Kottayam,GEN,Sasikkuttan Vakathanam,M,CPIM,CPIM,1048,1161465
Kerala,2014,14,Kottayam,GEN,James Joseph,M,IND,IND,1831,1161465
Kerala,2014,14,Kottayam,GEN,Ratheesh Perumal,M,IND,IND,2157,1161465
Kerala,2014,14,Kottayam,GEN,N.K.Biju,M,SUCI,SUCI,2879,1161465
Kerala,2014,14,Kottayam,GEN,Roy Arackal,M,SDPI,SDPI,3513,1161465
Kerala,2014,14,Kottayam,GEN,Sreeni K. Jacob,M,BSP,BSP,6732,1161465
Kerala,2014,14,Kottayam,GEN,None Of The Above,,NOTA,NOTA,14024,1161465
Kerala,2014,14,Kottayam,GEN,Adv.Anil Aikkara,M,AAAP,AAAP,26381,1161465
Kerala,2014,14,Kottayam,GEN,Adv.Noble Mathew,M,IND,IND,44357,1161465
Kerala,2014,14,Kottayam,GEN,Adv.Mathew T. Thomas,M,JD(S),JD(S),303595,1161465
Kerala,2014,14,Kottayam,GEN,Jose K. Mani,M,KEC(M),KEC(M),424194,1161465
Kerala,2014,15,Alappuzha,GEN,M M Paulose,M,IND,IND,402,1271324
Kerala,2014,15,Alappuzha,GEN,Jayachandran Sarasamma,M,IND,IND,481,1271324
Kerala,2014,15,Alappuzha,GEN,S.B.Basheer,M,IND,IND,709,1271324
Kerala,2014,15,Alappuzha,GEN,T S Balakrishnan,M,IND,IND,1363,1271324
Kerala,2014,15,Alappuzha,GEN,Chandrababu G,M,IND,IND,1615,1271324
Kerala,2014,15,Alappuzha,GEN,Venugopal P C,M,IND,IND,3149,1271324
Kerala,2014,15,Alappuzha,GEN,P V Natesan,M,BSP,BSP,3385,1271324
Kerala,2014,15,Alappuzha,GEN,Adv.M.A.Bindu,F,SUCI,SUCI,5921,1271324
Kerala,2014,15,Alappuzha,GEN,D Mohanan,M,AAAP,AAAP,9414,1271324
Kerala,2014,15,Alappuzha,GEN,Thulaseedharan Pallickal,M,SDPI,SDPI,10993,1271324
Kerala,2014,15,Alappuzha,GEN,None Of The Above,,NOTA,NOTA,11338,1271324
Kerala,2014,15,Alappuzha,GEN,Prof.A.V.Thamarakshan,M,RSPK(B),RSPK(B),43051,1271324
Kerala,2014,15,Alappuzha,GEN,C B Chandrababu,M,CPM,CPM,443118,1271324
Kerala,2014,15,Alappuzha,GEN,K C Venugopal,M,INC,INC,462525,1271324
Kerala,2014,16,Mavelikkara ,SC,Piravathoor Sreedharan,M,IND,IND,1207,1252668
Kerala,2014,16,Mavelikkara ,SC,Pallickal Surendran,M,IND,IND,1486,1252668
Kerala,2014,16,Mavelikkara ,SC,Adv.P.K.Jayakrishnan,M,BSP,BSP,3603,1252668
Kerala,2014,16,Mavelikkara ,SC,Sasikala K S,F,SUCI,SUCI,4736,1252668
Kerala,2014,16,Mavelikkara ,SC,N Sadanandan,M,AAAP,AAAP,7753,1252668
Kerala,2014,16,Mavelikkara ,SC,Jyothish Perumpulickal,M,SDPI,SDPI,8946,1252668
Kerala,2014,16,Mavelikkara ,SC,None Of The Above,,NOTA,NOTA,9459,1252668
Kerala,2014,16,Mavelikkara ,SC,Adv.P.Sudheer,M,BJP,BJP,79743,1252668
Kerala,2014,16,Mavelikkara ,SC,Chengara Surendran,M,CPI,CPI,369695,1252668
Kerala,2014,16,Mavelikkara ,SC,Kodikunnil Suresh,M,INC,INC,402432,1252668
Kerala,2014,17,Pathanamthitta,GEN,Mathew Parey,M,IND,IND,384,1323906
Kerala,2014,17,Pathanamthitta,GEN,Lalitha Malayalappuzha,F,IND,IND,460,1323906
Kerala,2014,17,Pathanamthitta,GEN,Sabukutty Joy (Sabu Puthuchira),M,SLAP,SLAP,682,1323906
Kerala,2014,17,Pathanamthitta,GEN,Ajith Kumar K. K,M,IND,IND,748,1323906
Kerala,2014,17,Pathanamthitta,GEN,Pushpangathan,M,IND,IND,953,1323906
Kerala,2014,17,Pathanamthitta,GEN,Shilvin Kottackakathu,M,IND,IND,1005,1323906
Kerala,2014,17,Pathanamthitta,GEN,S Radhakrishnan,M,IND,IND,1021,1323906
Kerala,2014,17,Pathanamthitta,GEN,Aleyamma Varghese,F,AITC,AITC,1236,1323906
Kerala,2014,17,Pathanamthitta,GEN,S Radhamani,F,SUCI,SUCI,2901,1323906
Kerala,2014,17,Pathanamthitta,GEN,Santhosh Kumar,M,IND,IND,4847,1323906
Kerala,2014,17,Pathanamthitta,GEN,Seleena Prakkanam,F,BSP,BSP,10384,1323906
Kerala,2014,17,Pathanamthitta,GEN,Mansoor Thengana,M,SDPI,SDPI,11353,1323906
Kerala,2014,17,Pathanamthitta,GEN,Peelipose,M,IND,IND,16493,1323906
Kerala,2014,17,Pathanamthitta,GEN,None Of The Above,,NOTA,NOTA,16538,1323906
Kerala,2014,17,Pathanamthitta,GEN,M T Remesh,M,BJP,BJP,138954,1323906
Kerala,2014,17,Pathanamthitta,GEN,Adv. Peelipose Thomas,M,IND,IND,302651,1323906
Kerala,2014,17,Pathanamthitta,GEN,Anto Antony,M,INC,INC,358842,1323906
Kerala,2014,18,Kollam,GEN,A. Josekutty,M,IND,IND,1702,1219415
Kerala,2014,18,Kollam,GEN,C. Indulal Ex-Service Man,M,IND,IND,1709,1219415
Kerala,2014,18,Kollam,GEN,R. Premachandran,M,IND,IND,2808,1219415
Kerala,2014,18,Kollam,GEN,K. Bhaskaran,M,IND,IND,3108,1219415
Kerala,2014,18,Kollam,GEN,V.S. Premachandran,M,IND,IND,3333,1219415
Kerala,2014,18,Kollam,GEN,M. Baby,M,IND,IND,3364,1219415
Kerala,2014,18,Kollam,GEN,Adv.S.Prahladan,M,BSP,BSP,4266,1219415
Kerala,2014,18,Kollam,GEN,None Of The Above,,NOTA,NOTA,7876,1219415
Kerala,2014,18,Kollam,GEN,A.K.Salahudeen,M,SDPI,SDPI,12812,1219415
Kerala,2014,18,Kollam,GEN,P.M. Velayudhan,M,BJP,BJP,58671,1219415
Kerala,2014,18,Kollam,GEN,M.A. Baby,M,CPM,CPM,370879,1219415
Kerala,2014,18,Kollam,GEN,N.K.Premachandran,M,RSP,RSP,408528,1219415
Kerala,2014,19,Attingal,GEN,Adv.M. R.Sarin,M,JD(U),JD(U),576,1251398
Kerala,2014,19,Attingal,GEN,Vivekanandan,M,IND,IND,615,1251398
Kerala,2014,19,Attingal,GEN,Sureshkumar Thonnakkal,M,IND,IND,647,1251398
Kerala,2014,19,Attingal,GEN,Adv. Chirayinkeezhu Gopinathan,M,RPI(A),RPI(A),736,1251398
Kerala,2014,19,Attingal,GEN,Irinchayam Suresh,M,IND,IND,1052,1251398
Kerala,2014,19,Attingal,GEN,Sambath Anilkumar,M,IND,IND,2221,1251398
Kerala,2014,19,Attingal,GEN,Das K Varkala,M,IND,IND,2375,1251398
Kerala,2014,19,Attingal,GEN,Sunilkrishnan,M,IND,IND,3850,1251398
Kerala,2014,19,Attingal,GEN,Hariharan K S,M,IND,IND,4064,1251398
Kerala,2014,19,Attingal,GEN,Priya Sunil,F,WPOI,WPOI,4862,1251398
Kerala,2014,19,Attingal,GEN,Vakkom G Ajith,M,SHS,SHS,5511,1251398
Kerala,2014,19,Attingal,GEN,None Of The Above,,NOTA,NOTA,6924,1251398
Kerala,2014,19,Attingal,GEN,Anil Kumar N S,M,BSP,BSP,8586,1251398
Kerala,2014,19,Attingal,GEN,M.K.Manoj Kumar,M,SDPI,SDPI,11225,1251398
Kerala,2014,19,Attingal,GEN,Girija Kumari.S,F,BJP,BJP,90528,1251398
Kerala,2014,19,Attingal,GEN,Adv.Bindhu Krishna,F,INC,INC,323100,1251398
Kerala,2014,19,Attingal,GEN,Dr.A .Sampath,M,CPM,CPM,392478,1251398
Kerala,2014,20,Thiruvananthapuram,GEN,Thomas Joseph,M,RPI(A),RPI(A),261,1272748
Kerala,2014,20,Thiruvananthapuram,GEN,R Chandrika Kattakada,F,RPI,RPI,292,1272748
Kerala,2014,20,Thiruvananthapuram,GEN,O V Sreedath,M,SRP,SRP,356,1272748
Kerala,2014,20,Thiruvananthapuram,GEN,Anil Kumar Y,M,IND,IND,371,1272748
Kerala,2014,20,Thiruvananthapuram,GEN,V S Jayakumar,M,IND,IND,447,1272748
Kerala,2014,20,Thiruvananthapuram,GEN,George Mankidiyil,M,IND,IND,843,1272748
Kerala,2014,20,Thiruvananthapuram,GEN,Adv. Perurkada Harikumar,M,SHS,SHS,902,1272748
Kerala,2014,20,Thiruvananthapuram,GEN,Father Stephen,M,IND,IND,1271,1272748
Kerala,2014,20,Thiruvananthapuram,GEN,M.Shajar Khan,M,SUCI,SUCI,1689,1272748
Kerala,2014,20,Thiruvananthapuram,GEN,Kunnukuzhi S Mani,M,IND,IND,1716,1272748
Kerala,2014,20,Thiruvananthapuram,GEN,Syamalakumari,F,IND,IND,1851,1272748
Kerala,2014,20,Thiruvananthapuram,GEN,Jain Wilson,M,IND,IND,2103,1272748
Kerala,2014,20,Thiruvananthapuram,GEN,O M Jyotheendra Nath,M,IND,IND,2448,1272748
Kerala,2014,20,Thiruvananthapuram,GEN,J Sudhakaran,M,BSP,BSP,3260,1272748
Kerala,2014,20,Thiruvananthapuram,GEN,None Of The Above,,NOTA,NOTA,3346,1272748
Kerala,2014,20,Thiruvananthapuram,GEN,Benet Babu Benjamin,M,IND,IND,4229,1272748
Kerala,2014,20,Thiruvananthapuram,GEN,Kunnil Shajahan,M,SDPI,SDPI,4820,1272748
Kerala,2014,20,Thiruvananthapuram,GEN,Ajit Joy,M,AAAP,AAAP,14153,1272748
Kerala,2014,20,Thiruvananthapuram,GEN,Doctor Bennet Abraham,M,CPI,CPI,248941,1272748
Kerala,2014,20,Thiruvananthapuram,GEN,O Rajagopal,M,BJP,BJP,282336,1272748
Kerala,2014,20,Thiruvananthapuram,GEN,Dr. Shashi Tharoor,M,INC,INC,297806,1272748
Lakshadweep,2014,1,Lakshadweep,ST,None Of The Above,,NOTA,NOTA,123,49922
Lakshadweep,2014,1,Lakshadweep,ST,Najmudheen C.T,M,CPI,CPI,181,49922
Lakshadweep,2014,1,Lakshadweep,ST,M.P. Sayed Mohammed Koya,M,BJP,BJP,187,49922
Lakshadweep,2014,1,Lakshadweep,ST,Dr.Abdul Muneer,M,CPM,CPM,465,49922
Lakshadweep,2014,1,Lakshadweep,ST,Komalam Koya,M,SP,SP,488,49922
Lakshadweep,2014,1,Lakshadweep,ST,Hamdullah Sayeed,M,INC,INC,20130,49922
Lakshadweep,2014,1,Lakshadweep,ST,Mohammed Faizal P.P.,M,NCP,NCP,21665,49922
Madhya Pradesh,2014,1,Morena,GEN,Akash Gupta,M,IND,IND,809,1702457
Madhya Pradesh,2014,1,Morena,GEN,Anoop Nagar,M,IND,IND,852,1702457
Madhya Pradesh,2014,1,Morena,GEN,Manesh Kumar Rawat,M,JMBP,JMBP,975,1702457
Madhya Pradesh,2014,1,Morena,GEN,Kuldeep Singh,M,IND,IND,1058,1702457
Madhya Pradesh,2014,1,Morena,GEN,Shakti Singh Tomar,M,RAHM,RAHM,1145,1702457
Madhya Pradesh,2014,1,Morena,GEN,Jayant Singh Tomar,M,LSWP,LSWP,1429,1702457
Madhya Pradesh,2014,1,Morena,GEN,Chhavendra,M,IND,IND,1969,1702457
Madhya Pradesh,2014,1,Morena,GEN,Visnu Sharma Virthare,M,AITC,AITC,2114,1702457
Madhya Pradesh,2014,1,Morena,GEN,Arjun Singh (Pappu Kushwah),M,RSMD,RSMD,3006,1702457
Madhya Pradesh,2014,1,Morena,GEN,Ram Naresh,M,IND,IND,3546,1702457
Madhya Pradesh,2014,1,Morena,GEN,Satandra Singh (Tony Tomar),M,IND,IND,4347,1702457
Madhya Pradesh,2014,1,Morena,GEN,None Of The Above,,NOTA,NOTA,4792,1702457
Madhya Pradesh,2014,1,Morena,GEN,Rajesh Kushwah,M,SP,SP,5554,1702457
Madhya Pradesh,2014,1,Morena,GEN,Siyaram Singh Choudri,M,IND,IND,6471,1702457
Madhya Pradesh,2014,1,Morena,GEN,Devendra Kumar Agrval,M,AAAP,AAAP,13806,1702457
Madhya Pradesh,2014,1,Morena,GEN,Dr Govind Singh,M,INC,INC,184253,1702457
Madhya Pradesh,2014,1,Morena,GEN,Brindawan Singh Sikarwar,M,BSP,BSP,242586,1702457
Madhya Pradesh,2014,1,Morena,GEN,Anoop Mishra,M,BJP,BJP,375567,1702457
Madhya Pradesh,2014,2,Bhind,SC,B.S. Thaneswariya,M,BMUP,BMUP,1793,1600137
Madhya Pradesh,2014,2,Bhind,SC,Vijaysingh Kori,M,AIFB,AIFB,2699,1600137
Madhya Pradesh,2014,2,Bhind,SC,Hakim Singh,M,IND,IND,2899,1600137
Madhya Pradesh,2014,2,Bhind,SC,Anita Hitendra Chaudhary,F,SP,SP,5198,1600137
Madhya Pradesh,2014,2,Bhind,SC,None Of The Above,,NOTA,NOTA,5572,1600137
Madhya Pradesh,2014,2,Bhind,SC,Krishna Devi,F,AAAP,AAAP,7730,1600137
Madhya Pradesh,2014,2,Bhind,SC,Phoolsingh Baraiya,M,BA S D,BA S D,20403,1600137
Madhya Pradesh,2014,2,Bhind,SC,Manish Katroliya,M,BSP,BSP,33803,1600137
Madhya Pradesh,2014,2,Bhind,SC,Imarti Devi,F,INC,INC,244513,1600137
Madhya Pradesh,2014,2,Bhind,SC,Dr. Bhagirath Prasad,M,BJP,BJP,404474,1600137
Madhya Pradesh,2014,3,Gwalior,GEN,Geeta Rajput,F,ALHP,ALHP,1067,1876965
Madhya Pradesh,2014,3,Gwalior,GEN,Vikas Sharma,M,BhNaP,BhNaP,1408,1876965
Madhya Pradesh,2014,3,Gwalior,GEN,Kishan Lal Kushwah,M,RSMD,RSMD,1412,1876965
Madhya Pradesh,2014,3,Gwalior,GEN,Madan Mohan Urf Mohan Singh Tomar,M,bjyp,bjyp,1477,1876965
Madhya Pradesh,2014,3,Gwalior,GEN,K. P. Kamte,M,BRMD,BRMD,1607,1876965
Madhya Pradesh,2014,3,Gwalior,GEN,Ram Pathwar Kori (Ramsebak),M,IND,IND,1687,1876965
Madhya Pradesh,2014,3,Gwalior,GEN,Prajesh Choudhary,M,IND,IND,1981,1876965
Madhya Pradesh,2014,3,Gwalior,GEN,Comrade Sunil Gopal,M,SUCI,SUCI,2054,1876965
Madhya Pradesh,2014,3,Gwalior,GEN,Shiv Singh Kushawah,M,MAHP,MAHP,2101,1876965
Madhya Pradesh,2014,3,Gwalior,GEN,Deepak Kumar Bansal Rangwale (Prerak),M,IND,IND,2122,1876965
Madhya Pradesh,2014,3,Gwalior,GEN,Hiraday Narayan Singh Tomar (Guddu),M,ABHM,ABHM,2244,1876965
Madhya Pradesh,2014,3,Gwalior,GEN,Captan Babu Lal Goswami,M,IND,IND,2659,1876965
Madhya Pradesh,2014,3,Gwalior,GEN,Narayan Singh Kushwah,M,IND,IND,3963,1876965
Madhya Pradesh,2014,3,Gwalior,GEN,None Of The Above,,NOTA,NOTA,4219,1876965
Madhya Pradesh,2014,3,Gwalior,GEN,C.L. Karodiya (Prijapati),M,JND,JND,4719,1876965
Madhya Pradesh,2014,3,Gwalior,GEN,Asif Khan,M,IND,IND,4969,1876965
Madhya Pradesh,2014,3,Gwalior,GEN,Balwant Singh Kushwah Advocate,M,SP,SP,5327,1876965
Madhya Pradesh,2014,3,Gwalior,GEN,Akhilesh Yadav,M,CPM,CPM,10297,1876965
Madhya Pradesh,2014,3,Gwalior,GEN,Neelam Agrwal,F,AAAP,AAAP,11510,1876965
Madhya Pradesh,2014,3,Gwalior,GEN,Alok Sharma,M,BSP,BSP,68196,1876965
Madhya Pradesh,2014,3,Gwalior,GEN,Ashok Singh,M,INC,INC,413097,1876965
Madhya Pradesh,2014,3,Gwalior,GEN,Narendra Singh Tomar,M,BJP,BJP,442796,1876965
Madhya Pradesh,2014,4,Guna,GEN,Anwar Khan,M,IND,IND,1321,1605613
Madhya Pradesh,2014,4,Guna,GEN,Nand Kishore Tyagi,M,IND,IND,2072,1605613
Madhya Pradesh,2014,4,Guna,GEN,Narayanrao Gupchup,M,IND,IND,2079,1605613
Madhya Pradesh,2014,4,Guna,GEN,Chandrapal Singh Tomar,M,IND,IND,2197,1605613
Madhya Pradesh,2014,4,Guna,GEN,Mahendra Kumar,M,IND,IND,2845,1605613
Madhya Pradesh,2014,4,Guna,GEN,Girraj Yadav,M,IND,IND,3294,1605613
Madhya Pradesh,2014,4,Guna,GEN,Shailendra Singh Kushwah,M,AAAP,AAAP,4073,1605613
Madhya Pradesh,2014,4,Guna,GEN,Lalli Ram Rai,M,IND,IND,5575,1605613
Madhya Pradesh,2014,4,Guna,GEN,None Of The Above,,NOTA,NOTA,12481,1605613
Madhya Pradesh,2014,4,Guna,GEN,Lakhan Singh Baghel,M,BSP,BSP,27412,1605613
Madhya Pradesh,2014,4,Guna,GEN,Jaibhansingh Pawaiya,M,BJP,BJP,396244,1605613
Madhya Pradesh,2014,4,Guna,GEN,Jyotiraditya M Scindia,M,INC,INC,517036,1605613
Madhya Pradesh,2014,5,Sagar,GEN,Kashiram Patel,M,GGP,GGP,1128,1520322
Madhya Pradesh,2014,5,Sagar,GEN,Bharat Sen Advocate,M,IND,IND,1556,1520322
Madhya Pradesh,2014,5,Sagar,GEN,Vinay Kumar,M,BSCP,BSCP,1565,1520322
Madhya Pradesh,2014,5,Sagar,GEN,Mahendra Kumar Choudhary,M,IND,IND,1632,1520322
Madhya Pradesh,2014,5,Sagar,GEN,Shitin Keshrwani,M,IND,IND,2020,1520322
Madhya Pradesh,2014,5,Sagar,GEN,M. Hanif Qurashi,M,IND,IND,3856,1520322
Madhya Pradesh,2014,5,Sagar,GEN,Atul Mishra,M,AAAP,AAAP,6328,1520322
Madhya Pradesh,2014,5,Sagar,GEN,None Of The Above,,NOTA,NOTA,9504,1520322
Madhya Pradesh,2014,5,Sagar,GEN,Saroj Katiyar Kurmi,F,BSP,BSP,19917,1520322
Madhya Pradesh,2014,5,Sagar,GEN,Govind Singh Rajput,M,INC,INC,361843,1520322
Madhya Pradesh,2014,5,Sagar,GEN,Laxmi Narayan Yadav,M,BJP,BJP,482580,1520322
Madhya Pradesh,2014,6,Tikamgarh,SC,Ganesh Kumhar,M,IND,IND,2230,1528863
Madhya Pradesh,2014,6,Tikamgarh,SC,Ahirwar Ramcharan,M,PHRC,PHRC,3094,1528863
Madhya Pradesh,2014,6,Tikamgarh,SC,Sheel Chandra Ahirwar,M,IND,IND,3855,1528863
Madhya Pradesh,2014,6,Tikamgarh,SC,Chaturbhuj Snehi,M,IND,IND,4035,1528863
Madhya Pradesh,2014,6,Tikamgarh,SC,Bhagwan Das Banshkar,M,IND,IND,4400,1528863
Madhya Pradesh,2014,6,Tikamgarh,SC,Lakhan Lal Chadhar,M,IND,IND,4548,1528863
Madhya Pradesh,2014,6,Tikamgarh,SC,Ramesh Chand Verma,M,AAAP,AAAP,4992,1528863
Madhya Pradesh,2014,6,Tikamgarh,SC,Girdhari Lal Kori,M,IND,IND,5219,1528863
Madhya Pradesh,2014,6,Tikamgarh,SC,None Of The Above,,NOTA,NOTA,10055,1528863
Madhya Pradesh,2014,6,Tikamgarh,SC,Khangar Neeraj,M,CPI,CPI,15194,1528863
Madhya Pradesh,2014,6,Tikamgarh,SC,Ahirwar Sewak Ram,M,BSP,BSP,23975,1528863
Madhya Pradesh,2014,6,Tikamgarh,SC,Dr. Ambesh Kumari Ahirwar,F,SP,SP,47497,1528863
Madhya Pradesh,2014,6,Tikamgarh,SC,Ahirwar Dr. Kamlesh Verma,M,INC,INC,214248,1528863
Madhya Pradesh,2014,6,Tikamgarh,SC,Dr. Virendra Kumar,M,BJP,BJP,422979,1528863
Madhya Pradesh,2014,7,Damoh,GEN,Irfan Khan,M,IND,IND,2580,1651614
Madhya Pradesh,2014,7,Damoh,GEN,Anant Lal Basor,M,IND,IND,2836,1651614
Madhya Pradesh,2014,7,Damoh,GEN,Dr.Gulab Khan Master,M,IND,IND,3429,1651614
Madhya Pradesh,2014,7,Damoh,GEN,Prahlad Singh Patel,M,IND,IND,9266,1651614
Madhya Pradesh,2014,7,Damoh,GEN,Prahlad Singh Lodi,M,IND,IND,9343,1651614
Madhya Pradesh,2014,7,Damoh,GEN,Santosh Bharti,M,AAAP,AAAP,11298,1651614
Madhya Pradesh,2014,7,Damoh,GEN,None Of The Above,,NOTA,NOTA,12600,1651614
Madhya Pradesh,2014,7,Damoh,GEN,Divan Upendr Pratap Singh (Raja Sab),M,BSCP,BSCP,16350,1651614
Madhya Pradesh,2014,7,Damoh,GEN,Devendra Chaourasia,M,BSP,BSP,31519,1651614
Madhya Pradesh,2014,7,Damoh,GEN,Choudhary Mahendra Pratap Singh,M,INC,INC,299780,1651614
Madhya Pradesh,2014,7,Damoh,GEN,Prahalad Singh Patel,M,BJP,BJP,513079,1651614
Madhya Pradesh,2014,8,Khajuraho,GEN,Imran,M,PECP,PECP,1484,1702833
Madhya Pradesh,2014,8,Khajuraho,GEN,Krishan Sharan Bhaiya Raja Bundela,M,BBPSP,BBPSP,1679,1702833
Madhya Pradesh,2014,8,Khajuraho,GEN,Smt. Durga Sharma / Alias Madhu Kapil,F,BC,BC,1936,1702833
Madhya Pradesh,2014,8,Khajuraho,GEN,Jagdeesh Kumar Patel,M,AD,AD,2549,1702833
Madhya Pradesh,2014,8,Khajuraho,GEN,Avnish Tiwari,M,SHS,SHS,2625,1702833
Madhya Pradesh,2014,8,Khajuraho,GEN,Mahesh Chandra,M,RSMD,RSMD,3012,1702833
Madhya Pradesh,2014,8,Khajuraho,GEN,Sanjeev Kumar Mishra,M,AIFB,AIFB,3187,1702833
Madhya Pradesh,2014,8,Khajuraho,GEN,Anwar Khan,M,IND,IND,3505,1702833
Madhya Pradesh,2014,8,Khajuraho,GEN,Ayendra Kumar Sharma,M,IND,IND,4084,1702833
Madhya Pradesh,2014,8,Khajuraho,GEN,Jayant Pratap Singh / Vijay Singh,M,IND,IND,5906,1702833
Madhya Pradesh,2014,8,Khajuraho,GEN,None Of The Above,,NOTA,NOTA,7878,1702833
Madhya Pradesh,2014,8,Khajuraho,GEN,Amit Bhatnagar,M,AAAP,AAAP,8930,1702833
Madhya Pradesh,2014,8,Khajuraho,GEN,Shridhar Khare,M,IND,IND,10997,1702833
Madhya Pradesh,2014,8,Khajuraho,GEN,Ram Nath Lodhee,M,IND,IND,13826,1702833
Madhya Pradesh,2014,8,Khajuraho,GEN,Siddharth Sukhlal Kushwaha,M,SP,SP,40069,1702833
Madhya Pradesh,2014,8,Khajuraho,GEN,Ram Lakhan Singh,M,BSP,BSP,60368,1702833
Madhya Pradesh,2014,8,Khajuraho,GEN,Raja Pateria,M,INC,INC,227476,1702833
Madhya Pradesh,2014,8,Khajuraho,GEN,Nagendra Singh,M,BJP,BJP,474966,1702833
Madhya Pradesh,2014,9,Satna,GEN,Vinod Kumar Ravi,M,BSDS,BSDS,924,1458381
Madhya Pradesh,2014,9,Satna,GEN,Mahgoo Singh Muthel,M,DaVP,DaVP,950,1458381
Madhya Pradesh,2014,9,Satna,GEN,Raj Kumar Gotam,M,BSCP,BSCP,1202,1458381
Madhya Pradesh,2014,9,Satna,GEN,Dadhibal Prasad Patel,M,AD,AD,1503,1458381
Madhya Pradesh,2014,9,Satna,GEN,Ashok Kumar Saket,M,IND,IND,1694,1458381
Madhya Pradesh,2014,9,Satna,GEN,Ajay Pratap Singh,M,IND,IND,2021,1458381
Madhya Pradesh,2014,9,Satna,GEN,Shyam Lal Kushwaha,M,GGP,GGP,2155,1458381
Madhya Pradesh,2014,9,Satna,GEN,Keshav Prasad Tripathi Ad. K.P.,M,IND,IND,2253,1458381
Madhya Pradesh,2014,9,Satna,GEN,Birendra Bhai Patel,M,IND,IND,5305,1458381
Madhya Pradesh,2014,9,Satna,GEN,Jagdish Singh,M,AAAP,AAAP,7925,1458381
Madhya Pradesh,2014,9,Satna,GEN,Shri Ram Shukla Rajjan,M,IND,IND,7986,1458381
Madhya Pradesh,2014,9,Satna,GEN,None Of The Above,,NOTA,NOTA,13036,1458381
Madhya Pradesh,2014,9,Satna,GEN,Dharmendra Singh Tiwari,M,BSP,BSP,124602,1458381
Madhya Pradesh,2014,9,Satna,GEN,Ajay Singh Rahul Bhaiyya,M,INC,INC,366600,1458381
Madhya Pradesh,2014,9,Satna,GEN,Ganesh Singh,M,BJP,BJP,375288,1458381
Madhya Pradesh,2014,10,Rewa,GEN,Mangleshwar Bhaiya,M,NADP,NADP,1456,1544719
Madhya Pradesh,2014,10,Rewa,GEN,Ramkishan Nirat (Saket),M,RPI(A),RPI(A),2055,1544719
Madhya Pradesh,2014,10,Rewa,GEN,R.D. Vishwakarma,M,AD,AD,3164,1544719
Madhya Pradesh,2014,10,Rewa,GEN,Girish Kumar Gautam,M,IND,IND,3260,1544719
Madhya Pradesh,2014,10,Rewa,GEN,Janardan Mishra,M,IND,IND,3608,1544719
Madhya Pradesh,2014,10,Rewa,GEN,Prabhunath Prasad Saket,M,IND,IND,4389,1544719
Madhya Pradesh,2014,10,Rewa,GEN,Bramhadatta Mishra Urf Chhote,M,IND,IND,4718,1544719
Madhya Pradesh,2014,10,Rewa,GEN,Pramod Tiwari,M,BSCP,BSCP,4794,1544719
Madhya Pradesh,2014,10,Rewa,GEN,Vishwa Nath Dwivedi,M,IND,IND,5057,1544719
Madhya Pradesh,2014,10,Rewa,GEN,Purnanand Tiwari,M,AAAP,AAAP,5835,1544719
Madhya Pradesh,2014,10,Rewa,GEN,Abdul Wafati Ansari Urf Yuvraj Tailors,M,SAP,SAP,7527,1544719
Madhya Pradesh,2014,10,Rewa,GEN,None Of The Above,,NOTA,NOTA,10658,1544719
Madhya Pradesh,2014,10,Rewa,GEN,Deoraj Singh Patel,M,BSP,BSP,175567,1544719
Madhya Pradesh,2014,10,Rewa,GEN,Sunderlal Tiwari,M,INC,INC,214594,1544719
Madhya Pradesh,2014,10,Rewa,GEN,Janardan Mishra,M,BJP,BJP,383320,1544719
Madhya Pradesh,2014,11,Sidhi,GEN,Lal Bahadur Singh,M,SamSP,SamSP,1979,1736048
Madhya Pradesh,2014,11,Sidhi,GEN,Mohd. Jahangeer Ansari,M,IND,IND,3763,1736048
Madhya Pradesh,2014,11,Sidhi,GEN,Urmila,F,CPIM,CPIM,4348,1736048
Madhya Pradesh,2014,11,Sidhi,GEN,Brahmanand Pratap Singh,M,IND,IND,5472,1736048
Madhya Pradesh,2014,11,Sidhi,GEN,Sanat Kumar Tripathi,M,BSCP,BSCP,5830,1736048
Madhya Pradesh,2014,11,Sidhi,GEN,"Sunil Soni ""Khaddi""",M,BA S D,BA S D,6627,1736048
Madhya Pradesh,2014,11,Sidhi,GEN,Ramakant Pandey Malaihna,M,IND,IND,7579,1736048
Madhya Pradesh,2014,11,Sidhi,GEN,Pankaj Singh Patel,M,AAAP,AAAP,9691,1736048
Madhya Pradesh,2014,11,Sidhi,GEN,Smt. Asha Singh,F,RsAD,RsAD,10037,1736048
Madhya Pradesh,2014,11,Sidhi,GEN,Bhagawati Charan Pandey(Neelu),M,IND,IND,10725,1736048
Madhya Pradesh,2014,11,Sidhi,GEN,None Of The Above,,NOTA,NOTA,17350,1736048
Madhya Pradesh,2014,11,Sidhi,GEN,Puspendra Singh,M,GGP,GGP,23298,1736048
Madhya Pradesh,2014,11,Sidhi,GEN,Rama Shankar Shahwal,M,BSP,BSP,39387,1736048
Madhya Pradesh,2014,11,Sidhi,GEN,Indrajeet Kumar,M,INC,INC,367632,1736048
Madhya Pradesh,2014,11,Sidhi,GEN,Riti Pathak,F,BJP,BJP,475678,1736048
Madhya Pradesh,2014,12,Shahdol,ST,Ram Singh,M,CSM,CSM,3849,1561016
Madhya Pradesh,2014,12,Shahdol,ST,Sahdev Singh Paraste,M,NPEP,NPEP,5089,1561016
Madhya Pradesh,2014,12,Shahdol,ST,Ram Gopal Singh,M,BSCP,BSCP,5320,1561016
Madhya Pradesh,2014,12,Shahdol,ST,Yogesh Kumar Singh Ad.,M,SP,SP,5580,1561016
Madhya Pradesh,2014,12,Shahdol,ST,Raju Baiga,M,IND,IND,6647,1561016
Madhya Pradesh,2014,12,Shahdol,ST,Jogendra Singh,M,BMUP,BMUP,7151,1561016
Madhya Pradesh,2014,12,Shahdol,ST,Mahaveer Parshad Manjhi,M,IND,IND,7507,1561016
Madhya Pradesh,2014,12,Shahdol,ST,Lala Kol,M,IND,IND,8288,1561016
Madhya Pradesh,2014,12,Shahdol,ST,Phool Singh Paraste,M,BSP,BSP,19409,1561016
Madhya Pradesh,2014,12,Shahdol,ST,Er. Vijay Kumar Kol,M,AAAP,AAAP,20312,1561016
Madhya Pradesh,2014,12,Shahdol,ST,Ramratan Singh Pawley,M,GGP,GGP,20834,1561016
Madhya Pradesh,2014,12,Shahdol,ST,None Of The Above,,NOTA,NOTA,21376,1561016
Madhya Pradesh,2014,12,Shahdol,ST,Parmeshwar Singh,M,CPI,CPI,27619,1561016
Madhya Pradesh,2014,12,Shahdol,ST,Rajes Nandini Singh,F,INC,INC,284118,1561016
Madhya Pradesh,2014,12,Shahdol,ST,Dalpat Singh Paraste,M,BJP,BJP,525419,1561016
Madhya Pradesh,2014,13,Jabalpur,GEN,"Er. Pravin Gajbhiye ""Dada""",M,BMUP,BMUP,1412,1711621
Madhya Pradesh,2014,13,Jabalpur,GEN,Malkhan Patel,M,IND,IND,1562,1711621
Madhya Pradesh,2014,13,Jabalpur,GEN,Digvijay Singh (Senior Journlist),M,BSCP,BSCP,1852,1711621
Madhya Pradesh,2014,13,Jabalpur,GEN,Dr. Dhai Akshar (Rakesh Sonkar),M,IND,IND,2007,1711621
Madhya Pradesh,2014,13,Jabalpur,GEN,Lal Dash,M,GGP,GGP,2234,1711621
Madhya Pradesh,2014,13,Jabalpur,GEN,Vikrant,M,IND,IND,2797,1711621
Madhya Pradesh,2014,13,Jabalpur,GEN,Naveen Jain (Yogacharya),M,IND,IND,2990,1711621
Madhya Pradesh,2014,13,Jabalpur,GEN,Manak Lal Gontiya,M,APoI,APoI,4261,1711621
Madhya Pradesh,2014,13,Jabalpur,GEN,Vinay Kumar Jain,M,IND,IND,6400,1711621
Madhya Pradesh,2014,13,Jabalpur,GEN,Virendra Kumar Sharma,M,IND,IND,7164,1711621
Madhya Pradesh,2014,13,Jabalpur,GEN,None Of The Above,,NOTA,NOTA,7888,1711621
Madhya Pradesh,2014,13,Jabalpur,GEN,Mohd. Adil,M,IUML,IUML,9053,1711621
Madhya Pradesh,2014,13,Jabalpur,GEN,"Captain Hanfee, Veer Chakra",M,AAAP,AAAP,15977,1711621
Madhya Pradesh,2014,13,Jabalpur,GEN,Aftab Alam,M,BSP,BSP,16008,1711621
Madhya Pradesh,2014,13,Jabalpur,GEN,Vivek Krishna Tankha,M,INC,INC,355970,1711621
Madhya Pradesh,2014,13,Jabalpur,GEN,Rakesh Singh,M,BJP,BJP,564609,1711621
Madhya Pradesh,2014,14,Mandla,ST,Baishakhoo Maravi,M,BHSSP,BHSSP,4956,1824702
Madhya Pradesh,2014,14,Mandla,ST,Phool Singh Dhurwey,M,CSM,CSM,4980,1824702
Madhya Pradesh,2014,14,Mandla,ST,Mahatalal Barkade,M,NPEP,NPEP,6724,1824702
Madhya Pradesh,2014,14,Mandla,ST,Ghanshyam Kudape,M,IND,IND,11265,1824702
Madhya Pradesh,2014,14,Mandla,ST,Khuman Singh Armo,M,AAAP,AAAP,11548,1824702
Madhya Pradesh,2014,14,Mandla,ST,Inder Singh Uikey,M,APoI,APoI,11930,1824702
Madhya Pradesh,2014,14,Mandla,ST,Shambhu Singh Maravi,M,BSP,BSP,21266,1824702
Madhya Pradesh,2014,14,Mandla,ST,None Of The Above,,NOTA,NOTA,28306,1824702
Madhya Pradesh,2014,14,Mandla,ST,Anuj Ganga Singh Patta,M,GGP,GGP,56572,1824702
Madhya Pradesh,2014,14,Mandla,ST,Omkar Singh Markam,M,INC,INC,475251,1824702
Madhya Pradesh,2014,14,Mandla,ST,Faggan Singh Kulaste,M,BJP,BJP,585720,1824702
Madhya Pradesh,2014,15,Balaghat,GEN,Asif Khan,M,MNDP,MNDP,2652,1629741
Madhya Pradesh,2014,15,Balaghat,GEN,Nandlal Uikey,M,CSM,CSM,3008,1629741
Madhya Pradesh,2014,15,Balaghat,GEN,Dr. Asra Anjum Farooqui,F,RPI(A),RPI(A),3243,1629741
Madhya Pradesh,2014,15,Balaghat,GEN,Gautam Ramteke,M,RPI(KH),RPI(KH),3250,1629741
Madhya Pradesh,2014,15,Balaghat,GEN,Vivek Mishra (Lalu Bhaiya),M,JMBP,JMBP,4397,1629741
Madhya Pradesh,2014,15,Balaghat,GEN,Laxminarayan Dehariya,M,BMUP,BMUP,4427,1629741
Madhya Pradesh,2014,15,Balaghat,GEN,Shankar Kansre Lodhi (Samaj Sewak),M,IND,IND,6374,1629741
Madhya Pradesh,2014,15,Balaghat,GEN,None Of The Above,,NOTA,NOTA,6922,1629741
Madhya Pradesh,2014,15,Balaghat,GEN,U. K. Choudhary (Munna Bhaiya),M,AAAP,AAAP,9898,1629741
Madhya Pradesh,2014,15,Balaghat,GEN,Sandeep Soni,M,IND,IND,10444,1629741
Madhya Pradesh,2014,15,Balaghat,GEN,Jabalpur High Court Advocate And Writer Sukharam Astkar Lanji,M,IND,IND,11767,1629741
Madhya Pradesh,2014,15,Balaghat,GEN,Smt. Hirasan Uikey,F,GGP,GGP,15801,1629741
Madhya Pradesh,2014,15,Balaghat,GEN,Ashok Kumar Masih,M,CPI,CPI,20297,1629741
Madhya Pradesh,2014,15,Balaghat,GEN,Yogesh Nanaji Samrite,M,BSP,BSP,46345,1629741
Madhya Pradesh,2014,15,Balaghat,GEN,Anubha Munjare,F,SP,SP,99392,1629741
Madhya Pradesh,2014,15,Balaghat,GEN,Hina Likhiram Kawre,F,INC,INC,384553,1629741
Madhya Pradesh,2014,15,Balaghat,GEN,Bodhsingh Bhagat,M,BJP,BJP,480594,1629741
Madhya Pradesh,2014,16,Chhindwara,GEN,Subhash Shukla,M,SP,SP,2035,1402038
Madhya Pradesh,2014,16,Chhindwara,GEN,Er. Kripa Shankar Yadav,M,IND,IND,2140,1402038
Madhya Pradesh,2014,16,Chhindwara,GEN,Arvind Dongre,M,BMUP,BMUP,2484,1402038
Madhya Pradesh,2014,16,Chhindwara,GEN,Ramesh Patil,M,APoI,APoI,2872,1402038
Madhya Pradesh,2014,16,Chhindwara,GEN,Jalasram Nagwanshi,M,IND,IND,3117,1402038
Madhya Pradesh,2014,16,Chhindwara,GEN,Dwarka Prasad Pahade,M,IND,IND,3450,1402038
Madhya Pradesh,2014,16,Chhindwara,GEN,Mahesh Madhavlal Dubey,M,AAAP,AAAP,5696,1402038
Madhya Pradesh,2014,16,Chhindwara,GEN,Dhaniram Yaduvanshi,M,IND,IND,6601,1402038
Madhya Pradesh,2014,16,Chhindwara,GEN,Nitinkumar Sahu,M,BSP,BSP,12241,1402038
Madhya Pradesh,2014,16,Chhindwara,GEN,Sitaram Sareyam,M,IND,IND,12762,1402038
Madhya Pradesh,2014,16,Chhindwara,GEN,None Of The Above,,NOTA,NOTA,25499,1402038
Madhya Pradesh,2014,16,Chhindwara,GEN,Pardeshi Hartapshah Tirgam,M,GGP,GGP,25628,1402038
Madhya Pradesh,2014,16,Chhindwara,GEN,Choudhary Chandrabhan Kuber Singh,M,BJP,BJP,443218,1402038
Madhya Pradesh,2014,16,Chhindwara,GEN,Kamal Nath,M,INC,INC,559755,1402038
Madhya Pradesh,2014,17,Hoshangabad,GEN,Jay Prakash Patel,M,GGP,GGP,5225,1568206
Madhya Pradesh,2014,17,Hoshangabad,GEN,Uday Pratap Singh,M,IND,IND,6378,1568206
Madhya Pradesh,2014,17,Hoshangabad,GEN,Mukesh Babu Ahirwar,M,IND,IND,7132,1568206
Madhya Pradesh,2014,17,Hoshangabad,GEN,Devendra Patel Urf Gudda Bhaiyya,M,IND,IND,13412,1568206
Madhya Pradesh,2014,17,Hoshangabad,GEN,Pradeep Ahirwar,M,BSP,BSP,14154,1568206
Madhya Pradesh,2014,17,Hoshangabad,GEN,Maya Vishwakarma,F,AAAP,AAAP,17837,1568206
Madhya Pradesh,2014,17,Hoshangabad,GEN,None Of The Above,,NOTA,NOTA,18741,1568206
Madhya Pradesh,2014,17,Hoshangabad,GEN,"Devendra Patel ""Guddu Bhaiya""",M,INC,INC,279168,1568206
Madhya Pradesh,2014,17,Hoshangabad,GEN,Uday Pratap Singh,M,BJP,BJP,669128,1568206
Madhya Pradesh,2014,18,Vidisha,GEN,Babulal,M,SamSP,SamSP,1088,1634039
Madhya Pradesh,2014,18,Vidisha,GEN,Narmada Prashad Ahirwar,M,BMUP,BMUP,1270,1634039
Madhya Pradesh,2014,18,Vidisha,GEN,Ganesh Rajak,M,SAP,SAP,1761,1634039
Madhya Pradesh,2014,18,Vidisha,GEN,Shoiab Khan,M,PRSP,PRSP,2200,1634039
Madhya Pradesh,2014,18,Vidisha,GEN,Manoj Kumar Yadav,M,SP,SP,3293,1634039
Madhya Pradesh,2014,18,Vidisha,GEN,Ramdayal Kori,M,IND,IND,4159,1634039
Madhya Pradesh,2014,18,Vidisha,GEN,Engineear Bhagwat Singh Rajput,M,AAAP,AAAP,5204,1634039
Madhya Pradesh,2014,18,Vidisha,GEN,Chandresh Singh,M,IND,IND,5359,1634039
Madhya Pradesh,2014,18,Vidisha,GEN,Amar Singh Patel,M,BSP,BSP,9699,1634039
Madhya Pradesh,2014,18,Vidisha,GEN,None Of The Above,,NOTA,NOTA,10618,1634039
Madhya Pradesh,2014,18,Vidisha,GEN,Kamlesh Sallam,M,GGP,GGP,10824,1634039
Madhya Pradesh,2014,18,Vidisha,GEN,Lakshman Singh,M,INC,INC,303650,1634039
Madhya Pradesh,2014,18,Vidisha,GEN,Sushma Swaraj,F,BJP,BJP,714348,1634039
Madhya Pradesh,2014,19,Bhopal,GEN,Peeyush Soni,M,IND,IND,421,1957241
Madhya Pradesh,2014,19,Bhopal,GEN,Prabhawati Shakya Khot,F,IND,IND,425,1957241
Madhya Pradesh,2014,19,Bhopal,GEN,Daniel John,M,IND,IND,465,1957241
Madhya Pradesh,2014,19,Bhopal,GEN,Balbhadra Mishra,M,bjyp,bjyp,523,1957241
Madhya Pradesh,2014,19,Bhopal,GEN,Ashok Pawar,M,SamSP,SamSP,551,1957241
Madhya Pradesh,2014,19,Bhopal,GEN,Mehboob Khan,M,IND,IND,569,1957241
Madhya Pradesh,2014,19,Bhopal,GEN,Mahant Gopal Das Baba Shahab,M,IND,IND,570,1957241
Madhya Pradesh,2014,19,Bhopal,GEN,Gautam Shinde,M,AD,AD,614,1957241
Madhya Pradesh,2014,19,Bhopal,GEN,M C Mittal Jai Gurudeo Tatdhari,M,IND,IND,620,1957241
Madhya Pradesh,2014,19,Bhopal,GEN,Badshah Khan,M,NADP,NADP,622,1957241
Madhya Pradesh,2014,19,Bhopal,GEN,Md. Ateek,M,PRSP,PRSP,625,1957241
Madhya Pradesh,2014,19,Bhopal,GEN,J C Barai,M,SUCI,SUCI,628,1957241
Madhya Pradesh,2014,19,Bhopal,GEN,Gundesh Khambra,M,IND,IND,681,1957241
Madhya Pradesh,2014,19,Bhopal,GEN,Brajendra Gappu Chaturvedi,M,IND,IND,684,1957241
Madhya Pradesh,2014,19,Bhopal,GEN,Mukesh Kumar Bansal,M,SaVP,SaVP,763,1957241
Madhya Pradesh,2014,19,Bhopal,GEN,Rajaram Mehar,M,PSS,PSS,796,1957241
Madhya Pradesh,2014,19,Bhopal,GEN,Satish Babu Naidu,M,IND,IND,832,1957241
Madhya Pradesh,2014,19,Bhopal,GEN,Rajesh Keer,M,BMUP,BMUP,1348,1957241
Madhya Pradesh,2014,19,Bhopal,GEN,Vijay Kumar,M,CPIM,CPIM,1494,1957241
Madhya Pradesh,2014,19,Bhopal,GEN,Colonel Kesari Singh,M,IND,IND,1840,1957241
Madhya Pradesh,2014,19,Bhopal,GEN,Abdul Tahir (Bablu - Advocate),M,IND,IND,1878,1957241
Madhya Pradesh,2014,19,Bhopal,GEN,None Of The Above,,NOTA,NOTA,5181,1957241
Madhya Pradesh,2014,19,Bhopal,GEN,Master Sajid Siddiqui,M,SDPI,SDPI,5557,1957241
Madhya Pradesh,2014,19,Bhopal,GEN,Sheeba Malik,F,SP,SP,5742,1957241
Madhya Pradesh,2014,19,Bhopal,GEN,Shailendra Kumar Shaili,M,CPI,CPI,7643,1957241
Madhya Pradesh,2014,19,Bhopal,GEN,Sunil Borse,M,BSP,BSP,10152,1957241
Madhya Pradesh,2014,19,Bhopal,GEN,Rachna Dhingra,F,AAAP,AAAP,21298,1957241
Madhya Pradesh,2014,19,Bhopal,GEN,P C Sharma (Prakash Mangilal Sharma ),M,INC,INC,343482,1957241
Madhya Pradesh,2014,19,Bhopal,GEN,Alok Sanjar,M,BJP,BJP,714178,1957241
Madhya Pradesh,2014,20,Rajgarh,GEN,Imamuddin Khan,M,IND,IND,4334,1578757
Madhya Pradesh,2014,20,Rajgarh,GEN,Dr.Prashant Tripathi,M,AAAP,AAAP,8699,1578757
Madhya Pradesh,2014,20,Rajgarh,GEN,Rod Ji,M,IND,IND,8818,1578757
Madhya Pradesh,2014,20,Rajgarh,GEN,None Of The Above,,NOTA,NOTA,10292,1578757
Madhya Pradesh,2014,20,Rajgarh,GEN,Dr.Shivnarayan Verma,M,BSP,BSP,13864,1578757
Madhya Pradesh,2014,20,Rajgarh,GEN,Amlabe Narayan Singh,M,INC,INC,367990,1578757
Madhya Pradesh,2014,20,Rajgarh,GEN,Rodmal Nagar,M,BJP,BJP,596727,1578757
Madhya Pradesh,2014,21,Dewas,SC,Sobhal Singh Sisodiya,M,SamSP,SamSP,1002,1617111
Madhya Pradesh,2014,21,Dewas,SC,Soudan Singh Dalmiya,M,BMUP,BMUP,1509,1617111
Madhya Pradesh,2014,21,Dewas,SC,Manohar Ahiriya,M,IND,IND,2763,1617111
Madhya Pradesh,2014,21,Dewas,SC,Sujeet Sangte,M,AAAP,AAAP,4216,1617111
Madhya Pradesh,2014,21,Dewas,SC,Hemraj Singh Bamniya,M,BA S D,BA S D,4659,1617111
Madhya Pradesh,2014,21,Dewas,SC,Radheshyam Malviya,M,IND,IND,4862,1617111
Madhya Pradesh,2014,21,Dewas,SC,Sajan Singh,M,IND,IND,10113,1617111
Madhya Pradesh,2014,21,Dewas,SC,None Of The Above,,NOTA,NOTA,10253,1617111
Madhya Pradesh,2014,21,Dewas,SC,Kamal Singh Chouhan,M,PRSP,PRSP,16376,1617111
Madhya Pradesh,2014,21,Dewas,SC,Gokul Prasad Dongare,M,BSP,BSP,17238,1617111
Madhya Pradesh,2014,21,Dewas,SC,Sajjan Singh Verma,M,INC,INC,405333,1617111
Madhya Pradesh,2014,21,Dewas,SC,Manohar Untwal,M,BJP,BJP,665646,1617111
Madhya Pradesh,2014,22,Ujjain,SC,Er. Brajmohan Malviya,M,PRSP,PRSP,848,1525481
Madhya Pradesh,2014,22,Ujjain,SC,Bhawarlal Tufan,M,JMBP,JMBP,902,1525481
Madhya Pradesh,2014,22,Ujjain,SC,Nandlal Chauhan,M,BMUP,BMUP,927,1525481
Madhya Pradesh,2014,22,Ujjain,SC,Radheshayam Panavar,M,AIFB,AIFB,1257,1525481
Madhya Pradesh,2014,22,Ujjain,SC,Ashok,M,IND,IND,1669,1525481
Madhya Pradesh,2014,22,Ujjain,SC,Lalchand Gomay Berwa,M,IND,IND,2015,1525481
Madhya Pradesh,2014,22,Ujjain,SC,Surendra Mehar,M,IND,IND,3636,1525481
Madhya Pradesh,2014,22,Ujjain,SC,Anil Pale,M,BA S D,BA S D,4439,1525481
Madhya Pradesh,2014,22,Ujjain,SC,Aneeta Hindoliya,F,AAAP,AAAP,5917,1525481
Madhya Pradesh,2014,22,Ujjain,SC,Ramprasad Jatwa,M,BSP,BSP,9969,1525481
Madhya Pradesh,2014,22,Ujjain,SC,None Of The Above,,NOTA,NOTA,12287,1525481
Madhya Pradesh,2014,22,Ujjain,SC,Premchand Guddu,M,INC,INC,331438,1525481
Madhya Pradesh,2014,22,Ujjain,SC,Prof. Chintamani Malviya,M,BJP,BJP,641101,1525481
Madhya Pradesh,2014,23,Mandsour,GEN,Raju Malviya,M,BMUP,BMUP,1513,1626556
Madhya Pradesh,2014,23,Mandsour,GEN,Ismaile Mew,M,IND,IND,1616,1626556
Madhya Pradesh,2014,23,Mandsour,GEN,Nilesh Tiwari,M,IND,IND,1685,1626556
Madhya Pradesh,2014,23,Mandsour,GEN,Prof. Purushottam Meghwal,M,IND,IND,2626,1626556
Madhya Pradesh,2014,23,Mandsour,GEN,Minakshi Chouhan,F,IND,IND,3151,1626556
Madhya Pradesh,2014,23,Mandsour,GEN,Bano Bi,F,BMSM,BMSM,3441,1626556
Madhya Pradesh,2014,23,Mandsour,GEN,Banshi Lal Patidar,M,BA S D,BA S D,3501,1626556
Madhya Pradesh,2014,23,Mandsour,GEN,Sudhir Gautam,M,IND,IND,7615,1626556
Madhya Pradesh,2014,23,Mandsour,GEN,Shaikh Azizuddin Quraishi,M,AIFB,AIFB,7992,1626556
Madhya Pradesh,2014,23,Mandsour,GEN,Krantiparivartan,M,BSP,BSP,8104,1626556
Madhya Pradesh,2014,23,Mandsour,GEN,Minakshi Pandey,F,IND,IND,8333,1626556
Madhya Pradesh,2014,23,Mandsour,GEN,None Of The Above,,NOTA,NOTA,8568,1626556
Madhya Pradesh,2014,23,Mandsour,GEN,Paras Saklecha Dada,M,AAAP,AAAP,10183,1626556
Madhya Pradesh,2014,23,Mandsour,GEN,Meenakshi Natarajan,F,INC,INC,394686,1626556
Madhya Pradesh,2014,23,Mandsour,GEN,Sudhir Gupta,M,BJP,BJP,698335,1626556
Madhya Pradesh,2014,24,Ratlam,ST,Iliyas Bhai Machar,M,MNDP,MNDP,3581,1702576
Madhya Pradesh,2014,24,Ratlam,ST,Kailash Vasuniya,M,BMUP,BMUP,3861,1702576
Madhya Pradesh,2014,24,Ratlam,ST,Comrade Lata Bhabor,F,CPM,CPM,6078,1702576
Madhya Pradesh,2014,24,Ratlam,ST,Enari Machar,M,AAAP,AAAP,6085,1702576
Madhya Pradesh,2014,24,Ratlam,ST,Bhadiya Dawar,M,IND,IND,6638,1702576
Madhya Pradesh,2014,24,Ratlam,ST,Meena Atul David,F,IND,IND,10979,1702576
Madhya Pradesh,2014,24,Ratlam,ST,Bherusingh Damor,M,JD(U),JD(U),13116,1702576
Madhya Pradesh,2014,24,Ratlam,ST,Babusingh,M,BSP,BSP,18485,1702576
Madhya Pradesh,2014,24,Ratlam,ST,None Of The Above,,NOTA,NOTA,30364,1702576
Madhya Pradesh,2014,24,Ratlam,ST,Kantilal Bhuria,M,INC,INC,437523,1702576
Madhya Pradesh,2014,24,Ratlam,ST,Dileepsingh Bhuria,M,BJP,BJP,545980,1702576
Madhya Pradesh,2014,25,Dhar,ST,Bherulal Imliyar,M,BMUP,BMUP,3800,1668441
Madhya Pradesh,2014,25,Dhar,ST,Rama Singh Patel,M,IND,IND,8303,1668441
Madhya Pradesh,2014,25,Dhar,ST,Dr. Hemlata Jamuna Devi,F,AAAP,AAAP,10683,1668441
Madhya Pradesh,2014,25,Dhar,ST,Karan Burman Gareeb,M,SamSP,SamSP,11481,1668441
Madhya Pradesh,2014,25,Dhar,ST,Ajay Rawat,M,BSP,BSP,14666,1668441
Madhya Pradesh,2014,25,Dhar,ST,None Of The Above,,NOTA,NOTA,15437,1668441
Madhya Pradesh,2014,25,Dhar,ST,Umang Singhar,M,INC,INC,454059,1668441
Madhya Pradesh,2014,25,Dhar,ST,Savitri Thakur,F,BJP,BJP,558387,1668441
Madhya Pradesh,2014,26,Indore,GEN,Harish Sahu,M,SamSP,SamSP,400,2115303
Madhya Pradesh,2014,26,Indore,GEN,Ramchandr Parmar,M,BMUP,BMUP,477,2115303
Madhya Pradesh,2014,26,Indore,GEN,Santosh Kumar Deen Bandhu,M,IND,IND,517,2115303
Madhya Pradesh,2014,26,Indore,GEN,Ajeet Kumar Jain Patwa (Dharti Pakad),M,IND,IND,554,2115303
Madhya Pradesh,2014,26,Indore,GEN,Mamta Bhati,F,RAHM,RAHM,579,2115303
Madhya Pradesh,2014,26,Indore,GEN,Ghanshyam Chandel,M,IND,IND,598,2115303
Madhya Pradesh,2014,26,Indore,GEN,Shakti Sudha Sharma,F,IND,IND,740,2115303
Madhya Pradesh,2014,26,Indore,GEN,Syed Nizam Ahmed,M,IND,IND,740,2115303
Madhya Pradesh,2014,26,Indore,GEN,Jameela Bi,F,IND,IND,981,2115303
Madhya Pradesh,2014,26,Indore,GEN,P.T. Jagdish Chandra Bhatt,M,JMBP,JMBP,1352,2115303
Madhya Pradesh,2014,26,Indore,GEN,Ravi Sirwaiya,M,IND,IND,1356,2115303
Madhya Pradesh,2014,26,Indore,GEN,Momd.Tanveer,M,IND,IND,1576,2115303
Madhya Pradesh,2014,26,Indore,GEN,Dr. Neha Sharma,F,SP,SP,1619,2115303
Madhya Pradesh,2014,26,Indore,GEN,Parmanand Tolani,M,IND,IND,1768,2115303
Madhya Pradesh,2014,26,Indore,GEN,Praveen Kumar Ajmera Jain,M,IND,IND,1867,2115303
Madhya Pradesh,2014,26,Indore,GEN,Rakesh Kumar Patel,M,IND,IND,2528,2115303
Madhya Pradesh,2014,26,Indore,GEN,Ramchandra Vasaini (Rama Seth),M,IND,IND,3725,2115303
Madhya Pradesh,2014,26,Indore,GEN,Mohammad Imtiyaz Khan,M,IND,IND,3862,2115303
Madhya Pradesh,2014,26,Indore,GEN,None Of The Above,,NOTA,NOTA,5944,2115303
Madhya Pradesh,2014,26,Indore,GEN,Dharamdas Ahirwar,M,BSP,BSP,7422,2115303
Madhya Pradesh,2014,26,Indore,GEN,Anil Trivedi,M,AAAP,AAAP,35169,2115303
Madhya Pradesh,2014,26,Indore,GEN,Satyanarayan Patel,M,INC,INC,388071,2115303
Madhya Pradesh,2014,26,Indore,GEN,Sumitra Mahajan (Tai),F,BJP,BJP,854972,2115303
Madhya Pradesh,2014,27,Khargone,ST,Kailash Patel,M,IND,IND,7040,1703272
Madhya Pradesh,2014,27,Khargone,ST,Naharsingh Richhuji Barde,M,BSP,BSP,8266,1703272
Madhya Pradesh,2014,27,Khargone,ST,Gangaram Pratap Gawle,M,AMS,AMS,8544,1703272
Madhya Pradesh,2014,27,Khargone,ST,Gaffar Noor Mo.,M,IND,IND,8553,1703272
Madhya Pradesh,2014,27,Khargone,ST,None Of The Above,,NOTA,NOTA,22141,1703272
Madhya Pradesh,2014,27,Khargone,ST,Comrade Jyoti Gore,F,CPI,CPI,25930,1703272
Madhya Pradesh,2014,27,Khargone,ST,Kailash Awasya,M,AAAP,AAAP,31222,1703272
Madhya Pradesh,2014,27,Khargone,ST,Ramesh Patel,M,INC,INC,391475,1703272
Madhya Pradesh,2014,27,Khargone,ST,Subhash Patel,M,BJP,BJP,649354,1703272
Madhya Pradesh,2014,28,Khandwa,GEN,Ziauddin Inamdar,M,BMUP,BMUP,1075,1759417
Madhya Pradesh,2014,28,Khandwa,GEN,Ishamuddin (Ledar) Sayyadh,M,SAP,SAP,1134,1759417
Madhya Pradesh,2014,28,Khandwa,GEN,Bhaiyalal Uikey,M,GGP,GGP,1208,1759417
Madhya Pradesh,2014,28,Khandwa,GEN,Dr. Rameshsingh - Solanki,M,PRSP,PRSP,1235,1759417
Madhya Pradesh,2014,28,Khandwa,GEN,Vinod Kumar Bhagwan Birade,M,RPI(A),RPI(A),1783,1759417
Madhya Pradesh,2014,28,Khandwa,GEN,Sharif Rajgeer,M,ABVCP,ABVCP,2255,1759417
Madhya Pradesh,2014,28,Khandwa,GEN,Kashinath Upadhyay,M,IND,IND,2429,1759417
Madhya Pradesh,2014,28,Khandwa,GEN,Nandlal Singh Chouhan (Nandu Bhaiya),M,IND,IND,5307,1759417
Madhya Pradesh,2014,28,Khandwa,GEN,Nandlal Singh Chouhan,M,IND,IND,6226,1759417
Madhya Pradesh,2014,28,Khandwa,GEN,Baba Abdul Hamid,M,IND,IND,12036,1759417
Madhya Pradesh,2014,28,Khandwa,GEN,Sanjay S/O Laxman Solanki,M,BSP,BSP,13691,1759417
Madhya Pradesh,2014,28,Khandwa,GEN,Alok Agarwal,M,AAAP,AAAP,16799,1759417
Madhya Pradesh,2014,28,Khandwa,GEN,None Of The Above,,NOTA,NOTA,17149,1759417
Madhya Pradesh,2014,28,Khandwa,GEN,Arun Subhash Chandra Yadav,M,INC,INC,457643,1759417
Madhya Pradesh,2014,28,Khandwa,GEN,Nandkumar Singh Chouhan (Nandu Bhaiya),M,BJP,BJP,717357,1759417
Madhya Pradesh,2014,29,Betul,ST,Gabbar Sinh Warkade,M,BMUP,BMUP,3070,1607831
Madhya Pradesh,2014,29,Betul,ST,Kallushing Kumre,M,GGP,GGP,4546,1607831
Madhya Pradesh,2014,29,Betul,ST,Fagram,M,SWJP,SWJP,4668,1607831
Madhya Pradesh,2014,29,Betul,ST,Bhupendra Singh Uikey,M,IND,IND,12933,1607831
Madhya Pradesh,2014,29,Betul,ST,Sohan Lal Uikey,M,BSP,BSP,16461,1607831
Madhya Pradesh,2014,29,Betul,ST,Rajesh Sariyam,M,AAAP,AAAP,20627,1607831
Madhya Pradesh,2014,29,Betul,ST,None Of The Above,,NOTA,NOTA,26726,1607831
Madhya Pradesh,2014,29,Betul,ST,"Ajay Shah ""Makrai""",M,INC,INC,315037,1607831
Madhya Pradesh,2014,29,Betul,ST,Jyoti Dhurve,F,BJP,BJP,643651,1607831
Maharashtra,2014,1,Nandurbar ,ST,Ranjit Jugla Padvi,M,BMUP,BMUP,3498,1672943
Maharashtra,2014,1,Nandurbar ,ST,Virendra Ravaji Valvi,M,AAAP,AAAP,3511,1672943
Maharashtra,2014,1,Nandurbar ,ST,Mahesh Jaysing Pawara,M,IND,IND,4389,1672943
Maharashtra,2014,1,Nandurbar ,ST,Arjunsing Divansing Vasave,M,BBM,BBM,4712,1672943
Maharashtra,2014,1,Nandurbar ,ST,C.S.Valvi,M,IND,IND,6004,1672943
Maharashtra,2014,1,Nandurbar ,ST,Adv.Sobji Devalya Gavit,M,IND,IND,9184,1672943
Maharashtra,2014,1,Nandurbar ,ST,Vasave Amit Sheklal,M,BSP,BSP,12133,1672943
Maharashtra,2014,1,Nandurbar ,ST,None Of The Above,,NOTA,NOTA,21178,1672943
Maharashtra,2014,1,Nandurbar ,ST,Gavit Manikrao Hodlya,M,INC,INC,472581,1672943
Maharashtra,2014,1,Nandurbar ,ST,Dr.Gavit Heena Vijaykumar,F,BJP,BJP,579486,1672943
Maharashtra,2014,2,Dhule,GEN,Mo. Ismail Jumman,M,IND,IND,740,1675367
Maharashtra,2014,2,Dhule,GEN,Shaikh Mukhatar Ah. Mo. Qasim,M,WPOI,WPOI,765,1675367
Maharashtra,2014,2,Dhule,GEN,Gazi Atezad Mubeen Khan,M,IND,IND,788,1675367
Maharashtra,2014,2,Dhule,GEN,Mahemood Bhaijaan,M,AwVP,AwVP,792,1675367
Maharashtra,2014,2,Dhule,GEN,Jagdane Ramesh Soma,M,MPS(T),MPS(T),828,1675367
Maharashtra,2014,2,Dhule,GEN,Abdul Hamid Shaikh Habib,M,IND,IND,914,1675367
Maharashtra,2014,2,Dhule,GEN,Nihal Ah.Ab.Raheman Danewala,M,SP,SP,1148,1675367
Maharashtra,2014,2,Dhule,GEN,Sambhaji Devidas Patil,M,BMUP,BMUP,1149,1675367
Maharashtra,2014,2,Dhule,GEN,Jafar Bapuji Pathan,M,IND,IND,1355,1675367
Maharashtra,2014,2,Dhule,GEN,Pinjari Jaynuddin Husen,M,IND,IND,1545,1675367
Maharashtra,2014,2,Dhule,GEN,Sayyad Mohammad Qayam,M,IND,IND,1600,1675367
Maharashtra,2014,2,Dhule,GEN,Deore Mahendra Tryambak,M,IND,IND,2091,1675367
Maharashtra,2014,2,Dhule,GEN,None Of The Above,,NOTA,NOTA,2503,1675367
Maharashtra,2014,2,Dhule,GEN,Sayyad Salim Sayyad Alim,M,IND,IND,5278,1675367
Maharashtra,2014,2,Dhule,GEN,Dr Bhupesh Prakash Patil,M,IND,IND,6117,1675367
Maharashtra,2014,2,Dhule,GEN,Ramesh Ragho More,M,IND,IND,8057,1675367
Maharashtra,2014,2,Dhule,GEN,Ansari Nihal Ah. Mohd. Haroon,M,AAAP,AAAP,9339,1675367
Maharashtra,2014,2,Dhule,GEN,Ishi Yogesh Yashwant,M,BSP,BSP,9897,1675367
Maharashtra,2014,2,Dhule,GEN,Amrishbhai Rasiklal Patel,M,INC,INC,398727,1675367
Maharashtra,2014,2,Dhule,GEN,Dr. Bhamre Subhash Ramrao,M,BJP,BJP,529450,1675367
Maharashtra,2014,3,Jalgaon,GEN,Mamashri Suresh Patil (Patrakar),M,HJP,HJP,958,1707969
Maharashtra,2014,3,Jalgaon,GEN,Satish Bhaskar Patil (Varkhedi),M,IND,IND,1537,1707969
Maharashtra,2014,3,Jalgaon,GEN,Asha Sahebrao Patil,F,MPS(T),MPS(T),1579,1707969
Maharashtra,2014,3,Jalgaon,GEN,Dr.Mubin A. Khalil A.,M,IND,IND,1676,1707969
Maharashtra,2014,3,Jalgaon,GEN,Adv. Ashok Dagadu Shinde,M,PRCP,PRCP,1708,1707969
Maharashtra,2014,3,Jalgaon,GEN,Nanaso M.P. Pagare,M,RVNP,RVNP,1917,1707969
Maharashtra,2014,3,Jalgaon,GEN,Iqbal Raheman Deshmukh,M,IND,IND,2246,1707969
Maharashtra,2014,3,Jalgaon,GEN,Ragib Ahmed Abdul Nabi Bahadur,M,SP,SP,2675,1707969
Maharashtra,2014,3,Jalgaon,GEN,More Ishwar Dayaram (Ex-Serviceman),M,BMUP,BMUP,2718,1707969
Maharashtra,2014,3,Jalgaon,GEN,Patil Sandip Yuvraj,M,IND,IND,2879,1707969
Maharashtra,2014,3,Jalgaon,GEN,Abrar Beg Sarvar Beg Mirza,M,RPI,RPI,3212,1707969
Maharashtra,2014,3,Jalgaon,GEN,None Of The Above,,NOTA,NOTA,3268,1707969
Maharashtra,2014,3,Jalgaon,GEN,Satish Bhaskar Patil (Mudi Pra Dangri),M,IND,IND,3998,1707969
Maharashtra,2014,3,Jalgaon,GEN,Ashok Tarachand Patil,M,IND,IND,5801,1707969
Maharashtra,2014,3,Jalgaon,GEN,Satish Bhaskar Patil (Nandgaon Bk),M,IND,IND,6157,1707969
Maharashtra,2014,3,Jalgaon,GEN,Dr. Sangram Gokulsingh Patil,M,AAAP,AAAP,7390,1707969
Maharashtra,2014,3,Jalgaon,GEN,Lalit Gaurishankar Sharma,M,IND,IND,8140,1707969
Maharashtra,2014,3,Jalgaon,GEN,Vijay Bhimrao Nikam,M,IND,IND,9614,1707969
Maharashtra,2014,3,Jalgaon,GEN,Bagul V. T.(Jibhau),M,BSP,BSP,10838,1707969
Maharashtra,2014,3,Jalgaon,GEN,Annasaheb Dr.Satish Bhaskarrao Patil,M,NCP,NCP,264248,1707969
Maharashtra,2014,3,Jalgaon,GEN,A.T. Nana Patil,M,BJP,BJP,647773,1707969
Maharashtra,2014,4,Raver,GEN,Shaikh Mo. Asgar Sakhawat,M,RPI,RPI,821,1593389
Maharashtra,2014,4,Raver,GEN,Sonawane Vandana Shivaji,F,IND,IND,978,1593389
Maharashtra,2014,4,Raver,GEN,Ashok Tryambak Ingale,M,IND,IND,1131,1593389
Maharashtra,2014,4,Raver,GEN,Gaikwad Bhagwan Madhav,M,PRCP,PRCP,1206,1593389
Maharashtra,2014,4,Raver,GEN,Dnyaneshwar Amale-Patil,M,AIFB,AIFB,1220,1593389
Maharashtra,2014,4,Raver,GEN,Suresh Hiraman Ingale,M,IND,IND,1258,1593389
Maharashtra,2014,4,Raver,GEN,Shaikh Shahera Bi. Jainoddin Shaikh,F,IND,IND,1375,1593389
Maharashtra,2014,4,Raver,GEN,Manyar She. Sajid She. Kadar,M,MNDP,MNDP,1606,1593389
Maharashtra,2014,4,Raver,GEN,J.G.Surwade,M,IND,IND,1634,1593389
Maharashtra,2014,4,Raver,GEN,Wamanrao Madhav Sasane,M,BMUP,BMUP,1757,1593389
Maharashtra,2014,4,Raver,GEN,Kadri Saniya Saiyed Ali,F,IND,IND,2658,1593389
Maharashtra,2014,4,Raver,GEN,Govinda Narayan Gunjal,M,IND,IND,2844,1593389
Maharashtra,2014,4,Raver,GEN,D.D.Wani (Photographer) (Dnyaneshwar Divakar Wani),M,IND,IND,3349,1593389
Maharashtra,2014,4,Raver,GEN,Zagadya Purmya Pawara,M,IND,IND,3707,1593389
Maharashtra,2014,4,Raver,GEN,Rajeev Satyendra Sharma,M,AAAP,AAAP,3756,1593389
Maharashtra,2014,4,Raver,GEN,Shaikh Shakir,M,IND,IND,4009,1593389
Maharashtra,2014,4,Raver,GEN,None Of The Above,,NOTA,NOTA,4212,1593389
Maharashtra,2014,4,Raver,GEN,Khatik Mohammad Haroon,M,SP,SP,4376,1593389
Maharashtra,2014,4,Raver,GEN,Mohan Shamrao Chavhan (Manojsir Vardikar),M,IND,IND,8797,1593389
Maharashtra,2014,4,Raver,GEN,Manishdada Satish Jain,M,IND,IND,14599,1593389
Maharashtra,2014,4,Raver,GEN,Dr. Ulhas Vasudeo Patil,M,IND,IND,21332,1593389
Maharashtra,2014,4,Raver,GEN,Bhande Dashrath Motiram,M,BSP,BSP,29752,1593389
Maharashtra,2014,4,Raver,GEN,Manishdada Jain,M,NCP,NCP,287384,1593389
Maharashtra,2014,4,Raver,GEN,Khadase Raksha Nikhil,F,BJP,BJP,605452,1593389
Maharashtra,2014,5,Buldhana,GEN,Ravindrasing Ramsing Pawar,M,LB,LB,1265,1595435
Maharashtra,2014,5,Buldhana,GEN,Smt. Prabhatai Madhukar Parlewar,F,NRSN,NRSN,1725,1595435
Maharashtra,2014,5,Buldhana,GEN,Krushnarao Ingle,M,IND,IND,1787,1595435
Maharashtra,2014,5,Buldhana,GEN,Chinchole Gangaram Kaluji,M,IND,IND,1917,1595435
Maharashtra,2014,5,Buldhana,GEN,Sambare Dinkar Tukaram,M,IND,IND,2006,1595435
Maharashtra,2014,5,Buldhana,GEN,Commander (Rtd) Ashok Raut,M,IND,IND,2077,1595435
Maharashtra,2014,5,Buldhana,GEN,Adv. Ravindra Dnyandeo Bhojane,M,APoI,APoI,2448,1595435
Maharashtra,2014,5,Buldhana,GEN,Vasantrao Sukhdev Dandage,M,SP,SP,2750,1595435
Maharashtra,2014,5,Buldhana,GEN,Sudhir Baban Surve,M,AAAP,AAAP,3429,1595435
Maharashtra,2014,5,Buldhana,GEN,Sanjay Mahadev Wankhade,M,IND,IND,4520,1595435
Maharashtra,2014,5,Buldhana,GEN,Namdeo Pundlik Dongardive,M,IND,IND,6959,1595435
Maharashtra,2014,5,Buldhana,GEN,Parmeshwar Hiraman Gawai,M,ARP,ARP,6983,1595435
Maharashtra,2014,5,Buldhana,GEN,Sandesh Ashok Ambedkar,M,BMUP,BMUP,7927,1595435
Maharashtra,2014,5,Buldhana,GEN,None Of The Above,,NOTA,NOTA,10546,1595435
Maharashtra,2014,5,Buldhana,GEN,Balasaheb Shankar Darade,M,IND,IND,29793,1595435
Maharashtra,2014,5,Buldhana,GEN,Abdul Hafeez Abdul Aziz,M,BSP,BSP,33783,1595435
Maharashtra,2014,5,Buldhana,GEN,Ingle Krushanarao Ganpatrao,M,NCP,NCP,349566,1595435
Maharashtra,2014,5,Buldhana,GEN,Jadhav Prataprao Ganpatrao,M,SHS,SHS,509145,1595435
Maharashtra,2014,6,Akola,GEN,Sandip Kisanrao Wankhede,M,IND,IND,3756,1672643
Maharashtra,2014,6,Akola,GEN,Shaikh Hameed Imam,M,BMUP,BMUP,3991,1672643
Maharashtra,2014,6,Akola,GEN,None Of The Above,,NOTA,NOTA,6206,1672643
Maharashtra,2014,6,Akola,GEN,Bhai B.C. Kamble,M,BSP,BSP,7858,1672643
Maharashtra,2014,6,Akola,GEN,Ajay Panjabrao Hingankar,M,AAAP,AAAP,8076,1672643
Maharashtra,2014,6,Akola,GEN,Ambedkar Prakash Yashwant,M,BBM,BBM,238776,1672643
Maharashtra,2014,6,Akola,GEN,Patel Hidayat Ulla Barkat Ulla,M,INC,INC,253356,1672643
Maharashtra,2014,6,Akola,GEN,Dhotre Sanjay Shamrao,M,BJP,BJP,456472,1672643
Maharashtra,2014,7,Amravati ,SC,Ashatai Abhyankar Amravati,F,IND,IND,809,1612739
Maharashtra,2014,7,Amravati ,SC,Kirantai Dadarao Alias Kokubhau Kokate,F,IND,IND,970,1612739
Maharashtra,2014,7,Amravati ,SC,Jyoti Sanjay Dewkar,F,IND,IND,1312,1612739
Maharashtra,2014,7,Amravati ,SC,Ramteke Ramesh Devidasrao,M,RPI(KH),RPI(KH),1442,1612739
Maharashtra,2014,7,Amravati ,SC,Sunil David Amravati,M,BMUP,BMUP,1463,1612739
Maharashtra,2014,7,Amravati ,SC,Athawaley Sanjay Hiramanji,M,IND,IND,1649,1612739
Maharashtra,2014,7,Amravati ,SC,Dongre Priya Anil,F,IND,IND,1734,1612739
Maharashtra,2014,7,Amravati ,SC,Vishwanath Gotuji Jamnekar,M,IND,IND,2011,1612739
Maharashtra,2014,7,Amravati ,SC,Manohar Baliram Sonone,M,IND,IND,2489,1612739
Maharashtra,2014,7,Amravati ,SC,Jyoti Gajanan Makode,F,APoI,APoI,3724,1612739
Maharashtra,2014,7,Amravati ,SC,Adv. Bandya Sane Alias Bandu Sampatrao Sane,M,IND,IND,3732,1612739
Maharashtra,2014,7,Amravati ,SC,None Of The Above,,NOTA,NOTA,4139,1612739
Maharashtra,2014,7,Amravati ,SC,Sirsat Haridas Ankush,M,IND,IND,5268,1612739
Maharashtra,2014,7,Amravati ,SC,Bhavna Bhavesh Wasnik,F,AAAP,AAAP,6424,1612739
Maharashtra,2014,7,Amravati ,SC,Raju S. Mankar,M,IND,IND,7873,1612739
Maharashtra,2014,7,Amravati ,SC,Raju Mahadeorao Sonone,M,IND,IND,10052,1612739
Maharashtra,2014,7,Amravati ,SC,Dr.Rajendra Ramkrishna Gawai,M,RPI,RPI,54278,1612739
Maharashtra,2014,7,Amravati ,SC,Gunwant Sudamrao Devpare,M,BSP,BSP,98200,1612739
Maharashtra,2014,7,Amravati ,SC,Navneet Ravi Rana,F,NCP,NCP,329280,1612739
Maharashtra,2014,7,Amravati ,SC,Adsul Anandrao Vithoba,M,SHS,SHS,467212,1612739
Maharashtra,2014,8,Wardha,GEN,Arvind Shamrao Lillore,M,IND,IND,614,1564552
Maharashtra,2014,8,Wardha,GEN,Sanjaybhau Narayanrao Chidam,M,IND,IND,770,1564552
Maharashtra,2014,8,Wardha,GEN,Jagdish Bhagwan Kadu,M,IND,IND,853,1564552
Maharashtra,2014,8,Wardha,GEN,Deepaksingh Tryambakrao Deshmukh,M,IND,IND,1122,1564552
Maharashtra,2014,8,Wardha,GEN,Sachin Pandurangji Raut Alias Gurubhau,M,IND,IND,1245,1564552
Maharashtra,2014,8,Wardha,GEN,Deshmukh Jaideep Rajendra,M,IND,IND,1431,1564552
Maharashtra,2014,8,Wardha,GEN,Dr. Ankush Vijayrao Nawale,M,SP,SP,1858,1564552
Maharashtra,2014,8,Wardha,GEN,Tadas Vilas Krushnaji,M,IND,IND,2124,1564552
Maharashtra,2014,8,Wardha,GEN,Kishor Rambhau Kinkar,M,BMUP,BMUP,2518,1564552
Maharashtra,2014,8,Wardha,GEN,Narendra Chinduji Meshram,M,GGP,GGP,2627,1564552
Maharashtra,2014,8,Wardha,GEN,Raut Jaganath Nilkanth,M,IND,IND,2638,1564552
Maharashtra,2014,8,Wardha,GEN,Bhaskar Marotrao Neware,M,IND,IND,3156,1564552
Maharashtra,2014,8,Wardha,GEN,None Of The Above,,NOTA,NOTA,3343,1564552
Maharashtra,2014,8,Wardha,GEN,Shambaba Alias Shamsundar Panjabrao Nichit,M,IND,IND,3440,1564552
Maharashtra,2014,8,Wardha,GEN,Ravi Alias Shailesh Ganeshrao Yelne,M,IND,IND,3881,1564552
Maharashtra,2014,8,Wardha,GEN,Shambharkar Rajendra Gulabrao,M,IND,IND,4436,1564552
Maharashtra,2014,8,Wardha,GEN,Manish Vinayakrao Telrandhe,M,IND,IND,5127,1564552
Maharashtra,2014,8,Wardha,GEN,Ubale Shrikrushna Champatrao,M,ARP,ARP,6405,1564552
Maharashtra,2014,8,Wardha,GEN,Mohd. Alim Patel Mohd. Wahid,M,AAAP,AAAP,15738,1564552
Maharashtra,2014,8,Wardha,GEN,Chetan Bhimraj Pendam,M,BSP,BSP,90866,1564552
Maharashtra,2014,8,Wardha,GEN,Meghe Sagar Dattatraya,M,INC,INC,321735,1564552
Maharashtra,2014,8,Wardha,GEN,Ramdas Chandrabhanji Tadas,M,BJP,BJP,537518,1564552
Maharashtra,2014,9,Ramtek ,SC,Rahul Sheshraoji Meshram,M,IND,IND,1189,1677266
Maharashtra,2014,9,Ramtek ,SC,Pankaj Sewakram Masurkar,M,HJP,HJP,1453,1677266
Maharashtra,2014,9,Ramtek ,SC,Rahulkant Alias Ramesh Sinha,M,IND,IND,1542,1677266
Maharashtra,2014,9,Ramtek ,SC,Com. Bandu Ramchandra Meshram,M,CPIM,CPIM,1602,1677266
Maharashtra,2014,9,Ramtek ,SC,Lokhande Ganesh Haibatrao,M,IND,IND,1735,1677266
Maharashtra,2014,9,Ramtek ,SC,Dr. Sunilbhau Vishwanathji Narnavre,M,RPI(KH),RPI(KH),2310,1677266
Maharashtra,2014,9,Ramtek ,SC,Sandesh Bhivram Bhalekar,M,AIFB,AIFB,2424,1677266
Maharashtra,2014,9,Ramtek ,SC,Nilesh Mahadeo Dhoke,M,IND,IND,2537,1677266
Maharashtra,2014,9,Ramtek ,SC,Dr. Sandeep Natthuji Nandeshwar,M,BBM,BBM,2640,1677266
Maharashtra,2014,9,Ramtek ,SC,Chaware Maya Namdeo,F,SP,SP,2682,1677266
Maharashtra,2014,9,Ramtek ,SC,Naresh Mahadeo Patil,M,BMUP,BMUP,2841,1677266
Maharashtra,2014,9,Ramtek ,SC,Khobragade Chandrabhan Jairam,M,IND,IND,2925,1677266
Maharashtra,2014,9,Ramtek ,SC,Gurudas Uddhav Bawane,M,IND,IND,3419,1677266
Maharashtra,2014,9,Ramtek ,SC,Dhimati Vidya Kishor Bhimte,F,APoI,APoI,3634,1677266
Maharashtra,2014,9,Ramtek ,SC,Dongre Ashok Namaji,M,IND,IND,3999,1677266
Maharashtra,2014,9,Ramtek ,SC,Prof. Dr. Natthu Madhao Lokhande,M,IND,IND,4756,1677266
Maharashtra,2014,9,Ramtek ,SC,None Of The Above,,NOTA,NOTA,4816,1677266
Maharashtra,2014,9,Ramtek ,SC,Ganesh Bapurao Patil,M,GGP,GGP,6222,1677266
Maharashtra,2014,9,Ramtek ,SC,Tumane Gopal Ajabrao,M,IND,IND,6304,1677266
Maharashtra,2014,9,Ramtek ,SC,Goutam Shriram Wasnik,M,IND,IND,6353,1677266
Maharashtra,2014,9,Ramtek ,SC,Pratap Goswami,M,AAAP,AAAP,25889,1677266
Maharashtra,2014,9,Ramtek ,SC,Kiran Prem Kumar Rodge (Patankar),F,BSP,BSP,95051,1677266
Maharashtra,2014,9,Ramtek ,SC,Mukul Wasnik,M,INC,INC,344101,1677266
Maharashtra,2014,9,Ramtek ,SC,Krupal Balaji Tumane,M,SHS,SHS,519892,1677266
Maharashtra,2014,10,Nagpur ,GEN,Ateeque Ahmad Malik,M,IND,IND,373,1900784
Maharashtra,2014,10,Nagpur ,GEN,Dhiraj Jaidev Gajbhiye,M,IND,IND,390,1900784
Maharashtra,2014,10,Nagpur ,GEN,Dilip Narayan Bhorkar,M,IND,IND,415,1900784
Maharashtra,2014,10,Nagpur ,GEN,Babulal Sundarlal Banjare,M,IND,IND,419,1900784
Maharashtra,2014,10,Nagpur ,GEN,Dr. Dharmendra Mandlik (Parate),M,HJP,HJP,426,1900784
Maharashtra,2014,10,Nagpur ,GEN,Pankaj Prafulkumar Bhansali,M,IND,IND,439,1900784
Maharashtra,2014,10,Nagpur ,GEN,Shahid Sharif,M,JD(U),JD(U),452,1900784
Maharashtra,2014,10,Nagpur ,GEN,Bashir Khan,M,MNDP,MNDP,466,1900784
Maharashtra,2014,10,Nagpur ,GEN,Chimote Rammurti Keshvrao,M,GGP,GGP,528,1900784
Maharashtra,2014,10,Nagpur ,GEN,Rajesh Suresh Sadhankar,M,IND,IND,537,1900784
Maharashtra,2014,10,Nagpur ,GEN,Baburao Damaduji Meshram,M,IND,IND,539,1900784
Maharashtra,2014,10,Nagpur ,GEN,Shakil Wasi Ahamad,M,IND,IND,542,1900784
Maharashtra,2014,10,Nagpur ,GEN,Ajaz Khan,M,IND,IND,542,1900784
Maharashtra,2014,10,Nagpur ,GEN,Phusey Ghanshyam Ramaji,M,RPI,RPI,655,1900784
Maharashtra,2014,10,Nagpur ,GEN,Anita Nagdigambar Tekam,F,IND,IND,660,1900784
Maharashtra,2014,10,Nagpur ,GEN,Mohan Marotrao Karemore,M,IND,IND,665,1900784
Maharashtra,2014,10,Nagpur ,GEN,Adv. Suresh Shinde,M,IND,IND,677,1900784
Maharashtra,2014,10,Nagpur ,GEN,Ravindra Manik Borkar,M,IND,IND,760,1900784
Maharashtra,2014,10,Nagpur ,GEN,Gaus Mohammed Sheikh Ayyub Sheikh,M,IND,IND,784,1900784
Maharashtra,2014,10,Nagpur ,GEN,Jivan Ramteke,M,IND,IND,807,1900784
Maharashtra,2014,10,Nagpur ,GEN,Sunil Dattu Pendor,M,BMUP,BMUP,836,1900784
Maharashtra,2014,10,Nagpur ,GEN,Somkuvar Vijay Sitaram,M,IND,IND,1077,1900784
Maharashtra,2014,10,Nagpur ,GEN,Shridhar Narayan Salve,M,IND,IND,1187,1900784
Maharashtra,2014,10,Nagpur ,GEN,Ansari Javed Ahemad,M,DESEP,DESEP,1262,1900784
Maharashtra,2014,10,Nagpur ,GEN,Dr. Pradeep Rambhauji Nagrale,M,APoI,APoI,1366,1900784
Maharashtra,2014,10,Nagpur ,GEN,Chanda Sudhir Manwatkar,F,IND,IND,1880,1900784
Maharashtra,2014,10,Nagpur ,GEN,Senapati Uttam Sapan,O,IND,IND,2017,1900784
Maharashtra,2014,10,Nagpur ,GEN,Kanphade Rajendrakumar Ex. Additional Collector,M,IND,IND,2269,1900784
Maharashtra,2014,10,Nagpur ,GEN,Kavita Vinodkumar Tibdiwal,F,IND,IND,2408,1900784
Maharashtra,2014,10,Nagpur ,GEN,None Of The Above,,NOTA,NOTA,3460,1900784
Maharashtra,2014,10,Nagpur ,GEN,Anjali Anish Damania,F,AAAP,AAAP,69081,1900784
Maharashtra,2014,10,Nagpur ,GEN,Dr. Mohan Ramrao Gaikwad,M,BSP,BSP,96433,1900784
Maharashtra,2014,10,Nagpur ,GEN,Vilas Muttemwar,M,INC,INC,302919,1900784
Maharashtra,2014,10,Nagpur ,GEN,Gadkari Nitin Jairam,M,BJP,BJP,587767,1900784
Maharashtra,2014,11,Bhandara - Gondiya,GEN,Wadhave Damodhar Natthu,M,IND,IND,577,1655852
Maharashtra,2014,11,Bhandara - Gondiya,GEN,Varsha Govind Tidke,F,IND,IND,594,1655852
Maharashtra,2014,11,Bhandara - Gondiya,GEN,Mirza Vahed Beg Ahmadbeg,M,IND,IND,899,1655852
Maharashtra,2014,11,Bhandara - Gondiya,GEN,Ranjeet Amardas Sukhdeve,M,ASP,ASP,987,1655852
Maharashtra,2014,11,Bhandara - Gondiya,GEN,Jitendra Aadkuji Raut,M,ABMP,ABMP,1077,1655852
Maharashtra,2014,11,Bhandara - Gondiya,GEN,Thakare Rameshwar (Rameshwar) Sundarlal,M,SP,SP,1260,1655852
Maharashtra,2014,11,Bhandara - Gondiya,GEN,Mate Manohar Alias Mama,M,IND,IND,1380,1655852
Maharashtra,2014,11,Bhandara - Gondiya,GEN,Raman Motiram Bansod,M,APoI,APoI,1429,1655852
Maharashtra,2014,11,Bhandara - Gondiya,GEN,Sushma Vitthal Nagpure,F,IND,IND,1477,1655852
Maharashtra,2014,11,Bhandara - Gondiya,GEN,Daharwal Ganeshdeo Raghuji,M,GGP,GGP,1542,1655852
Maharashtra,2014,11,Bhandara - Gondiya,GEN,Dr.Kohapare Harshawardhan Muneshwar,M,BMUP,BMUP,1544,1655852
Maharashtra,2014,11,Bhandara - Gondiya,GEN,Sayyad Afjalali Alias Chhanubhai,M,MNDP,MNDP,1578,1655852
Maharashtra,2014,11,Bhandara - Gondiya,GEN,Bante Jitendra Ramaji,M,IND,IND,1729,1655852
Maharashtra,2014,11,Bhandara - Gondiya,GEN,Arun Nagorao Gajbhiye,M,IND,IND,1876,1655852
Maharashtra,2014,11,Bhandara - Gondiya,GEN,Patle Anjali Agastikumar,F,BBM,BBM,1955,1655852
Maharashtra,2014,11,Bhandara - Gondiya,GEN,None Of The Above,,NOTA,NOTA,4032,1655852
Maharashtra,2014,11,Bhandara - Gondiya,GEN,Vishal Arvind Bhoyar,M,IND,IND,4169,1655852
Maharashtra,2014,11,Bhandara - Gondiya,GEN,Chole Omprakash Bakaram,M,IND,IND,4417,1655852
Maharashtra,2014,11,Bhandara - Gondiya,GEN,Ishwar Lahanu Nandagawali,M,IND,IND,5941,1655852
Maharashtra,2014,11,Bhandara - Gondiya,GEN,Dhananjay Shamlalji Rajabhoj,M,IND,IND,6128,1655852
Maharashtra,2014,11,Bhandara - Gondiya,GEN,Prashant Shyamsundar Mishra,M,AAAP,AAAP,8647,1655852
Maharashtra,2014,11,Bhandara - Gondiya,GEN,Zanzad Shalikram Shankarrao,M,IND,IND,9736,1655852
Maharashtra,2014,11,Bhandara - Gondiya,GEN,Moreshwar Ramaji Meshram,M,IND,IND,10127,1655852
Maharashtra,2014,11,Bhandara - Gondiya,GEN,Adv.Dadasaheb Alias Dhanu Bhikaji Walthare,M,IND,IND,10133,1655852
Maharashtra,2014,11,Bhandara - Gondiya,GEN,Eng. Sanjay Raghunath Nasare,M,BSP,BSP,50958,1655852
Maharashtra,2014,11,Bhandara - Gondiya,GEN,Patel Praful Manoharbhai,M,NCP,NCP,456875,1655852
Maharashtra,2014,11,Bhandara - Gondiya,GEN,Nanabhau Falgunrao Patole,M,BJP,BJP,606129,1655852
Maharashtra,2014,12,Gadchiroli-Chimur,ST,Adv. Prabhakar Mahaguji Dadmal,M,RPI,RPI,3422,1468437
Maharashtra,2014,12,Gadchiroli-Chimur,ST,Diwakar Pendam (Ex. Serviceman),M,BMUP,BMUP,3730,1468437
Maharashtra,2014,12,Gadchiroli-Chimur,ST,Vinod Ankush Nannaware,M,SP,SP,4287,1468437
Maharashtra,2014,12,Gadchiroli-Chimur,ST,Dandekar Baburao Laxman,M,IND,IND,6470,1468437
Maharashtra,2014,12,Gadchiroli-Chimur,ST,Deorao Monba Nannaware,M,APoI,APoI,6606,1468437
Maharashtra,2014,12,Gadchiroli-Chimur,ST,Satish Gokuldas Pendam,M,AITC,AITC,8156,1468437
Maharashtra,2014,12,Gadchiroli-Chimur,ST,Namdeo Anandrao Kannake,M,CPI,CPI,22512,1468437
Maharashtra,2014,12,Gadchiroli-Chimur,ST,None Of The Above,,NOTA,NOTA,24488,1468437
Maharashtra,2014,12,Gadchiroli-Chimur,ST,Dr. Gajbe Rameshkumar Baburaoji,M,AAAP,AAAP,45458,1468437
Maharashtra,2014,12,Gadchiroli-Chimur,ST,Ramrao Govinda Nannaware,M,BSP,BSP,66906,1468437
Maharashtra,2014,12,Gadchiroli-Chimur,ST,Dr. Namdeo Dalluji Usendi,M,INC,INC,299112,1468437
Maharashtra,2014,12,Gadchiroli-Chimur,ST,Ashok Mahadeorao Nete,M,BJP,BJP,535982,1468437
Maharashtra,2014,13,Chandrapur,GEN,Sanjay Nilkanth Gawande,M,IND,IND,2167,1753690
Maharashtra,2014,13,Chandrapur,GEN,Siddharth Raut,M,PRCP,PRCP,2188,1753690
Maharashtra,2014,13,Chandrapur,GEN,Atul Ashok Munginwar,M,IND,IND,2693,1753690
Maharashtra,2014,13,Chandrapur,GEN,Ghaywan Roshan Jambuwantrao,M,RP(K),RP(K),2736,1753690
Maharashtra,2014,13,Chandrapur,GEN,Pankajkumar Sharma,M,AITC,AITC,3216,1753690
Maharashtra,2014,13,Chandrapur,GEN,Nitin Vasant Pohane,M,LB,LB,3772,1753690
Maharashtra,2014,13,Chandrapur,GEN,Kartik Gajanan Kodape,M,IND,IND,3879,1753690
Maharashtra,2014,13,Chandrapur,GEN,Qureshi M. Ekhalak M. Yusuf,M,SP(I),SP(I),4176,1753690
Maharashtra,2014,13,Chandrapur,GEN,Firaj Pathan,M,BMUP,BMUP,4341,1753690
Maharashtra,2014,13,Chandrapur,GEN,Nandkishor Gangaram Rangari,M,APoI,APoI,4850,1753690
Maharashtra,2014,13,Chandrapur,GEN,Namdeo Shedmake,M,IND,IND,5829,1753690
Maharashtra,2014,13,Chandrapur,GEN,None Of The Above,,NOTA,NOTA,8257,1753690
Maharashtra,2014,13,Chandrapur,GEN,Ashok Vithoba Khandale,M,RPI,RPI,8302,1753690
Maharashtra,2014,13,Chandrapur,GEN,Vinod Dinanath Meshram,M,IND,IND,8936,1753690
Maharashtra,2014,13,Chandrapur,GEN,Pramod Mangaruji Sorte,M,IND,IND,10930,1753690
Maharashtra,2014,13,Chandrapur,GEN,Kumbhare Hansraj Gulab,M,BSP,BSP,49229,1753690
Maharashtra,2014,13,Chandrapur,GEN,Chatap Wamanrao Sadashiv,M,AAAP,AAAP,204413,1753690
Maharashtra,2014,13,Chandrapur,GEN,Deotale Sanjay Wamanrao,M,INC,INC,271780,1753690
Maharashtra,2014,13,Chandrapur,GEN,Ahir Hansraj Gangaram,M,BJP,BJP,508049,1753690
Maharashtra,2014,14,Yavatmal-Washim,GEN,Patil Upendra Babarao,M,IND,IND,895,1755292
Maharashtra,2014,14,Yavatmal-Washim,GEN,Meshram Dnyaneshwar Tukaram,M,IND,IND,1036,1755292
Maharashtra,2014,14,Yavatmal-Washim,GEN,Shyamkumar Bapurao Lokhande,M,IND,IND,1218,1755292
Maharashtra,2014,14,Yavatmal-Washim,GEN,Kamble Uttam Bhagaji,M,PRCP,PRCP,1402,1755292
Maharashtra,2014,14,Yavatmal-Washim,GEN,Prashant Pandharinath Surve,M,IND,IND,1558,1755292
Maharashtra,2014,14,Yavatmal-Washim,GEN,Raghunath Shankarrao Shelke,M,ARP,ARP,1911,1755292
Maharashtra,2014,14,Yavatmal-Washim,GEN,Suresh Rajaram Mukhmale,M,MVA,MVA,2130,1755292
Maharashtra,2014,14,Yavatmal-Washim,GEN,Shaikh Jabbar Shaikh Usuf,M,IND,IND,2172,1755292
Maharashtra,2014,14,Yavatmal-Washim,GEN,Chavan Vinod Narayan,M,IND,IND,2177,1755292
Maharashtra,2014,14,Yavatmal-Washim,GEN,Sawake Ramkrushna Pundlikrao,M,CPIM,CPIM,2193,1755292
Maharashtra,2014,14,Yavatmal-Washim,GEN,Gurnule Ramesh Vithoba,M,IND,IND,2484,1755292
Maharashtra,2014,14,Yavatmal-Washim,GEN,Prakash Raghunath Raut,M,IND,IND,2514,1755292
Maharashtra,2014,14,Yavatmal-Washim,GEN,Ahmad Parvez Iqbal Ahmad Nur Mohammad,M,SP,SP,3262,1755292
Maharashtra,2014,14,Yavatmal-Washim,GEN,Naresh Mahadeorao Gughane,M,IND,IND,3422,1755292
Maharashtra,2014,14,Yavatmal-Washim,GEN,Sudhakar Namdeorao Ghayawan,M,RPI(KH),RPI(KH),3602,1755292
Maharashtra,2014,14,Yavatmal-Washim,GEN,Rathod Induwar Kashiram,M,BMUP,BMUP,4627,1755292
Maharashtra,2014,14,Yavatmal-Washim,GEN,Dhote Jambuwantrao Bapurao,M,AIFB,AIFB,4708,1755292
Maharashtra,2014,14,Yavatmal-Washim,GEN,None Of The Above,,NOTA,NOTA,5583,1755292
Maharashtra,2014,14,Yavatmal-Washim,GEN,Abrar Ahmad Mahmud Khan,M,WPOI,WPOI,5672,1755292
Maharashtra,2014,14,Yavatmal-Washim,GEN,Rathod Naresh Fulsing,M,AAAP,AAAP,6423,1755292
Maharashtra,2014,14,Yavatmal-Washim,GEN,Ulhas Vasramji Jadhao,M,IND,IND,7166,1755292
Maharashtra,2014,14,Yavatmal-Washim,GEN,Gaikawad Rajendra Vitthal,M,IND,IND,7482,1755292
Maharashtra,2014,14,Yavatmal-Washim,GEN,Rathod Mohan Mallu,M,BBM,BBM,22143,1755292
Maharashtra,2014,14,Yavatmal-Washim,GEN,Raju Or Bharatraje Uddhaorao Patil,M,MNS,MNS,26194,1755292
Maharashtra,2014,14,Yavatmal-Washim,GEN,Rathod Baliram Parashram,M,BSP,BSP,48981,1755292
Maharashtra,2014,14,Yavatmal-Washim,GEN,Adv.Shivajirao Shivaramji Moghe,M,INC,INC,384089,1755292
Maharashtra,2014,14,Yavatmal-Washim,GEN,Gawali Bhavana Pundlikrao,F,SHS,SHS,477905,1755292
Maharashtra,2014,15,Hingoli ,GEN,Suryawanshi Ashok Bhagwanrao,M,IND,IND,1292,1586194
Maharashtra,2014,15,Hingoli ,GEN,Suraj Vishwanath Kondarwad,M,IND,IND,1322,1586194
Maharashtra,2014,15,Hingoli ,GEN,Santosh Namdeorao Sagne,M,AwVP,AwVP,1526,1586194
Maharashtra,2014,15,Hingoli ,GEN,Desai Pandurang Devrao,M,JD(S),JD(S),1675,1586194
Maharashtra,2014,15,Hingoli ,GEN,Naikwade Digambar Gunaji,M,IND,IND,2049,1586194
Maharashtra,2014,15,Hingoli ,GEN,Uttam Rathod,M,IND,IND,2147,1586194
Maharashtra,2014,15,Hingoli ,GEN,Deshmukh Balasaheb Desai,M,IND,IND,2154,1586194
Maharashtra,2014,15,Hingoli ,GEN,Ghunnar Prakash Vitthalrao,M,IND,IND,2497,1586194
Maharashtra,2014,15,Hingoli ,GEN,Bharose Anant Ramrao,M,IND,IND,2506,1586194
Maharashtra,2014,15,Hingoli ,GEN,Shaikh Nayeem Shaikh Lal,M,SP,SP,2514,1586194
Maharashtra,2014,15,Hingoli ,GEN,None Of The Above,,NOTA,NOTA,3107,1586194
Maharashtra,2014,15,Hingoli ,GEN,Devji Gangaram Asole,M,IND,IND,3165,1586194
Maharashtra,2014,15,Hingoli ,GEN,Satav Raju Shankar,M,IND,IND,3522,1586194
Maharashtra,2014,15,Hingoli ,GEN,Principal Dr.Vithal Namdeorao Kadam,M,AAAP,AAAP,3729,1586194
Maharashtra,2014,15,Hingoli ,GEN,Satav Atmaram Raghoji,M,IND,IND,5000,1586194
Maharashtra,2014,15,Hingoli ,GEN,Wankhede Subhash,M,IND,IND,6157,1586194
Maharashtra,2014,15,Hingoli ,GEN,Wankhede Subhash Nagorao,M,JD(U),JD(U),6284,1586194
Maharashtra,2014,15,Hingoli ,GEN,Dhabe Uttam Maroti,M,IND,IND,7878,1586194
Maharashtra,2014,15,Hingoli ,GEN,Ramrao Harising Rathod,M,BBM,BBM,9577,1586194
Maharashtra,2014,15,Hingoli ,GEN,Uttamrao Pandurang Rathod,M,BMUP,BMUP,9770,1586194
Maharashtra,2014,15,Hingoli ,GEN,D.B.Naik,M,CPM,CPM,14986,1586194
Maharashtra,2014,15,Hingoli ,GEN,Jadhav Chunnilal Mohan,M,BSP,BSP,25145,1586194
Maharashtra,2014,15,Hingoli ,GEN,Wankhede Subhash Bapurao,M,SHS,SHS,465765,1586194
Maharashtra,2014,15,Hingoli ,GEN,Rajeev Shankarrao Satav,M,INC,INC,467397,1586194
Maharashtra,2014,16,Nanded,GEN,Venugopal Shastri Tumuluri S/O Ramkrishna,M,IND,IND,1040,1687057
Maharashtra,2014,16,Nanded,GEN,Shaikh Afzaluddin Azeemuddin,M,LB,LB,1065,1687057
Maharashtra,2014,16,Nanded,GEN,Adv. Deelip Prabhakarrao Kulkarni (Phulwalkar),M,IND,IND,1285,1687057
Maharashtra,2014,16,Nanded,GEN,Sayyed Tanveer Sayyadhamaja,M,MBT,MBT,1288,1687057
Maharashtra,2014,16,Nanded,GEN,Adv. Dhondopant Nagorao Hanumante,M,IND,IND,1473,1687057
Maharashtra,2014,16,Nanded,GEN,Hanmante Vijay Chandrao,M,IND,IND,1479,1687057
Maharashtra,2014,16,Nanded,GEN,Altaf Ahmed Iqbal Ahmed,M,IUML,IUML,1547,1687057
Maharashtra,2014,16,Nanded,GEN,Sontakke Laxman Kishan,M,IND,IND,1667,1687057
Maharashtra,2014,16,Nanded,GEN,Shinde Balaji Vishwanathrao,M,SP,SP,1724,1687057
Maharashtra,2014,16,Nanded,GEN,Ghunnar Prakash Vithalrao,M,IND,IND,1753,1687057
Maharashtra,2014,16,Nanded,GEN,Pathan Zafar Alikhan Mehmood Alikhan,M,IND,IND,1993,1687057
Maharashtra,2014,16,Nanded,GEN,Dattaram Balaji Surwanshi,M,IND,IND,2882,1687057
Maharashtra,2014,16,Nanded,GEN,Ramchandra Gangaram Bharande,M,IND,IND,3067,1687057
Maharashtra,2014,16,Nanded,GEN,None Of The Above,,NOTA,NOTA,3155,1687057
Maharashtra,2014,16,Nanded,GEN,Granthi Narendrasingh Anmolsingh,M,AAAP,AAAP,3397,1687057
Maharashtra,2014,16,Nanded,GEN,Ramchandra Gyanoba Sawant,M,BBM,BBM,4206,1687057
Maharashtra,2014,16,Nanded,GEN,Mohd. Maroof Ab. Rauf,M,IND,IND,4771,1687057
Maharashtra,2014,16,Nanded,GEN,Bochare Shankar Mahadji,M,IND,IND,5694,1687057
Maharashtra,2014,16,Nanded,GEN,Panjabrao Shrihari Wadje Patil,M,IND,IND,5825,1687057
Maharashtra,2014,16,Nanded,GEN,Feroz Khan Gazi,M,IND,IND,8088,1687057
Maharashtra,2014,16,Nanded,GEN,Dr. Hansraj Dadaraoji Vaidya,M,BSP,BSP,22809,1687057
Maharashtra,2014,16,Nanded,GEN,Rajratna Ambedkar,M,BMUP,BMUP,28447,1687057
Maharashtra,2014,16,Nanded,GEN,D. B. Patil,M,BJP,BJP,411620,1687057
Maharashtra,2014,16,Nanded,GEN,Ashok Shankarrao Chavan,M,INC,INC,493075,1687057
Maharashtra,2014,17,Parbhani,GEN,Ashok Babarao (Ambhore) Dudhgaonkar,M,ANC,ANC,1869,1803792
Maharashtra,2014,17,Parbhani,GEN,Sayed Abdul Rahim,M,WPOI,WPOI,2492,1803792
Maharashtra,2014,17,Parbhani,GEN,Sk. Saleem,M,MBT,MBT,2947,1803792
Maharashtra,2014,17,Parbhani,GEN,Ramrao Dhansing Rathod Sir Nirankari,M,IND,IND,3120,1803792
Maharashtra,2014,17,Parbhani,GEN,Pramod Maroti Panditkar,M,IND,IND,4103,1803792
Maharashtra,2014,17,Parbhani,GEN,Salma Shriniwas Kulkarni,F,AAAP,AAAP,4449,1803792
Maharashtra,2014,17,Parbhani,GEN,Kajale Pradip Mahadev,M,IND,IND,4781,1803792
Maharashtra,2014,17,Parbhani,GEN,Adv. Ajay Sitaram Karande Patil,M,SP,SP,5507,1803792
Maharashtra,2014,17,Parbhani,GEN,Baban (Anna) Muley,M,BMUP,BMUP,5836,1803792
Maharashtra,2014,17,Parbhani,GEN,Udhav Rangrao Pawar (Patil),M,IND,IND,6154,1803792
Maharashtra,2014,17,Parbhani,GEN,Comred Bhise Ganpat Devrao,M,IND,IND,7251,1803792
Maharashtra,2014,17,Parbhani,GEN,Md. Iliyas Md. Amir Maniyar,M,BBM,BBM,8006,1803792
Maharashtra,2014,17,Parbhani,GEN,Nisar Subhan Khan Pathan,M,IND,IND,12341,1803792
Maharashtra,2014,17,Parbhani,GEN,Comrade Rajan Kshirsagar,M,CPI,CPI,12404,1803792
Maharashtra,2014,17,Parbhani,GEN,None Of The Above,,NOTA,NOTA,17502,1803792
Maharashtra,2014,17,Parbhani,GEN,Gulmir Khan,M,BSP,BSP,33716,1803792
Maharashtra,2014,17,Parbhani,GEN,Bhambale Vijay Manikrao,M,NCP,NCP,451300,1803792
Maharashtra,2014,17,Parbhani,GEN,Jadhav Sanjay (Bandu) Haribhau,M,SHS,SHS,578455,1803792
Maharashtra,2014,18,Jalna,GEN,Sapkal Lilabai Dharma,F,IND,IND,1110,1612056
Maharashtra,2014,18,Jalna,GEN,Rambhau Vitthal Chinchore,M,IND,IND,1120,1612056
Maharashtra,2014,18,Jalna,GEN,Mohammad Asad Shaikh Ahemad,M,MNDP,MNDP,1342,1612056
Maharashtra,2014,18,Jalna,GEN,Sayyad Husain Ahmad,M,IND,IND,1655,1612056
Maharashtra,2014,18,Jalna,GEN,Sanjay Nivrutti Hivrale,M,ANC,ANC,1821,1612056
Maharashtra,2014,18,Jalna,GEN,Ashok Vitthal Sonwane,M,IND,IND,1894,1612056
Maharashtra,2014,18,Jalna,GEN,Ad. Mahesh Vitthalrao Kharat,M,IND,IND,1967,1612056
Maharashtra,2014,18,Jalna,GEN,Unge Rambhau Kundlik,M,IND,IND,2240,1612056
Maharashtra,2014,18,Jalna,GEN,Rathod Ramesh Lalsing,M,BMUP,BMUP,2462,1612056
Maharashtra,2014,18,Jalna,GEN,Mirza Afsar Beg,M,WPOI,WPOI,2467,1612056
Maharashtra,2014,18,Jalna,GEN,Karande Ganesh Navnathrao,M,IND,IND,2874,1612056
Maharashtra,2014,18,Jalna,GEN,Rambhau Haribhau Ugle,M,RSSDP,RSSDP,3283,1612056
Maharashtra,2014,18,Jalna,GEN,Agrawal Kunjbihari Jugalkishor,M,SP,SP,3469,1612056
Maharashtra,2014,18,Jalna,GEN,None Of The Above,,NOTA,NOTA,4128,1612056
Maharashtra,2014,18,Jalna,GEN,Kakarwal Pratapsing Mahajan,M,IND,IND,4237,1612056
Maharashtra,2014,18,Jalna,GEN,Vitthal Sahebrao Shelke,M,APoI,APoI,4587,1612056
Maharashtra,2014,18,Jalna,GEN,Dilip Datta Mhaske,M,AAAP,AAAP,4622,1612056
Maharashtra,2014,18,Jalna,GEN,Babasaheb Patil Shinde,M,IND,IND,6547,1612056
Maharashtra,2014,18,Jalna,GEN,Nade Dnyaneshwar Dagduji,M,IND,IND,6953,1612056
Maharashtra,2014,18,Jalna,GEN,M. Javed A. Wahab,M,IND,IND,7704,1612056
Maharashtra,2014,18,Jalna,GEN,Dr. Wankhede Sharadchandra Ganapatrao,M,BSP,BSP,23719,1612056
Maharashtra,2014,18,Jalna,GEN,Autade Vilas Keshavrao,M,INC,INC,384630,1612056
Maharashtra,2014,18,Jalna,GEN,Danve Raosaheb Dadarao,M,BJP,BJP,591428,1612056
Maharashtra,2014,19,Aurangabad,GEN,Balasaheb Vitthal Aware,M,IND,IND,614,1589395
Maharashtra,2014,19,Aurangabad,GEN,Jawaharlal Laxman Bhagure,M,IND,IND,878,1589395
Maharashtra,2014,19,Aurangabad,GEN,Balasaheb Asaram Sarate,M,IND,IND,880,1589395
Maharashtra,2014,19,Aurangabad,GEN,Banswal Mannalal Premchand,M,PRCP,PRCP,893,1589395
Maharashtra,2014,19,Aurangabad,GEN,Bhanudas Ramdas Sarode,M,IND,IND,934,1589395
Maharashtra,2014,19,Aurangabad,GEN,Dr. Feroz Khan Murtuza Khan,M,IND,IND,978,1589395
Maharashtra,2014,19,Aurangabad,GEN,Jadhav Pushpa Shantilal,F,ANC,ANC,1038,1589395
Maharashtra,2014,19,Aurangabad,GEN,Mohmmad Kismatwala Kasim Kismatwala,M,GaAP,GaAP,1201,1589395
Maharashtra,2014,19,Aurangabad,GEN,Raju Baburao Dole,M,IND,IND,1238,1589395
Maharashtra,2014,19,Aurangabad,GEN,Nandarkar Vishal Uddhav,M,IND,IND,1306,1589395
Maharashtra,2014,19,Aurangabad,GEN,Jagdip Vishwanath Shinde,M,IND,IND,1530,1589395
Maharashtra,2014,19,Aurangabad,GEN,Ahamad Aziz Ahamad Mateen,M,IND,IND,1572,1589395
Maharashtra,2014,19,Aurangabad,GEN,Shaik Sayyad Shaik Mahmood,M,IND,IND,1581,1589395
Maharashtra,2014,19,Aurangabad,GEN,Bansode Udhav Govardhan,M,IND,IND,1795,1589395
Maharashtra,2014,19,Aurangabad,GEN,Ankush Munjaji Tupsamundre,M,IND,IND,2019,1589395
Maharashtra,2014,19,Aurangabad,GEN,Kailas Chandrabhan Thengde,M,IND,IND,2123,1589395
Maharashtra,2014,19,Aurangabad,GEN,Phulare Suresh Asaram,M,IND,IND,2520,1589395
Maharashtra,2014,19,Aurangabad,GEN,Gayake Sadashiv Ambadas,M,SP,SP,2646,1589395
Maharashtra,2014,19,Aurangabad,GEN,Sayyad Shafiyoddin Vahiyoddin,M,WPOI,WPOI,2885,1589395
Maharashtra,2014,19,Aurangabad,GEN,Nadeem Rana,M,IND,IND,2922,1589395
Maharashtra,2014,19,Aurangabad,GEN,Abdul Khudus Abdul Samad Shaikh,M,BMUP,BMUP,3775,1589395
Maharashtra,2014,19,Aurangabad,GEN,Dandge Nanasaheb Damodhar,M,IND,IND,5901,1589395
Maharashtra,2014,19,Aurangabad,GEN,Tribhuvan Madhukar Padmakar,M,IND,IND,6135,1589395
Maharashtra,2014,19,Aurangabad,GEN,None Of The Above,,NOTA,NOTA,6372,1589395
Maharashtra,2014,19,Aurangabad,GEN,Subhash Kalyanrao Lomte,M,AAAP,AAAP,11974,1589395
Maharashtra,2014,19,Aurangabad,GEN,Jevrikar Indrakumar Dnyanoba,M,BSP,BSP,37419,1589395
Maharashtra,2014,19,Aurangabad,GEN,Patil Nitin Suresh,M,INC,INC,358902,1589395
Maharashtra,2014,19,Aurangabad,GEN,Chandrakant Bhaurao Khaire,M,SHS,SHS,520902,1589395
Maharashtra,2014,20,Dindori ,ST,Bharat Kisan Mate,M,BMUP,BMUP,2024,1530208
Maharashtra,2014,20,Dindori ,ST,Kailas Sakharam More,M,IND,IND,3900,1530208
Maharashtra,2014,20,Dindori ,ST,Prof. Dnyaneshwar Damu Mali,M,AAAP,AAAP,4067,1530208
Maharashtra,2014,20,Dindori ,ST,Ajitdada Bhika Pawar,M,IND,IND,5177,1530208
Maharashtra,2014,20,Dindori ,ST,Prabhat Chindhu Sonawane,M,BBM,BBM,5578,1530208
Maharashtra,2014,20,Dindori ,ST,Gaikwad Abhijeet Kalyanrao,M,IND,IND,10267,1530208
Maharashtra,2014,20,Dindori ,ST,None Of The Above,,NOTA,NOTA,10897,1530208
Maharashtra,2014,20,Dindori ,ST,Mali Sharad Sahebrao,M,BSP,BSP,17724,1530208
Maharashtra,2014,20,Dindori ,ST,Com. Hemant Motiram Waghere,M,CPM,CPM,72599,1530208
Maharashtra,2014,20,Dindori ,ST,Dr. Bharati Pravin Pawar,F,NCP,NCP,295165,1530208
Maharashtra,2014,20,Dindori ,ST,Chavan Harishchandra Deoram,M,BJP,BJP,542784,1530208
Maharashtra,2014,21,Nashik,GEN,Pathan Ayub Maddekhan,M,IUML,IUML,697,1593774
Maharashtra,2014,21,Nashik,GEN,Pathan Sakhawatkha Yasinkha,M,BMUP,BMUP,845,1593774
Maharashtra,2014,21,Nashik,GEN,Prakash Girdhar Kanoje,M,IND,IND,1121,1593774
Maharashtra,2014,21,Nashik,GEN,Avhad Mahesh Zunjar,M,AIFB,AIFB,1204,1593774
Maharashtra,2014,21,Nashik,GEN,Maksud Iliyas Khan,M,IND,IND,1253,1593774
Maharashtra,2014,21,Nashik,GEN,Pramod Gyaniram Nathekar,M,IND,IND,1580,1593774
Maharashtra,2014,21,Nashik,GEN,Vishnu Ramdas Jadhav,M,IND,IND,1666,1593774
Maharashtra,2014,21,Nashik,GEN,Sarkate Devidas Piraji,M,IND,IND,3425,1593774
Maharashtra,2014,21,Nashik,GEN,Fasale Baban Namdeo,M,IND,IND,3792,1593774
Maharashtra,2014,21,Nashik,GEN,None Of The Above,,NOTA,NOTA,8916,1593774
Maharashtra,2014,21,Nashik,GEN,Vijay Baliram Pandhare,M,AAAP,AAAP,9672,1593774
Maharashtra,2014,21,Nashik,GEN,Adv. Tanaji Sukdeo Jaibhave,M,CPM,CPM,17154,1593774
Maharashtra,2014,21,Nashik,GEN,Dinkar Dharma Patil,M,BSP,BSP,20896,1593774
Maharashtra,2014,21,Nashik,GEN,Dr. Pradeep Pawar,M,MNS,MNS,63050,1593774
Maharashtra,2014,21,Nashik,GEN,Chhagan Bhujbal,M,NCP,NCP,307399,1593774
Maharashtra,2014,21,Nashik,GEN,Godse Hemant Tukaram,M,SHS,SHS,494735,1593774
Maharashtra,2014,22,Palghar ,ST,Kashinath Laxman Kokera,M,IND,IND,4327,1578149
Maharashtra,2014,22,Palghar ,ST,Mohan Barku Guhe,M,BBM,BBM,6691,1578149
Maharashtra,2014,22,Palghar ,ST,Sachin Damodar Shingda,M,IND,IND,7957,1578149
Maharashtra,2014,22,Palghar ,ST,Gavari Shyam Anant,M,BSP,BSP,8176,1578149
Maharashtra,2014,22,Palghar ,ST,Dilip Atmaram Dumada,M,BMUP,BMUP,10742,1578149
Maharashtra,2014,22,Palghar ,ST,Haribhau Soma Vartha,M,IND,IND,12974,1578149
Maharashtra,2014,22,Palghar ,ST,Pandurang Jethya Pardhi,M,AAAP,AAAP,16182,1578149
Maharashtra,2014,22,Palghar ,ST,None Of The Above,,NOTA,NOTA,21797,1578149
Maharashtra,2014,22,Palghar ,ST,Kharapade Ladakya Rupa,M,CPM,CPM,76890,1578149
Maharashtra,2014,22,Palghar ,ST,Baliram Sukur Jadhav,M,BVA,BVA,293681,1578149
Maharashtra,2014,22,Palghar ,ST,Adv. Chintaman Navasha Wanga,M,BJP,BJP,533201,1578149
Maharashtra,2014,23,Bhiwandi,GEN,Adv. Dr. Anita Balasaheb Kolekar,F,PRCP,PRCP,1376,1696584
Maharashtra,2014,23,Bhiwandi,GEN,Shah Abrar Ahmed Nazeer,M,PECP,PECP,2120,1696584
Maharashtra,2014,23,Bhiwandi,GEN,Ansari Jahid Mukhtar,M,BMUP,BMUP,2126,1696584
Maharashtra,2014,23,Bhiwandi,GEN,Engineer Navid Betab,M,IND,IND,2435,1696584
Maharashtra,2014,23,Bhiwandi,GEN,Yogesh Motiram Kathore,M,BBM,BBM,3058,1696584
Maharashtra,2014,23,Bhiwandi,GEN,Harishchandra Dattu Patil,M,IND,IND,4058,1696584
Maharashtra,2014,23,Bhiwandi,GEN,Suresh Kaluram Jadhav,M,IND,IND,5941,1696584
Maharashtra,2014,23,Bhiwandi,GEN,None Of The Above,,NOTA,NOTA,9311,1696584
Maharashtra,2014,23,Bhiwandi,GEN,Ansari Jalal Engineer,M,AAAP,AAAP,11055,1696584
Maharashtra,2014,23,Bhiwandi,GEN,Madhukar Vitthal Patil,M,CPI,CPI,13720,1696584
Maharashtra,2014,23,Bhiwandi,GEN,Ansari Mumtaz Abdul Satar,M,BSP,BSP,14068,1696584
Maharashtra,2014,23,Bhiwandi,GEN,Suresh (Balya Mama) Gopinath Mhatre,M,MNS,MNS,93647,1696584
Maharashtra,2014,23,Bhiwandi,GEN,Patil Vishwanath Ramchandra,M,INC,INC,301620,1696584
Maharashtra,2014,23,Bhiwandi,GEN,Kapil Moreshwar Patil,M,BJP,BJP,411070,1696584
Maharashtra,2014,24,Kalyan,GEN,Belamkar Milind Chandrakant,M,LB,LB,540,1922034
Maharashtra,2014,24,Kalyan,GEN,Sudhakar Narayan Shinde,M,APoI,APoI,726,1922034
Maharashtra,2014,24,Kalyan,GEN,Shiva Krishnamurthy Iyar,M,IND,IND,788,1922034
Maharashtra,2014,24,Kalyan,GEN,Dilip Prabhakar Aloni (Joshi),M,IND,IND,1222,1922034
Maharashtra,2014,24,Kalyan,GEN,Sulochana Dharmendra Sonkamble,F,RBS,RBS,1229,1922034
Maharashtra,2014,24,Kalyan,GEN,Asmita Pushkar Puranik,F,IND,IND,1243,1922034
Maharashtra,2014,24,Kalyan,GEN,Mote Chandrakant Rambhaji,M,IND,IND,1279,1922034
Maharashtra,2014,24,Kalyan,GEN,Telgote Prakash Shamrao,M,IND,IND,1600,1922034
Maharashtra,2014,24,Kalyan,GEN,Bhosale Shamu Ramu,M,BBM,BBM,1869,1922034
Maharashtra,2014,24,Kalyan,GEN,Shashikant Dada Rasal,M,IND,IND,2096,1922034
Maharashtra,2014,24,Kalyan,GEN,Mohammed Ahmed Mukhtar Khan Alias Ahmed Neta,M,IND,IND,2467,1922034
Maharashtra,2014,24,Kalyan,GEN,Mohammad Hameed Sayyed,M,SP,SP,3047,1922034
Maharashtra,2014,24,Kalyan,GEN,Anil More,M,BMUP,BMUP,3531,1922034
Maharashtra,2014,24,Kalyan,GEN,None Of The Above,,NOTA,NOTA,9185,1922034
Maharashtra,2014,24,Kalyan,GEN,Kiratkar Dayanand Tulshiram,M,BSP,BSP,19643,1922034
Maharashtra,2014,24,Kalyan,GEN,Naresh Arvind Thakur,M,AAAP,AAAP,20347,1922034
Maharashtra,2014,24,Kalyan,GEN,Pramod (Raju) Ratan Patil,M,MNS,MNS,122349,1922034
Maharashtra,2014,24,Kalyan,GEN,Anand Prakash Paranjpe,M,NCP,NCP,190143,1922034
Maharashtra,2014,24,Kalyan,GEN,Dr.Shrikant Eknath Shinde,M,SHS,SHS,440892,1922034
Maharashtra,2014,25,Thane,GEN,Bhanudas Dhotare,M,IND,IND,488,2073251
Maharashtra,2014,25,Thane,GEN,Ramchandra Bhagoji Gawade,M,IND,IND,493,2073251
Maharashtra,2014,25,Thane,GEN,Rathod Babusingh Vasram,M,MPS(T),MPS(T),636,2073251
Maharashtra,2014,25,Thane,GEN,Jain Surendrakumar K.,M,ABJS,ABJS,641,2073251
Maharashtra,2014,25,Thane,GEN,Vinod Deepchand Gangwal,M,IND,IND,650,2073251
Maharashtra,2014,25,Thane,GEN,Vishal Dinkar Salve,M,IND,IND,705,2073251
Maharashtra,2014,25,Thane,GEN,Shrinath Mithanthaya,M,HJP,HJP,891,2073251
Maharashtra,2014,25,Thane,GEN,Rajendra Gajbhiye,M,APoI,APoI,905,2073251
Maharashtra,2014,25,Thane,GEN,Sanjay Dilip Kumar Das,M,IND,IND,918,2073251
Maharashtra,2014,25,Thane,GEN,Triloki Ghurahu Yadav,M,IND,IND,1066,2073251
Maharashtra,2014,25,Thane,GEN,Qamruzzaman Kutubali Minai,M,PECP,PECP,1196,2073251
Maharashtra,2014,25,Thane,GEN,Salman Ajimullah Hasmi,M,RAPa,RAPa,1402,2073251
Maharashtra,2014,25,Thane,GEN,Najakatali Kabir Ansari,M,IND,IND,1549,2073251
Maharashtra,2014,25,Thane,GEN,Raju Shravan Chavan,M,RBS,RBS,1681,2073251
Maharashtra,2014,25,Thane,GEN,Shafik Ahamad Sadat Khan,M,IND,IND,1865,2073251
Maharashtra,2014,25,Thane,GEN,Abhay Subrao Kulkarni,M,IND,IND,1891,2073251
Maharashtra,2014,25,Thane,GEN,Narendra Prabhashankar Pandey,M,IND,IND,2141,2073251
Maharashtra,2014,25,Thane,GEN,Nitin Shankar Deshpande,M,DaP,DaP,2175,2073251
Maharashtra,2014,25,Thane,GEN,Gopinath Sakharam Mhaske,M,BBM,BBM,2412,2073251
Maharashtra,2014,25,Thane,GEN,Sohanlal Purohit,M,IND,IND,2479,2073251
Maharashtra,2014,25,Thane,GEN,Ashok Shankar Jadhav,M,BMUP,BMUP,4022,2073251
Maharashtra,2014,25,Thane,GEN,Kirtawade Vidhyadhar Bhimrao,M,BSP,BSP,10982,2073251
Maharashtra,2014,25,Thane,GEN,None Of The Above,,NOTA,NOTA,13174,2073251
Maharashtra,2014,25,Thane,GEN,Sanjeev Vishnu Sane,M,AAAP,AAAP,41535,2073251
Maharashtra,2014,25,Thane,GEN,Abhijit Ramesh Panse,M,MNS,MNS,48863,2073251
Maharashtra,2014,25,Thane,GEN,Sanjeev Ganesh Naik,M,NCP,NCP,314065,2073251
Maharashtra,2014,25,Thane,GEN,Vichare Rajan Baburao,M,SHS,SHS,595364,2073251
Maharashtra,2014,26,Mumbai North,GEN,Subodh G. Ranjan,M,IND,IND,278,1783870
Maharashtra,2014,26,Mumbai North,GEN,Milind Shankar Repe,M,IND,IND,301,1783870
Maharashtra,2014,26,Mumbai North,GEN,Satyavijay Vithoba Chavan,M,IND,IND,327,1783870
Maharashtra,2014,26,Mumbai North,GEN,Prabhakaran G. Titus,M,PPIS,PPIS,331,1783870
Maharashtra,2014,26,Mumbai North,GEN,Dinesh Shah,M,SVPP,SVPP,394,1783870
Maharashtra,2014,26,Mumbai North,GEN,Mohammad Akhtar Mehboob Shaikh,M,PRCP,PRCP,462,1783870
Maharashtra,2014,26,Mumbai North,GEN,Arjun Chaudhary,M,IND,IND,556,1783870
Maharashtra,2014,26,Mumbai North,GEN,Haji Akhtar Paperwala,M,IND,IND,626,1783870
Maharashtra,2014,26,Mumbai North,GEN,Thorat Sunil Uttamrao,M,AIFB,AIFB,653,1783870
Maharashtra,2014,26,Mumbai North,GEN,Sakharam Pandurang Dunghav,M,MPS(T),MPS(T),699,1783870
Maharashtra,2014,26,Mumbai North,GEN,Shaikh Fateh Mohammad,M,IND,IND,768,1783870
Maharashtra,2014,26,Mumbai North,GEN,Nitin Ravindra Rajvardhan,M,BMUP,BMUP,796,1783870
Maharashtra,2014,26,Mumbai North,GEN,Gondane Divakar Laxman,M,BBM,BBM,1539,1783870
Maharashtra,2014,26,Mumbai North,GEN,Prashant Narsinh Kharatmal,M,IND,IND,1612,1783870
Maharashtra,2014,26,Mumbai North,GEN,Arjun Balu Arde,M,APoI,APoI,1650,1783870
Maharashtra,2014,26,Mumbai North,GEN,Kapil Kantilal Soni,M,IND,IND,2078,1783870
Maharashtra,2014,26,Mumbai North,GEN,Singh Ashok Chandrapal,M,BSP,BSP,5438,1783870
Maharashtra,2014,26,Mumbai North,GEN,Yadav Kamlesh Shobhnath,M,SP,SP,5506,1783870
Maharashtra,2014,26,Mumbai North,GEN,None Of The Above,,NOTA,NOTA,8758,1783870
Maharashtra,2014,26,Mumbai North,GEN,Satish Parasmal Jain,M,AAAP,AAAP,32364,1783870
Maharashtra,2014,26,Mumbai North,GEN,Sanjay Brijkishorlal Nirupam,M,INC,INC,217422,1783870
Maharashtra,2014,26,Mumbai North,GEN,Gopal Chinayya Shetty,M,BJP,BJP,664004,1783870
Maharashtra,2014,27,Mumbai North West,GEN,Vijayanand Shankarrao Shinde,M,HND,HND,514,1775416
Maharashtra,2014,27,Mumbai North West,GEN,Pratik Prabhakar Toraskar,M,IND,IND,515,1775416
Maharashtra,2014,27,Mumbai North West,GEN,Mohan Galvankar,M,lpi,lpi,694,1775416
Maharashtra,2014,27,Mumbai North West,GEN,Pravin Chandrakant Kaurpuriya,M,HSCP,HSCP,888,1775416
Maharashtra,2014,27,Mumbai North West,GEN,Nitin H. Khare,M,IND,IND,1078,1775416
Maharashtra,2014,27,Mumbai North West,GEN,Mangesh Madhukar Humne,M,BMUP,BMUP,1082,1775416
Maharashtra,2014,27,Mumbai North West,GEN,Sonkamble Gajanan Tukaram,M,IND,IND,1366,1775416
Maharashtra,2014,27,Mumbai North West,GEN,Rina Mahendrakumar Zaveri,F,IND,IND,1530,1775416
Maharashtra,2014,27,Mumbai North West,GEN,Rakhi Sawant,F,RAPa,RAPa,2006,1775416
Maharashtra,2014,27,Mumbai North West,GEN,Bhole Pushpa Milind,F,BSP,BSP,10275,1775416
Maharashtra,2014,27,Mumbai North West,GEN,None Of The Above,,NOTA,NOTA,11009,1775416
Maharashtra,2014,27,Mumbai North West,GEN,Mayank Ramesh Gandhi,M,AAAP,AAAP,51860,1775416
Maharashtra,2014,27,Mumbai North West,GEN,Mahesh Waman Manjrekar,M,MNS,MNS,66088,1775416
Maharashtra,2014,27,Mumbai North West,GEN,Kamat Gurudas Vasant,M,INC,INC,281792,1775416
Maharashtra,2014,27,Mumbai North West,GEN,Gajanan Chandrakant Kirtikar,M,SHS,SHS,464820,1775416
Maharashtra,2014,28,Mumbai North East,GEN,Ananda Sakharam Bhalerao,M,IND,IND,369,1668357
Maharashtra,2014,28,Mumbai North East,GEN,Adv. Amarsen Baburao Babar,M,IND,IND,468,1668357
Maharashtra,2014,28,Mumbai North East,GEN,Hayat Abdullah Shaikh,M,IUML,IUML,621,1668357
Maharashtra,2014,28,Mumbai North East,GEN,Sabir Mehandi Hasan,M,IND,IND,626,1668357
Maharashtra,2014,28,Mumbai North East,GEN,Tupsoundarya Sunita Mohan,F,IND,IND,881,1668357
Maharashtra,2014,28,Mumbai North East,GEN,Khan Shamim Banu,F,IND,IND,902,1668357
Maharashtra,2014,28,Mumbai North East,GEN,Sayed Gulamhusain Amirhamza,M,RPI,RPI,1012,1668357
Maharashtra,2014,28,Mumbai North East,GEN,Prashant Dnyaneshwar Gangawane,M,PRCP,PRCP,1308,1668357
Maharashtra,2014,28,Mumbai North East,GEN,Prakash Sadashiv Pancharas,M,MPS(T),MPS(T),1325,1668357
Maharashtra,2014,28,Mumbai North East,GEN,Deepak Digambar Shinde,M,IND,IND,1359,1668357
Maharashtra,2014,28,Mumbai North East,GEN,Tukaram Baburao Mane,M,BMUP,BMUP,1838,1668357
Maharashtra,2014,28,Mumbai North East,GEN,Firoz Ahmed Siddiqui,M,IND,IND,2243,1668357
Maharashtra,2014,28,Mumbai North East,GEN,Sanjay Saoji Deshpande,M,IND,IND,2752,1668357
Maharashtra,2014,28,Mumbai North East,GEN,Bansode Dilip Bapu,M,IND,IND,2784,1668357
Maharashtra,2014,28,Mumbai North East,GEN,None Of The Above,,NOTA,NOTA,7114,1668357
Maharashtra,2014,28,Mumbai North East,GEN,Prof. Avinash Dolas,M,BBM,BBM,8833,1668357
Maharashtra,2014,28,Mumbai North East,GEN,Matchindra Hanumantrao Chate,M,BSP,BSP,17427,1668357
Maharashtra,2014,28,Mumbai North East,GEN,Medha Patkar,F,AAAP,AAAP,76451,1668357
Maharashtra,2014,28,Mumbai North East,GEN,Sanjay Dina Patil,M,NCP,NCP,208163,1668357
Maharashtra,2014,28,Mumbai North East,GEN,Kirit Somaiya,M,BJP,BJP,525285,1668357
Maharashtra,2014,29,Mumbai North Central,GEN,Mohammed Rafik Hussain Shaikh,M,NLP,NLP,308,1737084
Maharashtra,2014,29,Mumbai North Central,GEN,Upesh M. Baria,M,IND,IND,334,1737084
Maharashtra,2014,29,Mumbai North Central,GEN,Niyaz Ahmed Allauddin Shaikh,M,AwVP,AwVP,512,1737084
Maharashtra,2014,29,Mumbai North Central,GEN,Ashok Kisan Lokhande,M,RPI,RPI,581,1737084
Maharashtra,2014,29,Mumbai North Central,GEN,Meher A. Mallick,F,BMUP,BMUP,588,1737084
Maharashtra,2014,29,Mumbai North Central,GEN,Sanju Verma,F,IND,IND,626,1737084
Maharashtra,2014,29,Mumbai North Central,GEN,Francis Lawrence Fernandes,M,IND,IND,653,1737084
Maharashtra,2014,29,Mumbai North Central,GEN,Umesh Sonba Avhad,M,MPS(T),MPS(T),657,1737084
Maharashtra,2014,29,Mumbai North Central,GEN,Birje Hemant Anant,M,AIFB,AIFB,693,1737084
Maharashtra,2014,29,Mumbai North Central,GEN,Chawan Suryakant Gangaram,M,IND,IND,787,1737084
Maharashtra,2014,29,Mumbai North Central,GEN,Gupta Kanhaiyalal Rajaram,M,IND,IND,858,1737084
Maharashtra,2014,29,Mumbai North Central,GEN,Suresh Giga Dabhi,M,IND,IND,872,1737084
Maharashtra,2014,29,Mumbai North Central,GEN,Minakshi Mukund Jadhav,F,IND,IND,1022,1737084
Maharashtra,2014,29,Mumbai North Central,GEN,Dinesh Phulsing Rathod,M,IND,IND,1261,1737084
Maharashtra,2014,29,Mumbai North Central,GEN,Shital Kumar Jain,M,IND,IND,1380,1737084
Maharashtra,2014,29,Mumbai North Central,GEN,Azimuddin Khan,M,lpi,lpi,2099,1737084
Maharashtra,2014,29,Mumbai North Central,GEN,None Of The Above,,NOTA,NOTA,6937,1737084
Maharashtra,2014,29,Mumbai North Central,GEN,Abu Farhan Azmi,M,SP,SP,9873,1737084
Maharashtra,2014,29,Mumbai North Central,GEN,Shinde Anand Vyankatrao,M,BSP,BSP,10128,1737084
Maharashtra,2014,29,Mumbai North Central,GEN,Phiroze Palkhivala,M,AAAP,AAAP,34824,1737084
Maharashtra,2014,29,Mumbai North Central,GEN,Dutt Priya Sunil,F,INC,INC,291764,1737084
Maharashtra,2014,29,Mumbai North Central,GEN,Poonam Mahajan Alias Poonam Vajendla Rao,F,BJP,BJP,478535,1737084
Maharashtra,2014,30,Mumbai South Central,GEN,Shinde Sarjerao Mahadev,M,IND,IND,418,1447886
Maharashtra,2014,30,Mumbai South Central,GEN,Pal Jitendra Kumar,M,IND,IND,453,1447886
Maharashtra,2014,30,Mumbai South Central,GEN,Ganesh Bhimrao Budhe,M,IND,IND,514,1447886
Maharashtra,2014,30,Mumbai South Central,GEN,Khan Siraj Ahmed,M,IND,IND,545,1447886
Maharashtra,2014,30,Mumbai South Central,GEN,Mr. Nadar Selvakumar Perimbraj,M,IND,IND,686,1447886
Maharashtra,2014,30,Mumbai South Central,GEN,Clifford Martis,M,IND,IND,799,1447886
Maharashtra,2014,30,Mumbai South Central,GEN,Mahendra Tulshiram Bhingardive,M,IND,IND,918,1447886
Maharashtra,2014,30,Mumbai South Central,GEN,Sanghapal Hirachand Gadekar,M,APoI,APoI,919,1447886
Maharashtra,2014,30,Mumbai South Central,GEN,Aslam Hanif Khot,M,PECP,PECP,1016,1447886
Maharashtra,2014,30,Mumbai South Central,GEN,Adv.Vaishali Surendra Borde,F,IND,IND,1083,1447886
Maharashtra,2014,30,Mumbai South Central,GEN,Namdev Sahebrao Sable,M,IND,IND,1183,1447886
Maharashtra,2014,30,Mumbai South Central,GEN,Moin Sohail Sayyed,M,IND,IND,1212,1447886
Maharashtra,2014,30,Mumbai South Central,GEN,Dilip Gaikwad,M,IND,IND,1338,1447886
Maharashtra,2014,30,Mumbai South Central,GEN,Hussain Akbar Sayyed,M,BMUP,BMUP,1430,1447886
Maharashtra,2014,30,Mumbai South Central,GEN,Noor Mohammad Saheb Raja Khan,M,IND,IND,1588,1447886
Maharashtra,2014,30,Mumbai South Central,GEN,Abbas Hussain Shaikh,M,SP,SP,5573,1447886
Maharashtra,2014,30,Mumbai South Central,GEN,None Of The Above,,NOTA,NOTA,9571,1447886
Maharashtra,2014,30,Mumbai South Central,GEN,Adv.Aiyyar Ganesh,M,BSP,BSP,14762,1447886
Maharashtra,2014,30,Mumbai South Central,GEN,Sundar Balakrishnan,M,AAAP,AAAP,27687,1447886
Maharashtra,2014,30,Mumbai South Central,GEN,Aditya Rajan Shirodkar,M,MNS,MNS,73096,1447886
Maharashtra,2014,30,Mumbai South Central,GEN,Eknath M. Gaikwad,M,INC,INC,242828,1447886
Maharashtra,2014,30,Mumbai South Central,GEN,Rahul Ramesh Shewale,M,SHS,SHS,381008,1447886
Maharashtra,2014,31,Mumbai   South,GEN,Abdul Latif Abdul Kadar Shaikh,M,IND,IND,400,1485844
Maharashtra,2014,31,Mumbai   South,GEN,Shehbaj Rathod,M,JMBP,JMBP,414,1485844
Maharashtra,2014,31,Mumbai   South,GEN,Shankar Sonawane,M,IND,IND,455,1485844
Maharashtra,2014,31,Mumbai   South,GEN,Gaurav Sharma,M,IND,IND,559,1485844
Maharashtra,2014,31,Mumbai   South,GEN,Kataria Jitendra Kamabhai,M,IND,IND,595,1485844
Maharashtra,2014,31,Mumbai   South,GEN,Dr. Omraj L. Rathod,M,IND,IND,674,1485844
Maharashtra,2014,31,Mumbai   South,GEN,Baig Mirza Kalim,M,lpi,lpi,677,1485844
Maharashtra,2014,31,Mumbai   South,GEN,Jaheda Mohammed Hanif Shaikh,F,IND,IND,701,1485844
Maharashtra,2014,31,Mumbai   South,GEN,Basit Faith,M,IND,IND,764,1485844
Maharashtra,2014,31,Mumbai   South,GEN,Shahzad Shamsher Khan Pathan,M,AwVP,AwVP,917,1485844
Maharashtra,2014,31,Mumbai   South,GEN,Rajendra Daulat Desai,M,IND,IND,1059,1485844
Maharashtra,2014,31,Mumbai   South,GEN,Farnandes Santan,M,IND,IND,1077,1485844
Maharashtra,2014,31,Mumbai   South,GEN,Sachin Pawar,M,BMUP,BMUP,1266,1485844
Maharashtra,2014,31,Mumbai   South,GEN,Ratan Devram Bodke,M,IND,IND,1324,1485844
Maharashtra,2014,31,Mumbai   South,GEN,Abdus Salam Khan Qasmi,M,BSP,BSP,6664,1485844
Maharashtra,2014,31,Mumbai   South,GEN,Prakash Reddy,M,CPI,CPI,6897,1485844
Maharashtra,2014,31,Mumbai   South,GEN,None Of The Above,,NOTA,NOTA,9573,1485844
Maharashtra,2014,31,Mumbai   South,GEN,Meera Sanyal,F,AAAP,AAAP,40298,1485844
Maharashtra,2014,31,Mumbai   South,GEN,Bala Nandgaonkar,M,MNS,MNS,84773,1485844
Maharashtra,2014,31,Mumbai   South,GEN,Deora Milind Murli,M,INC,INC,246045,1485844
Maharashtra,2014,31,Mumbai   South,GEN,Arvind Sawant,M,SHS,SHS,374609,1485844
Maharashtra,2014,32,Raigad,GEN,Aziz Abdul Kadir Mukadam,M,SP,SP,2763,1532781
Maharashtra,2014,32,Raigad,GEN,Dr. Ghone Adesh Yashawant,M,BMUP,BMUP,3308,1532781
Maharashtra,2014,32,Raigad,GEN,Sandeep Pandurang Parte,M,HJP,HJP,4287,1532781
Maharashtra,2014,32,Raigad,GEN,Dr. Aparanti Sanjay Yashwant,M,AAAP,AAAP,6759,1532781
Maharashtra,2014,32,Raigad,GEN,Sunil Tatkare,M,IND,IND,9849,1532781
Maharashtra,2014,32,Raigad,GEN,Muzzafar Jainuddin Chaudhari Alias Modi,M,IND,IND,9952,1532781
Maharashtra,2014,32,Raigad,GEN,Yashwant Jayram Gaikwad,M,BSP,BSP,10510,1532781
Maharashtra,2014,32,Raigad,GEN,None Of The Above,,NOTA,NOTA,20362,1532781
Maharashtra,2014,32,Raigad,GEN,Rameshbhai Kadam,M,PWPI,PWPI,129730,1532781
Maharashtra,2014,32,Raigad,GEN,Tatkare Sunil Dattatrey,M,NCP,NCP,394068,1532781
Maharashtra,2014,32,Raigad,GEN,Anant Geete,M,SHS,SHS,396178,1532781
Maharashtra,2014,33,Maval,GEN,Abhijit Anil Apte,M,IND,IND,1085,1953741
Maharashtra,2014,33,Maval,GEN,Jagtap Laxman Murlidhar,M,IND,IND,1600,1953741
Maharashtra,2014,33,Maval,GEN,Sima Dharmanna Manikadi,F,PRCP,PRCP,1765,1953741
Maharashtra,2014,33,Maval,GEN,Rajendra Maruti Kate,M,IND,IND,2016,1953741
Maharashtra,2014,33,Maval,GEN,Nurjahan Yasin Shaikh,F,IND,IND,2024,1953741
Maharashtra,2014,33,Maval,GEN,H.B.P.Adv.R.K.Patil,M,IND,IND,2336,1953741
Maharashtra,2014,33,Maval,GEN,Adv.Vaishali Surendra Borde,F,IND,IND,2536,1953741
Maharashtra,2014,33,Maval,GEN,Bhimrao Anna Kadale,M,IND,IND,2911,1953741
Maharashtra,2014,33,Maval,GEN,Subhash Gopalrao Bodhe,M,IND,IND,3429,1953741
Maharashtra,2014,33,Maval,GEN,Nanaware Pramod Mahadeo,M,IND,IND,4276,1953741
Maharashtra,2014,33,Maval,GEN,Sir Manuel Sabino D''''Souza,M,IND,IND,4311,1953741
Maharashtra,2014,33,Maval,GEN,Jagtap Laxman Sitaram,M,IND,IND,8765,1953741
Maharashtra,2014,33,Maval,GEN,Gharat Santosh Rohidas,M,BMUP,BMUP,8940,1953741
Maharashtra,2014,33,Maval,GEN,None Of The Above,,NOTA,NOTA,11186,1953741
Maharashtra,2014,33,Maval,GEN,Barne Shrirang Chimaji,M,JD(U),JD(U),11259,1953741
Maharashtra,2014,33,Maval,GEN,Bhimaputra Texas Gaikwad,M,BSP,BSP,25982,1953741
Maharashtra,2014,33,Maval,GEN,Bhapkar Maruti Sahebrao,M,AAAP,AAAP,30566,1953741
Maharashtra,2014,33,Maval,GEN,Narwekar Rahul Suresh,M,NCP,NCP,182293,1953741
Maharashtra,2014,33,Maval,GEN,Jagtap Laxmanbhau Pandurang,M,PWPI,PWPI,354829,1953741
Maharashtra,2014,33,Maval,GEN,Appa Alias Shrirang Chandu Barne,M,SHS,SHS,512226,1953741
Maharashtra,2014,34,Pune,GEN,Vijay Laxman Sarode,M,IND,IND,303,1835835
Maharashtra,2014,34,Pune,GEN,Ajay Vasant Paithankar,M,IND,IND,343,1835835
Maharashtra,2014,34,Pune,GEN,Azam Vakil Maniyar,M,IND,IND,353,1835835
Maharashtra,2014,34,Pune,GEN,Shashikant Bhikaji Owhal,M,IND,IND,359,1835835
Maharashtra,2014,34,Pune,GEN,Rupali Tamboli,F,IND,IND,378,1835835
Maharashtra,2014,34,Pune,GEN,Khirid Simkumar Bhagwan,M,IND,IND,380,1835835
Maharashtra,2014,34,Pune,GEN,Yadav Gangadhar Nathu,M,IND,IND,455,1835835
Maharashtra,2014,34,Pune,GEN,Sanjay Laxman Padwal,M,bns,bns,477,1835835
Maharashtra,2014,34,Pune,GEN,Umesh Bhujang Masankhamb,M,IND,IND,494,1835835
Maharashtra,2014,34,Pune,GEN,Bansode Chayya Tukaram,F,IND,IND,512,1835835
Maharashtra,2014,34,Pune,GEN,Santosh Pawar,M,IND,IND,565,1835835
Maharashtra,2014,34,Pune,GEN,Ashapak Shaikh,M,IND,IND,586,1835835
Maharashtra,2014,34,Pune,GEN,Sushama Pandurang Gaikwad,F,IND,IND,590,1835835
Maharashtra,2014,34,Pune,GEN,Dinesh Pandurang Pawar,M,IND,IND,693,1835835
Maharashtra,2014,34,Pune,GEN,Nilesh Dhanave,M,IND,IND,840,1835835
Maharashtra,2014,34,Pune,GEN,Shivaji Pandurang Adhav,M,IND,IND,868,1835835
Maharashtra,2014,34,Pune,GEN,Manchak Trimbakrao Karale,M,IND,IND,1028,1835835
Maharashtra,2014,34,Pune,GEN,Saiyyad Afser Ibrahim,M,SP,SP,1131,1835835
Maharashtra,2014,34,Pune,GEN,Devkule Bibhishan Jagannath,M,IND,IND,1230,1835835
Maharashtra,2014,34,Pune,GEN,Col Suresh Patil (Rtd),M,BMUP,BMUP,1324,1835835
Maharashtra,2014,34,Pune,GEN,Nana Kshirsagar,M,BBM,BBM,1797,1835835
Maharashtra,2014,34,Pune,GEN,Colonel Jayantrao Chitale,M,IND,IND,1886,1835835
Maharashtra,2014,34,Pune,GEN,Dambale Rahul Dharma,M,IND,IND,2259,1835835
Maharashtra,2014,34,Pune,GEN,None Of The Above,,NOTA,NOTA,6438,1835835
Maharashtra,2014,34,Pune,GEN,Arun Bhatia,M,PG,PG,7222,1835835
Maharashtra,2014,34,Pune,GEN,Imtiyaz Peerzade,M,BSP,BSP,14727,1835835
Maharashtra,2014,34,Pune,GEN,Ware Subhash Shankarrao,M,AAAP,AAAP,28657,1835835
Maharashtra,2014,34,Pune,GEN,Deepak Natharam Paigude,M,MNS,MNS,93502,1835835
Maharashtra,2014,34,Pune,GEN,Dr.Vishwajeet Patangrao Kadam,M,INC,INC,254056,1835835
Maharashtra,2014,34,Pune,GEN,Anil Shirole,M,BJP,BJP,569825,1835835
Maharashtra,2014,35,Baramati,GEN,Mahadik Pralhad Dagadu,M,IND,IND,2891,1813553
Maharashtra,2014,35,Baramati,GEN,Sureshdada Baburao Veer,M,IND,IND,3345,1813553
Maharashtra,2014,35,Baramati,GEN,Kokare Shivaji Jaysing,M,IND,IND,4739,1813553
Maharashtra,2014,35,Baramati,GEN,Ravindra Takale,M,BMUP,BMUP,7845,1813553
Maharashtra,2014,35,Baramati,GEN,Tatyasaheb Sitaram Tele,M,JD(S),JD(S),8811,1813553
Maharashtra,2014,35,Baramati,GEN,None Of The Above,,NOTA,NOTA,14216,1813553
Maharashtra,2014,35,Baramati,GEN,Chaudhari Kaluram Vinayak,M,BSP,BSP,24908,1813553
Maharashtra,2014,35,Baramati,GEN,Suresh Khopade,M,AAAP,AAAP,26396,1813553
Maharashtra,2014,35,Baramati,GEN,Mahadev Jagannath Jankar,M,RSPS,RSPS,451843,1813553
Maharashtra,2014,35,Baramati,GEN,Supriya Sule,F,NCP,NCP,521562,1813553
Maharashtra,2014,36,Shirur,GEN,Umesh Arjun Kanchan,M,IND,IND,1137,1824112
Maharashtra,2014,36,Shirur,GEN,Vikas Sudam Kusekar,M,AIFB,AIFB,1174,1824112
Maharashtra,2014,36,Shirur,GEN,Katore Mahadev Niwritti,M,IND,IND,1792,1824112
Maharashtra,2014,36,Shirur,GEN,Geetaram Ramchandra Kadam,M,SP(I),SP(I),1906,1824112
Maharashtra,2014,36,Shirur,GEN,Bajare Sitaram Namdeo (Baba),M,BMUP,BMUP,1933,1824112
Maharashtra,2014,36,Shirur,GEN,Nilesh Yashwant Mhaskule,M,IND,IND,2118,1824112
Maharashtra,2014,36,Shirur,GEN,Dambale Ram Dharma,M,IND,IND,2433,1824112
Maharashtra,2014,36,Shirur,GEN,Milindraje Digambar Bhosale,M,IND,IND,3258,1824112
Maharashtra,2014,36,Shirur,GEN,Sonali Chandrashekhar Thorat,F,IND,IND,3850,1824112
Maharashtra,2014,36,Shirur,GEN,None Of The Above,,NOTA,NOTA,11995,1824112
Maharashtra,2014,36,Shirur,GEN,Nikam Sopanrao Pandharinath,M,AAAP,AAAP,16663,1824112
Maharashtra,2014,36,Shirur,GEN,Waghmare Sarjerao Bhika,M,BSP,BSP,19783,1824112
Maharashtra,2014,36,Shirur,GEN,Ashok Shirpati Khandebharad,M,MNS,MNS,36448,1824112
Maharashtra,2014,36,Shirur,GEN,Nikam Devdatta Jaywant,M,NCP,NCP,341601,1824112
Maharashtra,2014,36,Shirur,GEN,Adhalrao Shivaji Dattatrey,M,SHS,SHS,643415,1824112
Maharashtra,2014,37,Ahmadnagar ,GEN,Popat Manik Fule,M,MPS(T),MPS(T),1061,1705005
Maharashtra,2014,37,Ahmadnagar ,GEN,Damale Shivajirao Waman,M,bns,bns,1385,1705005
Maharashtra,2014,37,Ahmadnagar ,GEN,Deshmukh Vikas Nanasaheb,M,IND,IND,2202,1705005
Maharashtra,2014,37,Ahmadnagar ,GEN,Petras Kisan Gaware,M,IND,IND,2525,1705005
Maharashtra,2014,37,Ahmadnagar ,GEN,Anil Jaysing Ghanvat,M,IND,IND,3086,1705005
Maharashtra,2014,37,Ahmadnagar ,GEN,Laxman Bhanudas Sonale,M,IND,IND,3497,1705005
Maharashtra,2014,37,Ahmadnagar ,GEN,Shridhar Jakhuji Darekar,M,IND,IND,5649,1705005
Maharashtra,2014,37,Ahmadnagar ,GEN,H.B.P. Ajay Sahebrao Baraskar Maharaj,M,BMUP,BMUP,6003,1705005
Maharashtra,2014,37,Ahmadnagar ,GEN,Deepali Sayyed,F,AAAP,AAAP,7120,1705005
Maharashtra,2014,37,Ahmadnagar ,GEN,None Of The Above,,NOTA,NOTA,7473,1705005
Maharashtra,2014,37,Ahmadnagar ,GEN,Kakade Kisan Yashwant,M,BSP,BSP,8386,1705005
Maharashtra,2014,37,Ahmadnagar ,GEN,Kolsepatil Baban Gangadhar,M,IND,IND,12683,1705005
Maharashtra,2014,37,Ahmadnagar ,GEN,Rajeev Appasaheb Rajale,M,NCP,NCP,396063,1705005
Maharashtra,2014,37,Ahmadnagar ,GEN,Gandhi Dilipkumar Mansukhlal,M,BJP,BJP,605185,1705005
Maharashtra,2014,38,Shirdi,SC,Sarode Popat Rambhau,M,LB,LB,1429,1462267
Maharashtra,2014,38,Shirdi,SC,Uddhavrao Balwant Gaikwad,M,IND,IND,1499,1462267
Maharashtra,2014,38,Shirdi,SC,Gholap Sandeep Bhaskar,M,IND,IND,2229,1462267
Maharashtra,2014,38,Shirdi,SC,Pawar Vijay Banderao,M,lpi,lpi,2334,1462267
Maharashtra,2014,38,Shirdi,SC,Wagh Gangadhar Radhaji,M,IND,IND,2874,1462267
Maharashtra,2014,38,Shirdi,SC,Sayaji Shankar Kharat,M,IND,IND,2954,1462267
Maharashtra,2014,38,Shirdi,SC,Raghunath Ramji Makasare,M,BBM,BBM,3193,1462267
Maharashtra,2014,38,Shirdi,SC,Balasaheb Dashrath Bagul,M,IND,IND,4319,1462267
Maharashtra,2014,38,Shirdi,SC,Shende Ravindra Vitthal,M,IND,IND,4728,1462267
Maharashtra,2014,38,Shirdi,SC,Santosh Madhukar Roham,M,BMUP,BMUP,9296,1462267
Maharashtra,2014,38,Shirdi,SC,None Of The Above,,NOTA,NOTA,9879,1462267
Maharashtra,2014,38,Shirdi,SC,Adv. Mahendra Dadasaheb Shinde,M,BSP,BSP,10381,1462267
Maharashtra,2014,38,Shirdi,SC,Nitin Navnath Udmale,M,AAAP,AAAP,11580,1462267
Maharashtra,2014,38,Shirdi,SC,Bhausaheb Rajaram Wakchaure,M,INC,INC,333014,1462267
Maharashtra,2014,38,Shirdi,SC,Lokhande Sadashiv Kisan,M,SHS,SHS,532936,1462267
Maharashtra,2014,39,Beed,GEN,Sumitrabai Dashrath Pawar,F,IND,IND,314,1792652
Maharashtra,2014,39,Beed,GEN,Sayyed Salim Fattu,M,IND,IND,452,1792652
Maharashtra,2014,39,Beed,GEN,Solanke Parmeshwar Kalyanrao,M,IND,IND,520,1792652
Maharashtra,2014,39,Beed,GEN,Veer Shesherao Chokhoba,M,IND,IND,713,1792652
Maharashtra,2014,39,Beed,GEN,Shaikh Shafiq Shabbir,M,IND,IND,846,1792652
Maharashtra,2014,39,Beed,GEN,Gangadhar Sitaram Kalkute,M,IND,IND,848,1792652
Maharashtra,2014,39,Beed,GEN,Shrikant Vishnu Gadale,M,IND,IND,931,1792652
Maharashtra,2014,39,Beed,GEN,Shingare Govind Bharat,M,SVRP,SVRP,944,1792652
Maharashtra,2014,39,Beed,GEN,Kale Bajirao Shankar,M,IND,IND,1018,1792652
Maharashtra,2014,39,Beed,GEN,Prashant Vishnu Sasane,M,IND,IND,1036,1792652
Maharashtra,2014,39,Beed,GEN,Thorat Dhanraj Vitthal,M,MPS(T),MPS(T),1065,1792652
Maharashtra,2014,39,Beed,GEN,Dr. Owhal Jitendra Mahadev,M,IND,IND,1075,1792652
Maharashtra,2014,39,Beed,GEN,Sayyed Mubin Rahimtulla,M,IND,IND,1122,1792652
Maharashtra,2014,39,Beed,GEN,Tate Ashok Santram,M,ARP,ARP,1162,1792652
Maharashtra,2014,39,Beed,GEN,Hoke (Patil)Rajedra Achyutrao,M,IND,IND,1264,1792652
Maharashtra,2014,39,Beed,GEN,Jethlia Santoshbapu Mitthulal,M,IND,IND,1270,1792652
Maharashtra,2014,39,Beed,GEN,Saksamudre Bhagwan Kachruba,M,BMUP,BMUP,1533,1792652
Maharashtra,2014,39,Beed,GEN,Manikrao Madhavrao Bavne,M,SP,SP,1584,1792652
Maharashtra,2014,39,Beed,GEN,Shaikh Iptekhar Zakeebaba,M,WPOI,WPOI,1628,1792652
Maharashtra,2014,39,Beed,GEN,Rahul Prabhakar Kamble,M,APoI,APoI,1733,1792652
Maharashtra,2014,39,Beed,GEN,Shaikh Chand Shiakh Miya,M,IND,IND,1734,1792652
Maharashtra,2014,39,Beed,GEN,Dongare Milind Kashinath,M,PRCP,PRCP,1930,1792652
Maharashtra,2014,39,Beed,GEN,None Of The Above,,NOTA,NOTA,2323,1792652
Maharashtra,2014,39,Beed,GEN,Sadulla Asdulla Inamdar,M,IND,IND,2482,1792652
Maharashtra,2014,39,Beed,GEN,Bhagwat Harihar Taware,M,IND,IND,2698,1792652
Maharashtra,2014,39,Beed,GEN,Avinash Namdev Wankhede,M,IND,IND,2797,1792652
Maharashtra,2014,39,Beed,GEN,Inamdar Jabbermiya Dagerasa,M,IND,IND,3040,1792652
Maharashtra,2014,39,Beed,GEN,Kale Krishna Bhanudas,M,BBM,BBM,3163,1792652
Maharashtra,2014,39,Beed,GEN,Aghav Jayprakash Sitaram,M,IND,IND,3247,1792652
Maharashtra,2014,39,Beed,GEN,Ashok Bhagoji Thorat,M,IND,IND,3264,1792652
Maharashtra,2014,39,Beed,GEN,Sayyed Minhaj Ali Sayyad Wajed Ali (Pendkhajurwale),M,IND,IND,3617,1792652
Maharashtra,2014,39,Beed,GEN,Sayyed Navidujjamma,M,IND,IND,3732,1792652
Maharashtra,2014,39,Beed,GEN,Arjun Hanmanta Nimbalkar,M,IND,IND,3758,1792652
Maharashtra,2014,39,Beed,GEN,Nandu Madhav,M,AAAP,AAAP,4281,1792652
Maharashtra,2014,39,Beed,GEN,Tejas Ankush Ghumare,M,IND,IND,5357,1792652
Maharashtra,2014,39,Beed,GEN,Ashok Dhondiba Sonwane,M,IND,IND,5383,1792652
Maharashtra,2014,39,Beed,GEN,Solanke Prakash Bhagwanrao,M,IND,IND,8634,1792652
Maharashtra,2014,39,Beed,GEN,Rathod Digambar Ramrao,M,BSP,BSP,14166,1792652
Maharashtra,2014,39,Beed,GEN,Dhas Suresh Ramchandra,M,NCP,NCP,499541,1792652
Maharashtra,2014,39,Beed,GEN,Munde Gopinathrao Pandurang,M,BJP,BJP,635995,1792652
Maharashtra,2014,40,Osmanabad,GEN,Bhosale Revan Vishwanath,M,JD(S),JD(S),1288,1759186
Maharashtra,2014,40,Osmanabad,GEN,Shinde Rajendra Bhairavnath,M,MPS(T),MPS(T),1313,1759186
Maharashtra,2014,40,Osmanabad,GEN,Shaikh Mubarak Alias Nana Mainoddin,M,IND,IND,1418,1759186
Maharashtra,2014,40,Osmanabad,GEN,Siddik Ibrahim Boudiwali,M,IND,IND,1429,1759186
Maharashtra,2014,40,Osmanabad,GEN,Kshirsagar Vijay Maruti,M,IND,IND,1482,1759186
Maharashtra,2014,40,Osmanabad,GEN,Sayyad Mohamd Sayyad Ibrahim,M,BMUP,BMUP,1528,1759186
Maharashtra,2014,40,Osmanabad,GEN,Altaf Husain Yenegure,M,IND,IND,1640,1759186
Maharashtra,2014,40,Osmanabad,GEN,Dr. Ramesh Subrav Bansode,M,RPI,RPI,1701,1759186
Maharashtra,2014,40,Osmanabad,GEN,Sushilkumar Vinayak Padule,M,IND,IND,1963,1759186
Maharashtra,2014,40,Osmanabad,GEN,Kshirsagar Shivaji Jagannath,M,IND,IND,1978,1759186
Maharashtra,2014,40,Osmanabad,GEN,Patil Manohar Anandrao,M,IND,IND,2251,1759186
Maharashtra,2014,40,Osmanabad,GEN,Adv. Shailendra Rameshwar Yavalkar,M,SP,SP,2257,1759186
Maharashtra,2014,40,Osmanabad,GEN,Gaikwad Umaji Pandurang,M,IND,IND,2355,1759186
Maharashtra,2014,40,Osmanabad,GEN,Padmsinh Vijaysinh Mundhe,M,IND,IND,3361,1759186
Maharashtra,2014,40,Osmanabad,GEN,Smt. Jadhav Ujvala Eknath,F,IND,IND,3466,1759186
Maharashtra,2014,40,Osmanabad,GEN,Rokde Milind Somnath,M,BBM,BBM,3725,1759186
Maharashtra,2014,40,Osmanabad,GEN,Navnath Dashrath Uplekar,M,IND,IND,4092,1759186
Maharashtra,2014,40,Osmanabad,GEN,Tarkase Pushpa Murlidhar,F,HND,HND,4126,1759186
Maharashtra,2014,40,Osmanabad,GEN,Vikram Ashok Sawale,M,AAAP,AAAP,4240,1759186
Maharashtra,2014,40,Osmanabad,GEN,None Of The Above,,NOTA,NOTA,4613,1759186
Maharashtra,2014,40,Osmanabad,GEN,Tupsundare Balaji Bapurao,M,IND,IND,7038,1759186
Maharashtra,2014,40,Osmanabad,GEN,Gaikwad Ravindra Vishwanath,M,IND,IND,7169,1759186
Maharashtra,2014,40,Osmanabad,GEN,Kakasaheb Baburao Rathod,M,IND,IND,7245,1759186
Maharashtra,2014,40,Osmanabad,GEN,Tukaram Dasrao Gangawane,M,IND,IND,10210,1759186
Maharashtra,2014,40,Osmanabad,GEN,Rohan Subhash Deshmukh,M,IND,IND,26868,1759186
Maharashtra,2014,40,Osmanabad,GEN,Dhale Padmasheel Ramchandra,M,BSP,BSP,28322,1759186
Maharashtra,2014,40,Osmanabad,GEN,Patil Padmasinha Bajirao,M,NCP,NCP,373374,1759186
Maharashtra,2014,40,Osmanabad,GEN,Gaikwad Ravindra Vishwanath,M,SHS,SHS,607699,1759186
Maharashtra,2014,41,Latur ,SC,Kamble Milind Haribhau,M,IND,IND,942,1686957
Maharashtra,2014,41,Latur ,SC,Gajendra Limbaji Avghade,M,IND,IND,1287,1686957
Maharashtra,2014,41,Latur ,SC,Jogdand Fakira Vaijnath,M,IND,IND,1306,1686957
Maharashtra,2014,41,Latur ,SC,Shivkhandeshwar Narayan Dahge,M,BJSP,BJSP,1337,1686957
Maharashtra,2014,41,Latur ,SC,Udare Minakshi Mahadev,F,IND,IND,1541,1686957
Maharashtra,2014,41,Latur ,SC,Rajkumar Bhimrao Chandanshive,M,IND,IND,1765,1686957
Maharashtra,2014,41,Latur ,SC,Balaji Dnyanoba Kamble,M,SP,SP,1840,1686957
Maharashtra,2014,41,Latur ,SC,Padmakar Kondiba Ovhal,M,IND,IND,1941,1686957
Maharashtra,2014,41,Latur ,SC,Bharat Damodar Londhe,M,IND,IND,2035,1686957
Maharashtra,2014,41,Latur ,SC,Jaripatke Dnyanoba Sopanrao,M,IND,IND,2052,1686957
Maharashtra,2014,41,Latur ,SC,Bharat Maroti Kadam,M,APoI,APoI,2724,1686957
Maharashtra,2014,41,Latur ,SC,Suryawansi Sidharth Tukaram,M,BMUP,BMUP,2830,1686957
Maharashtra,2014,41,Latur ,SC,Gajanan Pandurang Mane,M,IND,IND,3401,1686957
Maharashtra,2014,41,Latur ,SC,Shinde Sudhir Shripatrao,M,IND,IND,8678,1686957
Maharashtra,2014,41,Latur ,SC,Dipratna Prabhakarrao Nilangekar,M,AAAP,AAAP,9829,1686957
Maharashtra,2014,41,Latur ,SC,None Of The Above,,NOTA,NOTA,13996,1686957
Maharashtra,2014,41,Latur ,SC,Kamble Deepak Arvind,M,BSP,BSP,20029,1686957
Maharashtra,2014,41,Latur ,SC,Bansode Dattatray Gunderao,M,INC,INC,363114,1686957
Maharashtra,2014,41,Latur ,SC,Dr. Sunil Baliram Gaikwad,M,BJP,BJP,616509,1686957
Maharashtra,2014,42,Solapur ,SC,Dattatraya Vitthal Thorat,M,IND,IND,824,1702739
Maharashtra,2014,42,Solapur ,SC,Pawar Yuvraj Sidram,M,IND,IND,1243,1702739
Maharashtra,2014,42,Solapur ,SC,Shinde Rajkumar Laxmanrao,M,IND,IND,1286,1702739
Maharashtra,2014,42,Solapur ,SC,Vikram Uttam Kasabe,M,IND,IND,1333,1702739
Maharashtra,2014,42,Solapur ,SC,Waghmare Pundalik Onkari,M,BMUP,BMUP,1399,1702739
Maharashtra,2014,42,Solapur ,SC,Rajendra Dnyandeo Randive,M,IND,IND,1460,1702739
Maharashtra,2014,42,Solapur ,SC,Bhise Krishna Nagnath,M,IND,IND,1504,1702739
Maharashtra,2014,42,Solapur ,SC,Kewale Chaya Nagnath,F,IND,IND,1654,1702739
Maharashtra,2014,42,Solapur ,SC,Sidram Krishna Dhobale,M,IND,IND,1683,1702739
Maharashtra,2014,42,Solapur ,SC,Sonkamble Gautam Vijaykumar,M,BBM,BBM,2458,1702739
Maharashtra,2014,42,Solapur ,SC,Sunita Vijaykumar Ughade,F,IND,IND,2706,1702739
Maharashtra,2014,42,Solapur ,SC,Sonawane Shivaji Chandrakant,M,IND,IND,5487,1702739
Maharashtra,2014,42,Solapur ,SC,Lalit Babar,M,AAAP,AAAP,9261,1702739
Maharashtra,2014,42,Solapur ,SC,None Of The Above,,NOTA,NOTA,13778,1702739
Maharashtra,2014,42,Solapur ,SC,Adv. Sanjeev Sidram Sadafule,M,BSP,BSP,19041,1702739
Maharashtra,2014,42,Solapur ,SC,Shinde Sushilkumar Sambhajirao,M,INC,INC,368205,1702739
Maharashtra,2014,42,Solapur ,SC,Sharad Bansode,M,BJP,BJP,517879,1702739
Maharashtra,2014,43,Madha,GEN,Dr.Pramod Ramchandra Gawade,M,IND,IND,1926,1727322
Maharashtra,2014,43,Madha,GEN,Walke Vikram Vasudeo,M,IND,IND,1969,1727322
Maharashtra,2014,43,Madha,GEN,Suresh Shamrao Ghadge,M,AITC,AITC,1989,1727322
Maharashtra,2014,43,Madha,GEN,Dagadu Manik Pawar,M,IND,IND,2117,1727322
Maharashtra,2014,43,Madha,GEN,Jagtap Nitin Maruti,M,IND,IND,2189,1727322
Maharashtra,2014,43,Madha,GEN,Devkate Somanath Alias Someshwar Chandrakant,M,IND,IND,2275,1727322
Maharashtra,2014,43,Madha,GEN,Prafull Shivrao Kadam,M,IND,IND,2301,1727322
Maharashtra,2014,43,Madha,GEN,Shaikh Shahajan Paigambar,M,IND,IND,2336,1727322
Maharashtra,2014,43,Madha,GEN,Sunita Mohan Tupsoundrya,F,IND,IND,2522,1727322
Maharashtra,2014,43,Madha,GEN,Pol Sudhir Arjun,M,IND,IND,2814,1727322
Maharashtra,2014,43,Madha,GEN,Dr.Bhise Indrakumar Devrao,M,IND,IND,3094,1727322
Maharashtra,2014,43,Madha,GEN,Adv.Subhash Balasaheb Patil (Anna),M,BMUP,BMUP,3293,1727322
Maharashtra,2014,43,Madha,GEN,Sathi Bashir Ahmed Bashamiyan Shaikh,M,IND,IND,3367,1727322
Maharashtra,2014,43,Madha,GEN,Baliram Sukhdev More,M,IND,IND,4139,1727322
Maharashtra,2014,43,Madha,GEN,None Of The Above,,NOTA,NOTA,4209,1727322
Maharashtra,2014,43,Madha,GEN,Bhajanlal Yashvant Nimgaonkar,M,IND,IND,4625,1727322
Maharashtra,2014,43,Madha,GEN,Rohit Ramkrushna More,M,IND,IND,6886,1727322
Maharashtra,2014,43,Madha,GEN,Jadhav Sunil Gunda,M,IND,IND,7115,1727322
Maharashtra,2014,43,Madha,GEN,Adv. Savita Balkrishna Shinde,F,AAAP,AAAP,7160,1727322
Maharashtra,2014,43,Madha,GEN,Nagamani Kisan Jakkan,F,IND,IND,8829,1727322
Maharashtra,2014,43,Madha,GEN,Navanath Bhimrao Patil,M,HiPPa,HiPPa,8853,1727322
Maharashtra,2014,43,Madha,GEN,Bansode Kundan Fulchand,M,BSP,BSP,15790,1727322
Maharashtra,2014,43,Madha,GEN,Mohite-Patil Pratapsinh Shankarrao,M,IND,IND,25187,1727322
Maharashtra,2014,43,Madha,GEN,Sadabhau Ramchandra Khot,M,SWP,SWP,464645,1727322
Maharashtra,2014,43,Madha,GEN,Mohite Patil Vijaysinh Shankarrao,M,NCP,NCP,489989,1727322
Maharashtra,2014,44,Sangli,GEN,Surekha Alias Suraiyya Shahin Shaikh,F,MVA,MVA,849,1649107
Maharashtra,2014,44,Sangli,GEN,Dhatture Hafizbhai Husain,M,IND,IND,997,1649107
Maharashtra,2014,44,Sangli,GEN,Ashok Dnyanu Mane(Bhau),M,IND,IND,1494,1649107
Maharashtra,2014,44,Sangli,GEN,Shrirang Baburao Pakhare,M,IND,IND,1661,1649107
Maharashtra,2014,44,Sangli,GEN,Pournima Vilas Korpale,F,IND,IND,1702,1649107
Maharashtra,2014,44,Sangli,GEN,Tanajirao Jagannath Jadhav(Chinchanikar),M,IND,IND,1774,1649107
Maharashtra,2014,44,Sangli,GEN,Madhukar Baburao Kambale,M,IND,IND,1844,1649107
Maharashtra,2014,44,Sangli,GEN,Adv. K. D. Shinde,M,JD(S),JD(S),2460,1649107
Maharashtra,2014,44,Sangli,GEN,Sharmila Baba Wakshe,F,IND,IND,2481,1649107
Maharashtra,2014,44,Sangli,GEN,Siddha Shivappa Bhosale,M,IND,IND,4309,1649107
Maharashtra,2014,44,Sangli,GEN,Chopade Shriprasad Janardan,M,IND,IND,4309,1649107
Maharashtra,2014,44,Sangli,GEN,Samina Abdulmajid Khan,F,AAAP,AAAP,4699,1649107
Maharashtra,2014,44,Sangli,GEN,None Of The Above,,NOTA,NOTA,6110,1649107
Maharashtra,2014,44,Sangli,GEN,Suresh Parth Mane (Nana),M,IND,IND,8353,1649107
Maharashtra,2014,44,Sangli,GEN,Nitin Ganpatrao Savgave,M,BMUP,BMUP,8405,1649107
Maharashtra,2014,44,Sangli,GEN,Bandgar Nanaso Balaso,M,BSP,BSP,11378,1649107
Maharashtra,2014,44,Sangli,GEN,Patil Pratik Prakashbapu,M,INC,INC,372271,1649107
Maharashtra,2014,44,Sangli,GEN,Sanjaykaka Patil,M,BJP,BJP,611563,1649107
Maharashtra,2014,45,Satara,GEN,Dr. Prakash Shamrao Pawar,M,IND,IND,2164,1719998
Maharashtra,2014,45,Satara,GEN,Gawde Sukhdev Bhanudas,M,IND,IND,2435,1719998
Maharashtra,2014,45,Satara,GEN,Bichukale Abhijit Vamanrao,M,IND,IND,3644,1719998
Maharashtra,2014,45,Satara,GEN,Dr. Vijaysinha Diliprao Patil,M,IND,IND,3654,1719998
Maharashtra,2014,45,Satara,GEN,Umesh Mukund Waghmare,M,IND,IND,4711,1719998
Maharashtra,2014,45,Satara,GEN,Adv. Varsha Madgulkar,F,IND,IND,9405,1719998
Maharashtra,2014,45,Satara,GEN,Kadam Sagar Uttamrao,M,IND,IND,10047,1719998
Maharashtra,2014,45,Satara,GEN,None Of The Above,,NOTA,NOTA,10589,1719998
Maharashtra,2014,45,Satara,GEN,Pandurang Ramchandra Shinde,M,IND,IND,11304,1719998
Maharashtra,2014,45,Satara,GEN,Suhas Vishwasrao Deshmukh,M,IND,IND,12122,1719998
Maharashtra,2014,45,Satara,GEN,Chandrakant Tatu Khandait,M,BBM,BBM,12270,1719998
Maharashtra,2014,45,Satara,GEN,Altaf Abdulgani Shikalgar,M,BMUP,BMUP,13760,1719998
Maharashtra,2014,45,Satara,GEN,Prashant Vasant Chavan,M,BSP,BSP,14523,1719998
Maharashtra,2014,45,Satara,GEN,Subhash Nivrutti Shilewant,M,IND,IND,15073,1719998
Maharashtra,2014,45,Satara,GEN,Sandip Amrutrao Mozar,M,IND,IND,18215,1719998
Maharashtra,2014,45,Satara,GEN,Ashok Waman Gaikwad,M,RPI(A),RPI(A),71808,1719998
Maharashtra,2014,45,Satara,GEN,Rajendra Madhukar Chorage,M,AAAP,AAAP,82489,1719998
Maharashtra,2014,45,Satara,GEN,Purushottam Jadhav,M,IND,IND,155937,1719998
Maharashtra,2014,45,Satara,GEN,Shrimant Chh. Udayanraje Pratapsinha Bhonsale,M,NCP,NCP,522531,1719998
Maharashtra,2014,46,Ratnagiri - Sindhudurg,GEN,Vinod Hanumantrao Sawant,M,ABHM,ABHM,1395,1367362
Maharashtra,2014,46,Ratnagiri - Sindhudurg,GEN,Birje Yashwant Anant,M,BMUP,BMUP,1992,1367362
Maharashtra,2014,46,Ratnagiri - Sindhudurg,GEN,Ajinkya Dhondu Gawade,M,IND,IND,2332,1367362
Maharashtra,2014,46,Ratnagiri - Sindhudurg,GEN,Adv. Dipak Dattaram Nevgi,M,SP(I),SP(I),2904,1367362
Maharashtra,2014,46,Ratnagiri - Sindhudurg,GEN,Arun Harishchandra Manjrekar,M,IND,IND,5999,1367362
Maharashtra,2014,46,Ratnagiri - Sindhudurg,GEN,Sunil Alias Yashwant Vasant Pednekar,M,IND,IND,7328,1367362
Maharashtra,2014,46,Ratnagiri - Sindhudurg,GEN,None Of The Above,,NOTA,NOTA,12393,1367362
Maharashtra,2014,46,Ratnagiri - Sindhudurg,GEN,Abhijit Shriram Hegshetye,M,AAAP,AAAP,12700,1367362
Maharashtra,2014,46,Ratnagiri - Sindhudurg,GEN,Ayare Rajendra Lahu,M,BSP,BSP,13088,1367362
Maharashtra,2014,46,Ratnagiri - Sindhudurg,GEN,Nilesh Narayan Rane,M,INC,INC,343037,1367362
Maharashtra,2014,46,Ratnagiri - Sindhudurg,GEN,Vinayak Bhaurao Raut,M,SHS,SHS,493088,1367362
Maharashtra,2014,47,Kolhapur,GEN,Mhamane Anil Subhash,M,MVA,MVA,736,1758293
Maharashtra,2014,47,Kolhapur,GEN,Pandurang Tukaram Chougale,M,IND,IND,836,1758293
Maharashtra,2014,47,Kolhapur,GEN,Jeevan Alias C.A.Patil,M,IND,IND,898,1758293
Maharashtra,2014,47,Kolhapur,GEN,Kamble Sukumar Dattu,M,IND,IND,915,1758293
Maharashtra,2014,47,Kolhapur,GEN,Yashwant Balkrushna Joshi,M,IND,IND,1415,1758293
Maharashtra,2014,47,Kolhapur,GEN,Narayan Gundu Powar,M,AAAP,AAAP,5495,1758293
Maharashtra,2014,47,Kolhapur,GEN,Patil Bajrang Krishna,M,IND,IND,5676,1758293
Maharashtra,2014,47,Kolhapur,GEN,Sheregar Chetan Venkatesh,M,IND,IND,6114,1758293
Maharashtra,2014,47,Kolhapur,GEN,None Of The Above,,NOTA,NOTA,7015,1758293
Maharashtra,2014,47,Kolhapur,GEN,Atul Prasannakumar Dighe,M,BBM,BBM,7067,1758293
Maharashtra,2014,47,Kolhapur,GEN,Dr. Jadhav Dayanand Vasant,M,BMUP,BMUP,8635,1758293
Maharashtra,2014,47,Kolhapur,GEN,Kurane Ajay Prakash,M,BSP,BSP,9291,1758293
Maharashtra,2014,47,Kolhapur,GEN,Sandeep Gundopant Sankpal,M,IND,IND,10963,1758293
Maharashtra,2014,47,Kolhapur,GEN,Sampatrao Shamrao Pawar Patil,M,PWPI,PWPI,13162,1758293
Maharashtra,2014,47,Kolhapur,GEN,Sanjay Sadashiv Mandalik,M,SHS,SHS,574406,1758293
Maharashtra,2014,47,Kolhapur,GEN,Dhananjay Bhimrao Mahadik,M,NCP,NCP,607665,1758293
Maharashtra,2014,48,Hatkanangle,GEN,Kamble Sukumar Dattu,M,IND,IND,2342,1630604
Maharashtra,2014,48,Hatkanangle,GEN,Mane Arvind Bhiva,M,IND,IND,2361,1630604
Maharashtra,2014,48,Hatkanangle,GEN,Thorat Anandrao Tukaram,M,IND,IND,2637,1630604
Maharashtra,2014,48,Hatkanangle,GEN,Sushant Santosh Dige,M,IND,IND,2999,1630604
Maharashtra,2014,48,Hatkanangle,GEN,Patil S R Tatya,M,IND,IND,3318,1630604
Maharashtra,2014,48,Hatkanangle,GEN,Shaikh Shabbir Nabi,M,MPS(T),MPS(T),4176,1630604
Maharashtra,2014,48,Hatkanangle,GEN,Digambar Alias Gabbar Sudam Sakat,M,BBM,BBM,5186,1630604
Maharashtra,2014,48,Hatkanangle,GEN,Yuvraj Shivaji Kamble,M,BMUP,BMUP,6585,1630604
Maharashtra,2014,48,Hatkanangle,GEN,Raghunathdada Patil,M,AAAP,AAAP,9015,1630604
Maharashtra,2014,48,Hatkanangle,GEN,None Of The Above,,NOTA,NOTA,10059,1630604
Maharashtra,2014,48,Hatkanangle,GEN,Kamble Chandrakant Tukaram,M,BSP,BSP,11499,1630604
Maharashtra,2014,48,Hatkanangle,GEN,Sureshdada Patil,M,IND,IND,25648,1630604
Maharashtra,2014,48,Hatkanangle,GEN,Awade Kallappa Baburao,M,INC,INC,462618,1630604
Maharashtra,2014,48,Hatkanangle,GEN,Raju Shetty,M,SWP,SWP,640428,1630604
Manipur,2014,1,Inner Manipur,GEN,Oinam Jotin Singh,M,JMBP,JMBP,1403,855360
Manipur,2014,1,Inner Manipur,GEN,Dr. Gurumayum Tonsana Sharma,M,MDPF,MDPF,2005,855360
Manipur,2014,1,Inner Manipur,GEN,Dr. Ibomcha Singh,M,AAAP,AAAP,3273,855360
Manipur,2014,1,Inner Manipur,GEN,None Of The Above,,NOTA,NOTA,5298,855360
Manipur,2014,1,Inner Manipur,GEN,Indira Oinam,F,IND,IND,7014,855360
Manipur,2014,1,Inner Manipur,GEN,Sarangthem Manaobi,M,AITC,AITC,39903,855360
Manipur,2014,1,Inner Manipur,GEN,R.K. Ranjan Singh,M,BJP,BJP,92444,855360
Manipur,2014,1,Inner Manipur,GEN,Moirangthem Nara,M,CPI,CPI,197428,855360
Manipur,2014,1,Inner Manipur,GEN,Dr. Thokchom Meinya,M,INC,INC,292102,855360
Manipur,2014,2,Outer Manipur,ST,Amarson Sankhil,M,IND,IND,401,919009
Manipur,2014,2,Outer Manipur,ST,Lamlalmoi @ Momoi Gangte,M,IND,IND,603,919009
Manipur,2014,2,Outer Manipur,ST,Lamminlien @ Lien Gangte,M,JD(U),JD(U),1085,919009
Manipur,2014,2,Outer Manipur,ST,None Of The Above,,NOTA,NOTA,2206,919009
Manipur,2014,2,Outer Manipur,ST,M. Khamchinpau @ K. Zou,M,AAAP,AAAP,4331,919009
Manipur,2014,2,Outer Manipur,ST,Kim Gangte,F,AITC,AITC,12752,919009
Manipur,2014,2,Outer Manipur,ST,Mani Charenamei,M,IND,IND,34995,919009
Manipur,2014,2,Outer Manipur,ST,Chungkhokai Doungel,M,NCP,NCP,61662,919009
Manipur,2014,2,Outer Manipur,ST,Gangmumei Kamei,M,BJP,BJP,75828,919009
Manipur,2014,2,Outer Manipur,ST,Soso Lorho,M,NPF,NPF,281133,919009
Manipur,2014,2,Outer Manipur,ST,Thangso Baite,M,INC,INC,296770,919009
Meghalaya,2014,1,Shillong,ST,Denis Siangshai,M,IND,IND,5092,980740
Meghalaya,2014,1,Shillong,ST,Ivoryna Shylla,F,IND,IND,6605,980740
Meghalaya,2014,1,Shillong,ST,Richard D. Shabong,M,CPI,CPI,7418,980740
Meghalaya,2014,1,Shillong,ST,Armerington Kharshiing,M,AAAP,AAAP,8815,980740
Meghalaya,2014,1,Shillong,ST,None Of The Above,,NOTA,NOTA,10960,980740
Meghalaya,2014,1,Shillong,ST,Shibun Lyngdoh,M,BJP,BJP,95979,980740
Meghalaya,2014,1,Shillong,ST,Paul Lyngdoh,M,UDP,UDP,106817,980740
Meghalaya,2014,1,Shillong,ST,Prechard B. M. Basaiawmoit,M,IND,IND,168961,980740
Meghalaya,2014,1,Shillong,ST,Vincent H. Pala,M,INC,INC,209340,980740
Meghalaya,2014,2,Tura ,ST,None Of The Above,,NOTA,NOTA,19185,586501
Meghalaya,2014,2,Tura ,ST,Daryl William Ch Momin,M,INC,INC,199585,586501
Meghalaya,2014,2,Tura ,ST,Purno Agitok Sangma,M,NPEP,NPEP,239301,586501
Mizoram,2014,1,Mizoram,ST,None Of The Above,,NOTA,NOTA,6495,702170
Mizoram,2014,1,Mizoram,ST,M.Lalmanzuala,M,AAAP,AAAP,11890,702170
Mizoram,2014,1,Mizoram,ST,Robert Romawia Royte,M,IND,IND,204331,702170
Mizoram,2014,1,Mizoram,ST,C. L. Ruala,M,INC,INC,210485,702170
Nagaland,2014,1,Nagaland,GEN,None Of The Above,,NOTA,NOTA,2696,1182972
Nagaland,2014,1,Nagaland,GEN,Akhei Achumi,M,SP(I),SP(I),9695,1182972
Nagaland,2014,1,Nagaland,GEN,K. V. Pusa,M,INC,INC,313147,1182972
Nagaland,2014,1,Nagaland,GEN,Neiphiu Rio,M,NPF,NPF,713372,1182972
Nct Of Delhi,2014,1,Chandni Chowk                 ,GEN,Md. Afaq,M,JMBP,JMBP,251,1447230
Nct Of Delhi,2014,1,Chandni Chowk                 ,GEN,Tariq Mirza,M,RPI(A),RPI(A),253,1447230
Nct Of Delhi,2014,1,Chandni Chowk                 ,GEN,Dr. Tarun Kumar,M,VSP,VSP,263,1447230
Nct Of Delhi,2014,1,Chandni Chowk                 ,GEN,Altaf Husain,M,bjdi,bjdi,272,1447230
Nct Of Delhi,2014,1,Chandni Chowk                 ,GEN,Jagjeet Singh,M,BGTD,BGTD,290,1447230
Nct Of Delhi,2014,1,Chandni Chowk                 ,GEN,Dhan Raj Chauhan,M,NADP,NADP,308,1447230
Nct Of Delhi,2014,1,Chandni Chowk                 ,GEN,Rashmi Kashyap,F,BPC,BPC,538,1447230
Nct Of Delhi,2014,1,Chandni Chowk                 ,GEN,Mohd. Mursaleen,M,PECP,PECP,538,1447230
Nct Of Delhi,2014,1,Chandni Chowk                 ,GEN,Musarrat Jahan,F,RJ,RJ,592,1447230
Nct Of Delhi,2014,1,Chandni Chowk                 ,GEN,Balram Bari,M,IND,IND,602,1447230
Nct Of Delhi,2014,1,Chandni Chowk                 ,GEN,Surender Singh,M,IND,IND,789,1447230
Nct Of Delhi,2014,1,Chandni Chowk                 ,GEN,Bir Singh Soni,M,IND,IND,881,1447230
Nct Of Delhi,2014,1,Chandni Chowk                 ,GEN,Gagan Rastogi,M,IND,IND,1423,1447230
Nct Of Delhi,2014,1,Chandni Chowk                 ,GEN,Jagmohan Singh Bakshi,M,ATBP,ATBP,1553,1447230
Nct Of Delhi,2014,1,Chandni Chowk                 ,GEN,Ajay Kumar Khemka,M,kajp,kajp,1643,1447230
Nct Of Delhi,2014,1,Chandni Chowk                 ,GEN,Abdul Amir Amiro,M,IND,IND,1765,1447230
Nct Of Delhi,2014,1,Chandni Chowk                 ,GEN,Vijay Shanker Chaubey,M,IND,IND,1829,1447230
Nct Of Delhi,2014,1,Chandni Chowk                 ,GEN,Sanjay Gandhi,M,BRAVP,BRAVP,3390,1447230
Nct Of Delhi,2014,1,Chandni Chowk                 ,GEN,Hariom Sharma,M,AITC,AITC,3531,1447230
Nct Of Delhi,2014,1,Chandni Chowk                 ,GEN,Ashutosh,M,IND,IND,4505,1447230
Nct Of Delhi,2014,1,Chandni Chowk                 ,GEN,None Of The Above,,NOTA,NOTA,4534,1447230
Nct Of Delhi,2014,1,Chandni Chowk                 ,GEN,Narendra Kumar Pandey,M,BSP,BSP,7746,1447230
Nct Of Delhi,2014,1,Chandni Chowk                 ,GEN,Dildar Hussain Beg,M,IND,IND,28605,1447230
Nct Of Delhi,2014,1,Chandni Chowk                 ,GEN,Kapil Sibal,M,INC,INC,176206,1447230
Nct Of Delhi,2014,1,Chandni Chowk                 ,GEN,Ashutosh,M,AAAP,AAAP,301618,1447230
Nct Of Delhi,2014,1,Chandni Chowk                 ,GEN,Dr. Harsh Vardhan,M,BJP,BJP,437938,1447230
Nct Of Delhi,2014,2,North East Delhi              ,GEN,Ramesh Singh Siral,M,NADP,NADP,465,1957708
Nct Of Delhi,2014,2,North East Delhi              ,GEN,Pradesh Kumar,M,ANC,ANC,489,1957708
Nct Of Delhi,2014,2,North East Delhi              ,GEN,Rajan Lal,M,BRPP,BRPP,504,1957708
Nct Of Delhi,2014,2,North East Delhi              ,GEN,Prof. Narendera Sharma,M,SUCI,SUCI,508,1957708
Nct Of Delhi,2014,2,North East Delhi              ,GEN,Dharamveer Singh,M,REP,REP,601,1957708
Nct Of Delhi,2014,2,North East Delhi              ,GEN,Om Dutt Sharma,M,SHS,SHS,658,1957708
Nct Of Delhi,2014,2,North East Delhi              ,GEN,Harsh Kumar,M,IND,IND,663,1957708
Nct Of Delhi,2014,2,North East Delhi              ,GEN,Roshan Ali,M,NLP,NLP,745,1957708
Nct Of Delhi,2014,2,North East Delhi              ,GEN,Mohd. Arif Siddique,M,AITC,AITC,784,1957708
Nct Of Delhi,2014,2,North East Delhi              ,GEN,Vinay,M,BSKP,BSKP,818,1957708
Nct Of Delhi,2014,2,North East Delhi              ,GEN,Mohd. Hasnain,M,IND,IND,879,1957708
Nct Of Delhi,2014,2,North East Delhi              ,GEN,Mohd. Hasnan Khan,M,JKNPP,JKNPP,1257,1957708
Nct Of Delhi,2014,2,North East Delhi              ,GEN,Dinesh Pal Singh,M,IND,IND,1263,1957708
Nct Of Delhi,2014,2,North East Delhi              ,GEN,Mukesh Kumar Arora,M,IND,IND,1669,1957708
Nct Of Delhi,2014,2,North East Delhi              ,GEN,Ali Husan,M,IND,IND,1695,1957708
Nct Of Delhi,2014,2,North East Delhi              ,GEN,Amit Kumar Sharma,M,IND,IND,1892,1957708
Nct Of Delhi,2014,2,North East Delhi              ,GEN,Dan Bahadur Yadav,M,IND,IND,1921,1957708
Nct Of Delhi,2014,2,North East Delhi              ,GEN,H.K. Mahendru,M,IND,IND,2419,1957708
Nct Of Delhi,2014,2,North East Delhi              ,GEN,A.K. Aggarwal,M,AGRJP,AGRJP,3191,1957708
Nct Of Delhi,2014,2,North East Delhi              ,GEN,None Of The Above,,NOTA,NOTA,3824,1957708
Nct Of Delhi,2014,2,North East Delhi              ,GEN,Abdul Sami Salmani,M,BSP,BSP,28135,1957708
Nct Of Delhi,2014,2,North East Delhi              ,GEN,Jai Parkash Agarwal,M,INC,INC,214792,1957708
Nct Of Delhi,2014,2,North East Delhi              ,GEN,Anand Kumar,M,AAAP,AAAP,452041,1957708
Nct Of Delhi,2014,2,North East Delhi              ,GEN,Manoj Tiwari,M,BJP,BJP,596125,1957708
Nct Of Delhi,2014,3,East Delhi                    ,GEN,Dr. Nabhit Kapur,M,NADP,NADP,210,1829578
Nct Of Delhi,2014,3,East Delhi                    ,GEN,Praveen Kumar,M,BJM,BJM,325,1829578
Nct Of Delhi,2014,3,East Delhi                    ,GEN,Mohd Naseer,M,PECP,PECP,339,1829578
Nct Of Delhi,2014,3,East Delhi                    ,GEN,Ompal Singh,M,kajp,kajp,349,1829578
Nct Of Delhi,2014,3,East Delhi                    ,GEN,Virendra Mayer,M,SJP(R),SJP(R),395,1829578
Nct Of Delhi,2014,3,East Delhi                    ,GEN,Manju Chhibber,F,RPI(A),RPI(A),402,1829578
Nct Of Delhi,2014,3,East Delhi                    ,GEN,Padam Chand,M,IND,IND,404,1829578
Nct Of Delhi,2014,3,East Delhi                    ,GEN,Manjeet Singh,M,IND,IND,415,1829578
Nct Of Delhi,2014,3,East Delhi                    ,GEN,Rajesh,M,ANC,ANC,422,1829578
Nct Of Delhi,2014,3,East Delhi                    ,GEN,Mohammed Naeem,M,IND,IND,466,1829578
Nct Of Delhi,2014,3,East Delhi                    ,GEN,Ram Briksh Mall,M,HND,HND,527,1829578
Nct Of Delhi,2014,3,East Delhi                    ,GEN,Jai Ram Lal,M,JKNPP,JKNPP,668,1829578
Nct Of Delhi,2014,3,East Delhi                    ,GEN,Deepak Kumar,M,IND,IND,674,1829578
Nct Of Delhi,2014,3,East Delhi                    ,GEN,Prem Singh,M,SP(I),SP(I),761,1829578
Nct Of Delhi,2014,3,East Delhi                    ,GEN,Kumar Vivek Gautam,M,IND,IND,978,1829578
Nct Of Delhi,2014,3,East Delhi                    ,GEN,Jagannath Tiwari,M,IND,IND,1153,1829578
Nct Of Delhi,2014,3,East Delhi                    ,GEN,Shakeel Ahmed,M,JMBP,JMBP,1515,1829578
Nct Of Delhi,2014,3,East Delhi                    ,GEN,Arun Thakur,M,SPP,SPP,1708,1829578
Nct Of Delhi,2014,3,East Delhi                    ,GEN,Mohd Shahid Siddiqui,M,AITC,AITC,3894,1829578
Nct Of Delhi,2014,3,East Delhi                    ,GEN,None Of The Above,,NOTA,NOTA,4975,1829578
Nct Of Delhi,2014,3,East Delhi                    ,GEN,Mohammad Shakeel Saifi,M,BSP,BSP,18575,1829578
Nct Of Delhi,2014,3,East Delhi                    ,GEN,Sandeep Dikshit,M,INC,INC,203240,1829578
Nct Of Delhi,2014,3,East Delhi                    ,GEN,Rajmohan Gandhi,M,AAAP,AAAP,381739,1829578
Nct Of Delhi,2014,3,East Delhi                    ,GEN,Maheish Girri,M,BJP,BJP,572202,1829578
Nct Of Delhi,2014,4,New Delhi                     ,GEN,Ramanuj Patel,M,SPP,SPP,158,1490147
Nct Of Delhi,2014,4,New Delhi                     ,GEN,Pradeep Varma,M,BVLP,BVLP,161,1490147
Nct Of Delhi,2014,4,New Delhi                     ,GEN,Ved Prakash,M,IND,IND,186,1490147
Nct Of Delhi,2014,4,New Delhi                     ,GEN,Naveen Chandra,M,NADP,NADP,199,1490147
Nct Of Delhi,2014,4,New Delhi                     ,GEN,Lukman Khan,M,IND,IND,203,1490147
Nct Of Delhi,2014,4,New Delhi                     ,GEN,Meena Singla,F,PHRC,PHRC,205,1490147
Nct Of Delhi,2014,4,New Delhi                     ,GEN,Padmaja Kandukuri,F,IND,IND,213,1490147
Nct Of Delhi,2014,4,New Delhi                     ,GEN,Devi Singh,M,RaJPa,RaJPa,217,1490147
Nct Of Delhi,2014,4,New Delhi                     ,GEN,Vishal Khosla,M,IND,IND,298,1490147
Nct Of Delhi,2014,4,New Delhi                     ,GEN,Dheeraj Puri,M,SHS,SHS,347,1490147
Nct Of Delhi,2014,4,New Delhi                     ,GEN,Lakshmi Narayan,M,BHBP,BHBP,366,1490147
Nct Of Delhi,2014,4,New Delhi                     ,GEN,Sujeet Jha,M,bjdi,bjdi,388,1490147
Nct Of Delhi,2014,4,New Delhi                     ,GEN,Harkrishan Das Nijhawan,M,IND,IND,429,1490147
Nct Of Delhi,2014,4,New Delhi                     ,GEN,Nikhil Sablania,M,IND,IND,444,1490147
Nct Of Delhi,2014,4,New Delhi                     ,GEN,K P Sankaran Menon,M,IND,IND,499,1490147
Nct Of Delhi,2014,4,New Delhi                     ,GEN,Sunita Chaudhary,F,JKNPP,JKNPP,528,1490147
Nct Of Delhi,2014,4,New Delhi                     ,GEN,Ratheesh,M,IND,IND,532,1490147
Nct Of Delhi,2014,4,New Delhi                     ,GEN,Swadesh Ohri,M,ATBP,ATBP,582,1490147
Nct Of Delhi,2014,4,New Delhi                     ,GEN,Dal Chand,M,IND,IND,662,1490147
Nct Of Delhi,2014,4,New Delhi                     ,GEN,Narendra Singh Rawat,M,IND,IND,687,1490147
Nct Of Delhi,2014,4,New Delhi                     ,GEN,Ghanshyam Dass,M,IND,IND,862,1490147
Nct Of Delhi,2014,4,New Delhi                     ,GEN,Anjuman Agnihotri,M,IND,IND,887,1490147
Nct Of Delhi,2014,4,New Delhi                     ,GEN,Biswajit Ranjit Chatterjee,M,AITC,AITC,909,1490147
Nct Of Delhi,2014,4,New Delhi                     ,GEN,Rubina Khan,F,IND,IND,1260,1490147
Nct Of Delhi,2014,4,New Delhi                     ,GEN,None Of The Above,,NOTA,NOTA,5589,1490147
Nct Of Delhi,2014,4,New Delhi                     ,GEN,Solomon George,M,BSP,BSP,6088,1490147
Nct Of Delhi,2014,4,New Delhi                     ,GEN,Ravi Kumar Gupta,M,IND,IND,20028,1490147
Nct Of Delhi,2014,4,New Delhi                     ,GEN,Ajay Makan,M,INC,INC,182893,1490147
Nct Of Delhi,2014,4,New Delhi                     ,GEN,Ashish Khetan,M,AAAP,AAAP,290642,1490147
Nct Of Delhi,2014,4,New Delhi                     ,GEN,Meenakashi Lekhi,F,BJP,BJP,453350,1490147
Nct Of Delhi,2014,5,North West Delhi              ,SC ,Rajesh Kumar,M,RBHP,RBHP,545,2194343
Nct Of Delhi,2014,5,North West Delhi              ,SC ,Vijay Kumar,M,RPI(A),RPI(A),662,2194343
Nct Of Delhi,2014,5,North West Delhi              ,SC ,Kamini Kaur,F,IND,IND,666,2194343
Nct Of Delhi,2014,5,North West Delhi              ,SC ,Bhup Singh,M,IND,IND,1107,2194343
Nct Of Delhi,2014,5,North West Delhi              ,SC ,Sunil Chhikara,M,IND,IND,1584,2194343
Nct Of Delhi,2014,5,North West Delhi              ,SC ,Ram Karan Sauran,M,IND,IND,1621,2194343
Nct Of Delhi,2014,5,North West Delhi              ,SC ,Dharamraj,M,BPC,BPC,1680,2194343
Nct Of Delhi,2014,5,North West Delhi              ,SC ,Inder Singh Sansi,M,Aa S P,Aa S P,1749,2194343
Nct Of Delhi,2014,5,North West Delhi              ,SC ,Jodhraj Paharia,M,IND,IND,2279,2194343
Nct Of Delhi,2014,5,North West Delhi              ,SC ,Shailender Kumar,M,IND,IND,3446,2194343
Nct Of Delhi,2014,5,North West Delhi              ,SC ,None Of The Above,,NOTA,NOTA,8826,2194343
Nct Of Delhi,2014,5,North West Delhi              ,SC ,Basant Panwar,M,BSP,BSP,21485,2194343
Nct Of Delhi,2014,5,North West Delhi              ,SC ,Krishna Tirath,F,INC,INC,157468,2194343
Nct Of Delhi,2014,5,North West Delhi              ,SC ,Rakhi Birla,F,AAAP,AAAP,523058,2194343
Nct Of Delhi,2014,5,North West Delhi              ,SC ,Udit Raj,M,BJP,BJP,629860,2194343
Nct Of Delhi,2014,6,West Delhi                    ,GEN,Karam Chand Lathwal,M,BPC,BPC,353,2039410
Nct Of Delhi,2014,6,West Delhi                    ,GEN,Deepak Kumar,M,RJAP,RJAP,415,2039410
Nct Of Delhi,2014,6,West Delhi                    ,GEN,Charan Jeet Singh Khalsa,M,AIFB,AIFB,451,2039410
Nct Of Delhi,2014,6,West Delhi                    ,GEN,Rakesh Kumar,M,bjdi,bjdi,458,2039410
Nct Of Delhi,2014,6,West Delhi                    ,GEN,Dinesh Kumar Kushwaha,M,ABSP,ABSP,651,2039410
Nct Of Delhi,2014,6,West Delhi                    ,GEN,Har Gobind Arora,M,SHS,SHS,703,2039410
Nct Of Delhi,2014,6,West Delhi                    ,GEN,Uday Kumar Singh Kushwaha,M,BMUP,BMUP,805,2039410
Nct Of Delhi,2014,6,West Delhi                    ,GEN,Istak Khan,M,IND,IND,988,2039410
Nct Of Delhi,2014,6,West Delhi                    ,GEN,Babu Singh Dukhiya,M,IND,IND,1654,2039410
Nct Of Delhi,2014,6,West Delhi                    ,GEN,Virender Mohan Vats,M,IND,IND,3078,2039410
Nct Of Delhi,2014,6,West Delhi                    ,GEN,Sunil Sourabh,M,IND,IND,3624,2039410
Nct Of Delhi,2014,6,West Delhi                    ,GEN,Jarnail Singh,M,IND,IND,5960,2039410
Nct Of Delhi,2014,6,West Delhi                    ,GEN,None Of The Above,,NOTA,NOTA,7932,2039410
Nct Of Delhi,2014,6,West Delhi                    ,GEN,Raj Pal Singh,M,BSP,BSP,8707,2039410
Nct Of Delhi,2014,6,West Delhi                    ,GEN,Jarnail Singh,M,IND,IND,84722,2039410
Nct Of Delhi,2014,6,West Delhi                    ,GEN,Mahabal Mishra,M,INC,INC,193266,2039410
Nct Of Delhi,2014,6,West Delhi                    ,GEN,Jarnail Singh,M,AAAP,AAAP,382809,2039410
Nct Of Delhi,2014,6,West Delhi                    ,GEN,Parvesh Sahib Singh Verma,M,BJP,BJP,651395,2039410
Nct Of Delhi,2014,7,South Delhi                   ,GEN,Cho. Ombir Singh Naughwar,M,BHBP,BHBP,303,1752748
Nct Of Delhi,2014,7,South Delhi                   ,GEN,Kiran Pal Singh,M,IND,IND,314,1752748
Nct Of Delhi,2014,7,South Delhi                   ,GEN,Hafiz Mustaq,M,JSMP,JSMP,357,1752748
Nct Of Delhi,2014,7,South Delhi                   ,GEN,D. K. Chopra,M,IND,IND,412,1752748
Nct Of Delhi,2014,7,South Delhi                   ,GEN,Dr. Dusmanta Kumar Giri,M,IND,IND,560,1752748
Nct Of Delhi,2014,7,South Delhi                   ,GEN,Mohan Kanuga,M,JKNPP,JKNPP,561,1752748
Nct Of Delhi,2014,7,South Delhi                   ,GEN,Sreerupa Mitra Chaudhury,F,AITC,AITC,803,1752748
Nct Of Delhi,2014,7,South Delhi                   ,GEN,Naresh Kumar Chandaliya,M,IND,IND,913,1752748
Nct Of Delhi,2014,7,South Delhi                   ,GEN,Rakesh Kumar,M,IND,IND,1071,1752748
Nct Of Delhi,2014,7,South Delhi                   ,GEN,Sunil Kumar,M,IND,IND,1140,1752748
Nct Of Delhi,2014,7,South Delhi                   ,GEN,Tej Pal Singh,M,IND,IND,1215,1752748
Nct Of Delhi,2014,7,South Delhi                   ,GEN,Sumant Kumar,M,IND,IND,1640,1752748
Nct Of Delhi,2014,7,South Delhi                   ,GEN,Shahid,M,IND,IND,2841,1752748
Nct Of Delhi,2014,7,South Delhi                   ,GEN,None Of The Above,,NOTA,NOTA,4010,1752748
Nct Of Delhi,2014,7,South Delhi                   ,GEN,Shrichand Tanwar,M,CPI,CPI,4475,1752748
Nct Of Delhi,2014,7,South Delhi                   ,GEN,Sanjay Kumar Rai,M,BSP,BSP,10873,1752748
Nct Of Delhi,2014,7,South Delhi                   ,GEN,Ruby Yadav,F,IND,IND,56749,1752748
Nct Of Delhi,2014,7,South Delhi                   ,GEN,Ramesh Kumar,M,INC,INC,125213,1752748
Nct Of Delhi,2014,7,South Delhi                   ,GEN,Col Devinder Sehrawat,M,AAAP,AAAP,390980,1752748
Nct Of Delhi,2014,7,South Delhi                   ,GEN,Ramesh Bidhuri,M,BJP,BJP,497980,1752748
Odisha,2014,1,Bargarh,GEN,Ashok Mittal,M,AITC,AITC,7912,1430717
Odisha,2014,1,Bargarh,GEN,Gayan Chand,M,BSP,BSP,8009,1430717
Odisha,2014,1,Bargarh,GEN,None Of The Above,,NOTA,NOTA,14500,1430717
Odisha,2014,1,Bargarh,GEN,Lingaraj Pradhan,M,AAAP,AAAP,15672,1430717
Odisha,2014,1,Bargarh,GEN,Ashok Bisi,M,CPI,CPI,21100,1430717
Odisha,2014,1,Bargarh,GEN,Kulamani Urma,M,PCHVP,PCHVP,26216,1430717
Odisha,2014,1,Bargarh,GEN,Sanjay Bhoi,M,INC,INC,274610,1430717
Odisha,2014,1,Bargarh,GEN,Subash Chouhan,M,BJP,BJP,372052,1430717
Odisha,2014,1,Bargarh,GEN,Prabhas Kumar Singh,M,BJD,BJD,383230,1430717
Odisha,2014,2,Sundargarh ,ST,Lily Prema Kujur,F,BMUP,BMUP,3903,1410532
Odisha,2014,2,Sundargarh ,ST,Satish Kumar Minz,M,IND,IND,3951,1410532
Odisha,2014,2,Sundargarh ,ST,Das Charan Majhi,M,JDP,JDP,4408,1410532
Odisha,2014,2,Sundargarh ,ST,Mansid Ekka,M,IND,IND,7282,1410532
Odisha,2014,2,Sundargarh ,ST,Basil Ekka,M,AAAP,AAAP,7429,1410532
Odisha,2014,2,Sundargarh ,ST,Sagar Singh Manaki,M,KOKD,KOKD,8448,1410532
Odisha,2014,2,Sundargarh ,ST,Lawrencia Lakra,F,IND,IND,9001,1410532
Odisha,2014,2,Sundargarh ,ST,Bagi Lakra,M,BSP,BSP,9460,1410532
Odisha,2014,2,Sundargarh ,ST,Justin Lugun,M,SUCI,SUCI,9472,1410532
Odisha,2014,2,Sundargarh ,ST,None Of The Above,,NOTA,NOTA,15835,1410532
Odisha,2014,2,Sundargarh ,ST,Hemanand Biswal,M,INC,INC,269335,1410532
Odisha,2014,2,Sundargarh ,ST,Dilip Kumar Tirkey,M,BJD,BJD,321679,1410532
Odisha,2014,2,Sundargarh ,ST,Jual @ Juel Oram,M,BJP,BJP,340508,1410532
Odisha,2014,3,Sambalpur,GEN,Tarani Bhoi,F,PCHVP,PCHVP,2559,1297098
Odisha,2014,3,Sambalpur,GEN,Shankarlal Agrawala,M,PBI,PBI,3110,1297098
Odisha,2014,3,Sambalpur,GEN,Dusmanta Kar,M,IND,IND,4012,1297098
Odisha,2014,3,Sambalpur,GEN,Ashok Panda,M,IND,IND,4018,1297098
Odisha,2014,3,Sambalpur,GEN,Prasadi Pradhan,M,SUCI,SUCI,4502,1297098
Odisha,2014,3,Sambalpur,GEN,Md. Ali Hussain,M,IND,IND,4763,1297098
Odisha,2014,3,Sambalpur,GEN,Ananda Kumar Samal,M,AAAP,AAAP,7029,1297098
Odisha,2014,3,Sambalpur,GEN,Nathu Ram,M,BSP,BSP,12211,1297098
Odisha,2014,3,Sambalpur,GEN,None Of The Above,,NOTA,NOTA,13314,1297098
Odisha,2014,3,Sambalpur,GEN,Amarnath Pradhan,M,INC,INC,242131,1297098
Odisha,2014,3,Sambalpur,GEN,Suresh Pujari,M,BJP,BJP,328042,1297098
Odisha,2014,3,Sambalpur,GEN,Nagendra Kumar Pradhan,M,BJD,BJD,358618,1297098
Odisha,2014,4,Keonjhar ,ST,Jagat Mohan Naik,M,BSP,BSP,8694,1346683
Odisha,2014,4,Keonjhar ,ST,Bishnupriya Naik,F,ojm,ojm,12236,1346683
Odisha,2014,4,Keonjhar ,ST,Sudarshan Lohar,M,RAIM,RAIM,16299,1346683
Odisha,2014,4,Keonjhar ,ST,Sujit Kumar Lugun,M,IND,IND,16420,1346683
Odisha,2014,4,Keonjhar ,ST,None Of The Above,,NOTA,NOTA,26065,1346683
Odisha,2014,4,Keonjhar ,ST,Basudeb Naik,M,IND,IND,101999,1346683
Odisha,2014,4,Keonjhar ,ST,Madhaba Sardar,M,INC,INC,190531,1346683
Odisha,2014,4,Keonjhar ,ST,Ananta Nayak,M,BJP,BJP,277154,1346683
Odisha,2014,4,Keonjhar ,ST,Sakuntala Laguri,F,BJD,BJD,434471,1346683
Odisha,2014,5,Mayurbhanj ,ST,Anta Alok Baskey,M,AJSUP,AJSUP,7052,1327555
Odisha,2014,5,Mayurbhanj ,ST,Devi Prasanna Besra,M,IND,IND,8133,1327555
Odisha,2014,5,Mayurbhanj ,ST,Chhabi Mahali,F,AAAP,AAAP,8183,1327555
Odisha,2014,5,Mayurbhanj ,ST,Dashmat Soren,M,BSP,BSP,12041,1327555
Odisha,2014,5,Mayurbhanj ,ST,Prabhudan Marandi,M,AOP,AOP,14632,1327555
Odisha,2014,5,Mayurbhanj ,ST,None Of The Above,,NOTA,NOTA,23517,1327555
Odisha,2014,5,Mayurbhanj ,ST,Shyam Sundar Hansdah,M,INC,INC,142165,1327555
Odisha,2014,5,Mayurbhanj ,ST,Debashis Marndi,M,JMM,JMM,172984,1327555
Odisha,2014,5,Mayurbhanj ,ST,Nepole Raghu Murmu,M,BJP,BJP,270913,1327555
Odisha,2014,5,Mayurbhanj ,ST,Rama Chandra Hansdah,M,BJD,BJD,393779,1327555
Odisha,2014,6,Balasore,GEN,Biswajit Ray,M,IND,IND,1823,1366218
Odisha,2014,6,Balasore,GEN,Jagannath Das,M,IND,IND,1856,1366218
Odisha,2014,6,Balasore,GEN,Mamata Kundu,F,AAAP,AAAP,2664,1366218
Odisha,2014,6,Balasore,GEN,Bichitra Nanda Das,M,BSP,BSP,3240,1366218
Odisha,2014,6,Balasore,GEN,Saroj Kumar Panda,M,IND,IND,4529,1366218
Odisha,2014,6,Balasore,GEN,None Of The Above,,NOTA,NOTA,7716,1366218
Odisha,2014,6,Balasore,GEN,Kartikeswar Patra,M,AITC,AITC,9856,1366218
Odisha,2014,6,Balasore,GEN,Prasanta Kumar Mishra,M,CPI,CPI,14538,1366218
Odisha,2014,6,Balasore,GEN,Shrikanta Kumar Jena,M,INC,INC,277517,1366218
Odisha,2014,6,Balasore,GEN,Pratap Chandra Sarangi,M,BJP,BJP,291943,1366218
Odisha,2014,6,Balasore,GEN,Rabindra Kumar Jena,M,BJD,BJD,433768,1366218
Odisha,2014,7,Bhadrak ,SC,Susanta Kumar Jena,M,IND,IND,2639,1469498
Odisha,2014,7,Bhadrak ,SC,Netrananda Mallick,M,AOP,AOP,4518,1469498
Odisha,2014,7,Bhadrak ,SC,Narayan Chandra Jena,M,AAAP,AAAP,5961,1469498
Odisha,2014,7,Bhadrak ,SC,None Of The Above,,NOTA,NOTA,6750,1469498
Odisha,2014,7,Bhadrak ,SC,Arjun Charan Mallik,M,BSP,BSP,7607,1469498
Odisha,2014,7,Bhadrak ,SC,Ramesh Jena,M,CPI,CPI,11930,1469498
Odisha,2014,7,Bhadrak ,SC,Sarat Das,M,BJP,BJP,216617,1469498
Odisha,2014,7,Bhadrak ,SC,Sangram Keshari Jena,M,INC,INC,322979,1469498
Odisha,2014,7,Bhadrak ,SC,Arjun Charan Sethi,M,BJD,BJD,502338,1469498
Odisha,2014,8,Jajpur ,SC,Gayadhar Mallick,M,skd,skd,2753,1303733
Odisha,2014,8,Jajpur ,SC,Ranjit Malik,M,BMUP,BMUP,3409,1303733
Odisha,2014,8,Jajpur ,SC,Debendra Kumar Mallik,M,BSP,BSP,6926,1303733
Odisha,2014,8,Jajpur ,SC,Subas Chandra Mallick,M,SUCI,SUCI,8065,1303733
Odisha,2014,8,Jajpur ,SC,Kalandi Malik,M,AAAP,AAAP,8269,1303733
Odisha,2014,8,Jajpur ,SC,None Of The Above,,NOTA,NOTA,8655,1303733
Odisha,2014,8,Jajpur ,SC,Nabin Kumar Dalai,M,IND,IND,29142,1303733
Odisha,2014,8,Jajpur ,SC,Amiya Kanta Mallick,M,BJP,BJP,150789,1303733
Odisha,2014,8,Jajpur ,SC,Asok Das,M,INC,INC,221078,1303733
Odisha,2014,8,Jajpur ,SC,Rita Tarai,F,BJD,BJD,541349,1303733
Odisha,2014,9,Dhenkanal,GEN,Priyabrata Garnaik,M,skd,skd,2039,1363471
Odisha,2014,9,Dhenkanal,GEN,Pradyumna Kumar Naik,M,BMUP,BMUP,2298,1363471
Odisha,2014,9,Dhenkanal,GEN,Er. Guru Prasad Pradhan,M,IND,IND,3918,1363471
Odisha,2014,9,Dhenkanal,GEN,Manasi Swain,F,SUCI,SUCI,4275,1363471
Odisha,2014,9,Dhenkanal,GEN,Jimuta Prasad Mishra,M,AAAP,AAAP,5120,1363471
Odisha,2014,9,Dhenkanal,GEN,Suparno Satpathy,M,AOP,AOP,5447,1363471
Odisha,2014,9,Dhenkanal,GEN,Premananda Sahoo,M,BSP,BSP,6574,1363471
Odisha,2014,9,Dhenkanal,GEN,Nirmal Samal,M,IND,IND,7505,1363471
Odisha,2014,9,Dhenkanal,GEN,Kalakar Naik,M,APoI,APoI,8712,1363471
Odisha,2014,9,Dhenkanal,GEN,None Of The Above,,NOTA,NOTA,13205,1363471
Odisha,2014,9,Dhenkanal,GEN,Sudhir Kumar Samal,M,INC,INC,213794,1363471
Odisha,2014,9,Dhenkanal,GEN,Rudra Narayan Pany,M,BJP,BJP,315937,1363471
Odisha,2014,9,Dhenkanal,GEN,Tathagata Satpathy,M,BJD,BJD,453277,1363471
Odisha,2014,10,Bolangir,GEN,Shankar Kumar Patra,M,AOP,AOP,8438,1563025
Odisha,2014,10,Bolangir,GEN,Naba Krushna Danta,M,IND,IND,9915,1563025
Odisha,2014,10,Bolangir,GEN,Rana Nag,M,BSP,BSP,11513,1563025
Odisha,2014,10,Bolangir,GEN,Achutananda Nag,M,APoI,APoI,14626,1563025
Odisha,2014,10,Bolangir,GEN,None Of The Above,,NOTA,NOTA,21043,1563025
Odisha,2014,10,Bolangir,GEN,Saraswati Nanda,F,AAAP,AAAP,24515,1563025
Odisha,2014,10,Bolangir,GEN,Sarat Pattnayak,M,INC,INC,277616,1563025
Odisha,2014,10,Bolangir,GEN,Sangeeta Kumari Singh Deo,F,BJP,BJP,349220,1563025
Odisha,2014,10,Bolangir,GEN,Kalikesh Narayan Singh Deo,M,BJD,BJD,453519,1563025
Odisha,2014,11,Kalahandi,GEN,Parameswar Kand,M,skd,skd,4435,1474135
Odisha,2014,11,Kalahandi,GEN,Balaram Hota,M,CPI(ML)(L),CPI(ML)(L),4885,1474135
Odisha,2014,11,Kalahandi,GEN,Baikuntha Dhangada Majhi,M,KS,KS,5007,1474135
Odisha,2014,11,Kalahandi,GEN,Sahadev Jal,M,BMUP,BMUP,5858,1474135
Odisha,2014,11,Kalahandi,GEN,Satya Narayan Mahar,M,AAAP,AAAP,6360,1474135
Odisha,2014,11,Kalahandi,GEN,Sunil Chandra Nayak,M,ojm,ojm,7329,1474135
Odisha,2014,11,Kalahandi,GEN,Chhabilal Nial,M,APoI,APoI,8299,1474135
Odisha,2014,11,Kalahandi,GEN,Bighna Raj Panda,M,SAMO,SAMO,8600,1474135
Odisha,2014,11,Kalahandi,GEN,Daitary Pradhan,M,AOP,AOP,8698,1474135
Odisha,2014,11,Kalahandi,GEN,Rajendra Kumar Mund,M,IND,IND,10839,1474135
Odisha,2014,11,Kalahandi,GEN,Saroj Kumar Naik,M,BSP,BSP,14115,1474135
Odisha,2014,11,Kalahandi,GEN,Siba Hati,M,SP,SP,18869,1474135
Odisha,2014,11,Kalahandi,GEN,None Of The Above,,NOTA,NOTA,20880,1474135
Odisha,2014,11,Kalahandi,GEN,Bhakta Charan Das,M,INC,INC,307967,1474135
Odisha,2014,11,Kalahandi,GEN,Pradipta Kumar Naik,M,BJP,BJP,314524,1474135
Odisha,2014,11,Kalahandi,GEN,Arka Keshari Deo,M,BJD,BJD,370871,1474135
Odisha,2014,12,Nabarangpur ,ST,Chandradhwaja Majhi,M,IND,IND,18388,1297210
Odisha,2014,12,Nabarangpur ,ST,Gopal Pujari,M,AOP,AOP,18675,1297210
Odisha,2014,12,Nabarangpur ,ST,Arjuna Bhatara,M,ojm,ojm,24832,1297210
Odisha,2014,12,Nabarangpur ,ST,Gopinath Jani,M,BSP,BSP,31707,1297210
Odisha,2014,12,Nabarangpur ,ST,None Of The Above,,NOTA,NOTA,44408,1297210
Odisha,2014,12,Nabarangpur ,ST,Parsuram Majhi,M,BJP,BJP,138430,1297210
Odisha,2014,12,Nabarangpur ,ST,Pradeep Kumar Majhi,M,INC,INC,371845,1297210
Odisha,2014,12,Nabarangpur ,ST,Balabhadra Majhi,M,BJD,BJD,373887,1297210
Odisha,2014,13,Kandhamal,GEN,Basanta Kumar Pradhan,M,IND,IND,5798,1143602
Odisha,2014,13,Kandhamal,GEN,Bilasini Nayak,F,AOP,AOP,7741,1143602
Odisha,2014,13,Kandhamal,GEN,Narendra Mohanty,M,AAAP,AAAP,9522,1143602
Odisha,2014,13,Kandhamal,GEN,Ram Nayak,M,BSP,BSP,11080,1143602
Odisha,2014,13,Kandhamal,GEN,None Of The Above,,NOTA,NOTA,14159,1143602
Odisha,2014,13,Kandhamal,GEN,Lambodar Kanhar,M,IND,IND,20472,1143602
Odisha,2014,13,Kandhamal,GEN,Sukanta Kumar Panigrahi,M,BJP,BJP,108744,1143602
Odisha,2014,13,Kandhamal,GEN,Harihar Karan,M,INC,INC,240441,1143602
Odisha,2014,13,Kandhamal,GEN,Hemendra Chandra Singh,M,BJD,BJD,421458,1143602
Odisha,2014,14,Cuttack,GEN,Sabyasachi Mahapatra,M,CPIM,CPIM,1812,1371617
Odisha,2014,14,Cuttack,GEN,Jibesh Kishore Sundaray,M,AITC,AITC,2082,1371617
Odisha,2014,14,Cuttack,GEN,Binapani Das,F,SUCI,SUCI,2171,1371617
Odisha,2014,14,Cuttack,GEN,Pramod Kumar Mallick,M,BSP,BSP,3639,1371617
Odisha,2014,14,Cuttack,GEN,Bikash Das,M,AAAP,AAAP,4531,1371617
Odisha,2014,14,Cuttack,GEN,Sanjay Kumar Sahoo,M,IND,IND,5733,1371617
Odisha,2014,14,Cuttack,GEN,None Of The Above,,NOTA,NOTA,8889,1371617
Odisha,2014,14,Cuttack,GEN,Mahameghabahan Aira Kharabela Swain,M,AOP,AOP,58246,1371617
Odisha,2014,14,Cuttack,GEN,Samir Dey,M,BJP,BJP,146093,1371617
Odisha,2014,14,Cuttack,GEN,Aparajita Mohanty,F,INC,INC,219323,1371617
Odisha,2014,14,Cuttack,GEN,Bhartruhari Mahatab,M,BJD,BJD,526085,1371617
Odisha,2014,15,Kendrapara ,GEN,Sukumar Mallick,M,IND,IND,2216,1555444
Odisha,2014,15,Kendrapara ,GEN,Md.Samim Aktar,M,AAAP,AAAP,6019,1555444
Odisha,2014,15,Kendrapara ,GEN,Pramod Sahu,M,IND,IND,6185,1555444
Odisha,2014,15,Kendrapara ,GEN,Sk. Faruk,M,BSP,BSP,6192,1555444
Odisha,2014,15,Kendrapara ,GEN,None Of The Above,,NOTA,NOTA,7596,1555444
Odisha,2014,15,Kendrapara ,GEN,Bishnu Prasad Das,M,BJP,BJP,118653,1555444
Odisha,2014,15,Kendrapara ,GEN,Dharanidhar Nayak,M,INC,INC,390723,1555444
Odisha,2014,15,Kendrapara ,GEN,Baijayant Panda,M,BJD,BJD,600023,1555444
Odisha,2014,16,Jagatsinghpur ,SC,Manas Kumar Behera,M,IND,IND,3347,1499673
Odisha,2014,16,Jagatsinghpur ,SC,Anupama Sethy,F,AAAP,AAAP,5929,1499673
Odisha,2014,16,Jagatsinghpur ,SC,Pradip Kumar Mallick,M,BSP,BSP,6895,1499673
Odisha,2014,16,Jagatsinghpur ,SC,None Of The Above,,NOTA,NOTA,7624,1499673
Odisha,2014,16,Jagatsinghpur ,SC,Ajay Kumar Behera,M,CPI,CPI,18099,1499673
Odisha,2014,16,Jagatsinghpur ,SC,Baidhar Mallick,M,BJP,BJP,117448,1499673
Odisha,2014,16,Jagatsinghpur ,SC,Bibhu Prasad Tarai,M,INC,INC,348098,1499673
Odisha,2014,16,Jagatsinghpur ,SC,Kulamani Samal,M,BJD,BJD,624492,1499673
Odisha,2014,17,Puri,GEN,Nirad Baran Khuntia,M,AAAP,AAAP,4262,1404581
Odisha,2014,17,Puri,GEN,Ashok Pradhan,M,CPI(ML)(L),CPI(ML)(L),6969,1404581
Odisha,2014,17,Puri,GEN,Bhaskar Chandra Mohanty,M,BSP,BSP,7094,1404581
Odisha,2014,17,Puri,GEN,None Of The Above,,NOTA,NOTA,9150,1404581
Odisha,2014,17,Puri,GEN,Sabyasachi Mohapatra,M,KS,KS,13190,1404581
Odisha,2014,17,Puri,GEN,Ashok Sahu,M,BJP,BJP,215763,1404581
Odisha,2014,17,Puri,GEN,Sucharita Mohanty,F,INC,INC,259800,1404581
Odisha,2014,17,Puri,GEN,Pinaki Misra,M,BJD,BJD,523161,1404581
Odisha,2014,18,Bhubaneswar,GEN,Pramila Behera,F,CPIM,CPIM,948,1527768
Odisha,2014,18,Bhubaneswar,GEN,Kulamani Nayak,M,PBI,PBI,1128,1527768
Odisha,2014,18,Bhubaneswar,GEN,Prana Krushna Dalabehera,M,SAMO,SAMO,1194,1527768
Odisha,2014,18,Bhubaneswar,GEN,Rabindra Nath Behera,M,SP,SP,1745,1527768
Odisha,2014,18,Bhubaneswar,GEN,Madhu Sudan Yadav,M,BSP,BSP,3457,1527768
Odisha,2014,18,Bhubaneswar,GEN,Manas Ranjan Mishra,M,IND,IND,3783,1527768
Odisha,2014,18,Bhubaneswar,GEN,Bismaya Mahapatra,M,AAAP,AAAP,7112,1527768
Odisha,2014,18,Bhubaneswar,GEN,None Of The Above,,NOTA,NOTA,8140,1527768
Odisha,2014,18,Bhubaneswar,GEN,Sunjoy Hans,M,AOP,AOP,29505,1527768
Odisha,2014,18,Bhubaneswar,GEN,Bijay Mohanty,M,INC,INC,145783,1527768
Odisha,2014,18,Bhubaneswar,GEN,Prithiviraj Harichandan,M,BJP,BJP,249775,1527768
Odisha,2014,18,Bhubaneswar,GEN,Prasanna Kumar Patasani,M,BJD,BJD,439252,1527768
Odisha,2014,19,Aska,GEN,Sankar Sahu,M,CPIM,CPIM,4361,1408780
Odisha,2014,19,Aska,GEN,Kali Charana Nayak,M,IND,IND,5192,1408780
Odisha,2014,19,Aska,GEN,K. Shyambabu Subudhi,M,IND,IND,5293,1408780
Odisha,2014,19,Aska,GEN,Bansidhar Tripathy,M,AITC,AITC,7553,1408780
Odisha,2014,19,Aska,GEN,Bijaya Kumar Mahapatro,M,BSP,BSP,9127,1408780
Odisha,2014,19,Aska,GEN,Prabhat Kumar Mahanty,M,AAAP,AAAP,11063,1408780
Odisha,2014,19,Aska,GEN,None Of The Above,,NOTA,NOTA,15382,1408780
Odisha,2014,19,Aska,GEN,Mahesh Chandra Mohanty,M,BJP,BJP,67361,1408780
Odisha,2014,19,Aska,GEN,Srilokanath Ratha,M,INC,INC,229476,1408780
Odisha,2014,19,Aska,GEN,Ladu Kishore Swain,M,BJD,BJD,541473,1408780
Odisha,2014,20,Berhampur,GEN,Bidhan Chandra Panda,M,skd,skd,2773,1334268
Odisha,2014,20,Berhampur,GEN,Manoj Choudhury,M,AITC,AITC,3314,1334268
Odisha,2014,20,Berhampur,GEN,K. Shyambabu Subudhi,M,IND,IND,3383,1334268
Odisha,2014,20,Berhampur,GEN,A. Raghunath Varma,M,IND,IND,3719,1334268
Odisha,2014,20,Berhampur,GEN,Aswini Kumar Padhy,M,BSP,BSP,3865,1334268
Odisha,2014,20,Berhampur,GEN,Srihari Patanaik,M,IND,IND,4081,1334268
Odisha,2014,20,Berhampur,GEN,Dhanada Kanta Mishra,M,AAAP,AAAP,8248,1334268
Odisha,2014,20,Berhampur,GEN,None Of The Above,,NOTA,NOTA,12706,1334268
Odisha,2014,20,Berhampur,GEN,Ali Kishor Patnaik,M,CPM,CPM,35968,1334268
Odisha,2014,20,Berhampur,GEN,Rama Chandra Panda,M,BJP,BJP,158811,1334268
Odisha,2014,20,Berhampur,GEN,Chandra Sekhar Sahu,M,INC,INC,270387,1334268
Odisha,2014,20,Berhampur,GEN,Sidhant Mohapatra,M,BJD,BJD,398107,1334268
Odisha,2014,21,Koraput ,ST,Kailash Sabara,M,skd,skd,8910,1300437
Odisha,2014,21,Koraput ,ST,Prakash Hikaka,M,CPIM,CPIM,9609,1300437
Odisha,2014,21,Koraput ,ST,Meghanada Sabar,M,CPI(ML)(L),CPI(ML)(L),13343,1300437
Odisha,2014,21,Koraput ,ST,Lingaraj Gomango,M,IND,IND,13861,1300437
Odisha,2014,21,Koraput ,ST,Banamali Majhi,M,APoI,APoI,14854,1300437
Odisha,2014,21,Koraput ,ST,None Of The Above,,NOTA,NOTA,33232,1300437
Odisha,2014,21,Koraput ,ST,Praska Renga,M,BSP,BSP,34957,1300437
Odisha,2014,21,Koraput ,ST,Sibasankar Ulaka,M,BJP,BJP,89788,1300437
Odisha,2014,21,Koraput ,ST,Giridhar Gamang,M,INC,INC,375781,1300437
Odisha,2014,21,Koraput ,ST,Jhina Hikaka,M,BJD,BJD,395109,1300437
Puducherry,2014,1,Puducherry,GEN,P. Dhanarasu @ Mathimaharaja,M,IND,IND,198,901357
Puducherry,2014,1,Puducherry,GEN,S. Chitrakala,F,JD(U),JD(U),309,901357
Puducherry,2014,1,Puducherry,GEN,Marie Uthrianathan,M,SAP,SAP,366,901357
Puducherry,2014,1,Puducherry,GEN,G. Palani,M,CPI(ML)(L),CPI(ML)(L),438,901357
Puducherry,2014,1,Puducherry,GEN,Puvala Nageswara Rao,M,IND,IND,465,901357
Puducherry,2014,1,Puducherry,GEN,G. Sutha,F,IND,IND,467,901357
Puducherry,2014,1,Puducherry,GEN,I. Senthil Kumar,M,IND,IND,477,901357
Puducherry,2014,1,Puducherry,GEN,R. Valavan,M,IND,IND,497,901357
Puducherry,2014,1,Puducherry,GEN,P. Bakkiaraj,M,IND,IND,610,901357
Puducherry,2014,1,Puducherry,GEN,V. Vijaya,F,IND,IND,746,901357
Puducherry,2014,1,Puducherry,GEN,Kaliayamurthy,M,IND,IND,747,901357
Puducherry,2014,1,Puducherry,GEN,K. Manjini,M,IND,IND,767,901357
Puducherry,2014,1,Puducherry,GEN,J. Dhandapani,M,IND,IND,1144,901357
Puducherry,2014,1,Puducherry,GEN,K. Ramadass,M,IND,IND,1236,901357
Puducherry,2014,1,Puducherry,GEN,S. Sudarsanan,M,IND,IND,1270,901357
Puducherry,2014,1,Puducherry,GEN,M. Chittibabu,M,IND,IND,1340,901357
Puducherry,2014,1,Puducherry,GEN,Ramamurthi,M,IND,IND,1442,901357
Puducherry,2014,1,Puducherry,GEN,G. Shanmugam,M,IND,IND,1726,901357
Puducherry,2014,1,Puducherry,GEN,S. Ezhilarasan,M,IND,IND,1777,901357
Puducherry,2014,1,Puducherry,GEN,S. Krishnamoorthy,M,BSP,BSP,2060,901357
Puducherry,2014,1,Puducherry,GEN,Professor M. Ramadass,M,IND,IND,2494,901357
Puducherry,2014,1,Puducherry,GEN,P. Asaravel,M,IND,IND,3472,901357
Puducherry,2014,1,Puducherry,GEN,Sanjivganthi .S,M,IND,IND,5896,901357
Puducherry,2014,1,Puducherry,GEN,Dr. V. Rangarajan,M,AAAP,AAAP,8307,901357
Puducherry,2014,1,Puducherry,GEN,R. Viswanathan,M,CPI,CPI,12709,901357
Puducherry,2014,1,Puducherry,GEN,None Of The Above,,NOTA,NOTA,22268,901357
Puducherry,2014,1,Puducherry,GEN,R.K.R. Anantharaman,M,PMK,PMK,22754,901357
Puducherry,2014,1,Puducherry,GEN,A.M.H. Nazeem,M,DMK,DMK,60580,901357
Puducherry,2014,1,Puducherry,GEN,M.V. Omalingam,M,ADMK,ADMK,132657,901357
Puducherry,2014,1,Puducherry,GEN,V. Narayanasamy,M,INC,INC,194972,901357
Puducherry,2014,1,Puducherry,GEN,R. Radhakrishnan,M,AINRC,AINRC,255826,901357
Punjab,2014,1,Gurdaspur,GEN,Amit Aggarwal,M,IND,IND,1195,1500337
Punjab,2014,1,Gurdaspur,GEN,Peter Masih,M,SSPD,SSPD,1463,1500337
Punjab,2014,1,Gurdaspur,GEN,Mukesh,M,IND,IND,1649,1500337
Punjab,2014,1,Gurdaspur,GEN,Gurpreet Singh Khanna,M,BGTD,BGTD,1785,1500337
Punjab,2014,1,Gurdaspur,GEN,Sikander Singh,M,IND,IND,2124,1500337
Punjab,2014,1,Gurdaspur,GEN,Gurmeet Singh Bakhatpura,M,CPI(ML)(L),CPI(ML)(L),2875,1500337
Punjab,2014,1,Gurdaspur,GEN,Santosh Kumari,F,MEDP,MEDP,3645,1500337
Punjab,2014,1,Gurdaspur,GEN,Rohit Maingi,M,IND,IND,4057,1500337
Punjab,2014,1,Gurdaspur,GEN,None Of The Above,,NOTA,NOTA,4625,1500337
Punjab,2014,1,Gurdaspur,GEN,Sukhwinder Singh,M,BSP,BSP,5621,1500337
Punjab,2014,1,Gurdaspur,GEN,Varinder Singh,M,CPI,CPI,11839,1500337
Punjab,2014,1,Gurdaspur,GEN,Sucha Singh Chhotepur,M,AAAP,AAAP,173376,1500337
Punjab,2014,1,Gurdaspur,GEN,Partap Singh Bajwa,M,INC,INC,346190,1500337
Punjab,2014,1,Gurdaspur,GEN,Vinod Khanna,M,BJP,BJP,482255,1500337
Punjab,2014,2,Amritsar,GEN,Krishan Sharma,M,NBDP,NBDP,503,1477262
Punjab,2014,2,Amritsar,GEN,Gurdial Singh Gill,M,DBSP,DBSP,604,1477262
Punjab,2014,2,Amritsar,GEN,Balbir Singh,M,BGTD,BGTD,827,1477262
Punjab,2014,2,Amritsar,GEN,Surinder Singh,M,DCP,DCP,833,1477262
Punjab,2014,2,Amritsar,GEN,Yusaf Mohammad,M,SP,SP,922,1477262
Punjab,2014,2,Amritsar,GEN,Buta Singh,M,BSP(A),BSP(A),941,1477262
Punjab,2014,2,Amritsar,GEN,Mohinder Singh,M,IND,IND,1140,1477262
Punjab,2014,2,Amritsar,GEN,Amarinder Singh,M,IND,IND,1151,1477262
Punjab,2014,2,Amritsar,GEN,Rehmat Masih,M,IND,IND,1214,1477262
Punjab,2014,2,Amritsar,GEN,Kanwaljit Singh Sahota,M,IND,IND,2123,1477262
Punjab,2014,2,Amritsar,GEN,Bhagwant Singh,M,IND,IND,2303,1477262
Punjab,2014,2,Amritsar,GEN,Surinder Kumar Khosla,M,IND,IND,2396,1477262
Punjab,2014,2,Amritsar,GEN,None Of The Above,,NOTA,NOTA,2533,1477262
Punjab,2014,2,Amritsar,GEN,Sham Lal Gandhiwadi,M,IND,IND,2691,1477262
Punjab,2014,2,Amritsar,GEN,Bal Krishan Sharma,M,IND,IND,2878,1477262
Punjab,2014,2,Amritsar,GEN,Dr. Inderpal,M,IND,IND,3083,1477262
Punjab,2014,2,Amritsar,GEN,Gagandeep Kumar,M,IND,IND,3294,1477262
Punjab,2014,2,Amritsar,GEN,Rattan Singh Randhawa,M,IND,IND,4350,1477262
Punjab,2014,2,Amritsar,GEN,Pardeep Singh Walia,M,BSP,BSP,5870,1477262
Punjab,2014,2,Amritsar,GEN,Arun Kumar Joshi,M,IND,IND,9023,1477262
Punjab,2014,2,Amritsar,GEN,Amarjit Singh Asal,M,CPI,CPI,12902,1477262
Punjab,2014,2,Amritsar,GEN,Dr. Daljit Singh,M,AAAP,AAAP,82633,1477262
Punjab,2014,2,Amritsar,GEN,Arun Jaitley,M,BJP,BJP,380106,1477262
Punjab,2014,2,Amritsar,GEN,Captain Amarinder Singh,M,INC,INC,482876,1477262
Punjab,2014,3,Khadoor Sahib,GEN,Sukhdev Singh Chohan,M,IND,IND,801,1563409
Punjab,2014,3,Khadoor Sahib,GEN,Kawaljit Singh,M,IND,IND,962,1563409
Punjab,2014,3,Khadoor Sahib,GEN,Sukhwant Singh,M,IND,IND,1053,1563409
Punjab,2014,3,Khadoor Sahib,GEN,Gurpal Singh,M,aimpr,aimpr,1182,1563409
Punjab,2014,3,Khadoor Sahib,GEN,Sukhchain Chand,M,DBSP,DBSP,1313,1563409
Punjab,2014,3,Khadoor Sahib,GEN,Mahinder Singh Hamira,M,IND,IND,1720,1563409
Punjab,2014,3,Khadoor Sahib,GEN,Balwant Singh Sultanpuri,M,BSP(A),BSP(A),2930,1563409
Punjab,2014,3,Khadoor Sahib,GEN,Jasbir Singh,M,IND,IND,3114,1563409
Punjab,2014,3,Khadoor Sahib,GEN,Bhupinder Singh,M,IND,IND,3282,1563409
Punjab,2014,3,Khadoor Sahib,GEN,Balwinder Singh,M,IND,IND,3804,1563409
Punjab,2014,3,Khadoor Sahib,GEN,Stephen Masih,M,SSPD,SSPD,4329,1563409
Punjab,2014,3,Khadoor Sahib,GEN,None Of The Above,,NOTA,NOTA,5624,1563409
Punjab,2014,3,Khadoor Sahib,GEN,Sucha Singh Mann,M,BSP,BSP,8491,1563409
Punjab,2014,3,Khadoor Sahib,GEN,Gurnam Singh,M,IND,IND,9307,1563409
Punjab,2014,3,Khadoor Sahib,GEN,Simranjit Singh Mann,M,SAD(M),SAD(M),13990,1563409
Punjab,2014,3,Khadoor Sahib,GEN,Baldeep Singh,M,AAAP,AAAP,144521,1563409
Punjab,2014,3,Khadoor Sahib,GEN,Harminder Singh Gill,M,INC,INC,366763,1563409
Punjab,2014,3,Khadoor Sahib,GEN,Ranjit Singh Brahmpura,M,SAD,SAD,467332,1563409
Punjab,2014,4,Jalandhar,SC,Ajay Kumar Bhagat,M,IND,IND,692,1551497
Punjab,2014,4,Jalandhar,SC,Paramjit Kumar,M,BMUP,BMUP,717,1551497
Punjab,2014,4,Jalandhar,SC,Vivek,M,IND,IND,741,1551497
Punjab,2014,4,Jalandhar,SC,Amit Jassi,M,IND,IND,779,1551497
Punjab,2014,4,Jalandhar,SC,Kamal Thapar,M,IND,IND,933,1551497
Punjab,2014,4,Jalandhar,SC,Kuldip Kumar,M,IND,IND,953,1551497
Punjab,2014,4,Jalandhar,SC,Manjit Kaur W/O Sukhwinder Singh,F,IND,IND,1044,1551497
Punjab,2014,4,Jalandhar,SC,Jagan Nath Bajwa,M,IND,IND,1082,1551497
Punjab,2014,4,Jalandhar,SC,Jarnail Singh,M,BhJaSP,BhJaSP,1178,1551497
Punjab,2014,4,Jalandhar,SC,Vijay Hans,M,DBSP,DBSP,1192,1551497
Punjab,2014,4,Jalandhar,SC,K.K. Sabharwal,M,IND,IND,1454,1551497
Punjab,2014,4,Jalandhar,SC,Vijay Kumar,M,IND,IND,1528,1551497
Punjab,2014,4,Jalandhar,SC,Manjeet Kaur W/O Sukhdev Singh,F,IND,IND,1952,1551497
Punjab,2014,4,Jalandhar,SC,Nirmal Singh Bolina,M,IND,IND,2257,1551497
Punjab,2014,4,Jalandhar,SC,Tara Singh Gill,M,BSP(A),BSP(A),2268,1551497
Punjab,2014,4,Jalandhar,SC,Dharminder,M,IND,IND,2458,1551497
Punjab,2014,4,Jalandhar,SC,Love Kishor,M,IND,IND,3265,1551497
Punjab,2014,4,Jalandhar,SC,Subhash Goria,M,SHS,SHS,3497,1551497
Punjab,2014,4,Jalandhar,SC,None Of The Above,,NOTA,NOTA,5436,1551497
Punjab,2014,4,Jalandhar,SC,Tarsem Peter,M,IND,IND,6250,1551497
Punjab,2014,4,Jalandhar,SC,Darshan Nahar,M,IND,IND,10074,1551497
Punjab,2014,4,Jalandhar,SC,Sukhwinder Singh Kotli,M,BSP,BSP,46914,1551497
Punjab,2014,4,Jalandhar,SC,Jyoti Mann,F,AAAP,AAAP,254121,1551497
Punjab,2014,4,Jalandhar,SC,Pawan Kumar Tinu,M,SAD,SAD,309498,1551497
Punjab,2014,4,Jalandhar,SC,Santokh Singh Chaudhary,M,INC,INC,380479,1551497
Punjab,2014,5,Hoshiarpur,SC,Om Parkash Jakhu,M,IND,IND,699,1485286
Punjab,2014,5,Hoshiarpur,SC,Vijay Kumar,M,SSPD,SSPD,889,1485286
Punjab,2014,5,Hoshiarpur,SC,Anu Kumar,M,IND,IND,911,1485286
Punjab,2014,5,Hoshiarpur,SC,Lakhvir Singh,M,DBSP,DBSP,1062,1485286
Punjab,2014,5,Hoshiarpur,SC,Jaswinder Singh,M,SHS,SHS,1230,1485286
Punjab,2014,5,Hoshiarpur,SC,Deepak Kumar,M,BMUP,BMUP,1446,1485286
Punjab,2014,5,Hoshiarpur,SC,Davinder Singh,M,IND,IND,1488,1485286
Punjab,2014,5,Hoshiarpur,SC,Ram Kishan,M,IND,IND,1689,1485286
Punjab,2014,5,Hoshiarpur,SC,Bishan Dass,M,IND,IND,1853,1485286
Punjab,2014,5,Hoshiarpur,SC,Anoop Singh,M,BhJaSP,BhJaSP,2158,1485286
Punjab,2014,5,Hoshiarpur,SC,Shamsher Singh,M,SAD(M),SAD(M),2527,1485286
Punjab,2014,5,Hoshiarpur,SC,Ravi Dutt,M,IND,IND,2564,1485286
Punjab,2014,5,Hoshiarpur,SC,Pawan Kumar,M,IND,IND,3216,1485286
Punjab,2014,5,Hoshiarpur,SC,None Of The Above,,NOTA,NOTA,5976,1485286
Punjab,2014,5,Hoshiarpur,SC,Bhagwan Singh Chauhan,M,BSP,BSP,40497,1485286
Punjab,2014,5,Hoshiarpur,SC,Yamini Gomar,F,AAAP,AAAP,213388,1485286
Punjab,2014,5,Hoshiarpur,SC,Mohinder Singh Kaypee,M,INC,INC,333061,1485286
Punjab,2014,5,Hoshiarpur,SC,Vijay Sampla,M,BJP,BJP,346643,1485286
Punjab,2014,6,Anandpur Sahib,GEN,Ramesh Rani Parjapati,F,BMUP,BMUP,718,1564721
Punjab,2014,6,Anandpur Sahib,GEN,Gurnam Singh,M,IND,IND,722,1564721
Punjab,2014,6,Anandpur Sahib,GEN,Resham Kahlon,M,BA S D,BA S D,837,1564721
Punjab,2014,6,Anandpur Sahib,GEN,Gurmeet Singh,M,IND,IND,1010,1564721
Punjab,2014,6,Anandpur Sahib,GEN,Navneet Chautala,M,IND,IND,1307,1564721
Punjab,2014,6,Anandpur Sahib,GEN,Harcharan Singh,M,IND,IND,1423,1564721
Punjab,2014,6,Anandpur Sahib,GEN,Mandeep Singh Bittu,M,IND,IND,1427,1564721
Punjab,2014,6,Anandpur Sahib,GEN,Jaswant Singh Mann,M,SAD(M),SAD(M),1706,1564721
Punjab,2014,6,Anandpur Sahib,GEN,Gursharn Singh Panesar,M,IND,IND,1943,1564721
Punjab,2014,6,Anandpur Sahib,GEN,Davinder Kumar Verma,M,IND,IND,1995,1564721
Punjab,2014,6,Anandpur Sahib,GEN,Daljit Singh,M,IND,IND,2713,1564721
Punjab,2014,6,Anandpur Sahib,GEN,Faqir Chand Kariha,M,IND,IND,3869,1564721
Punjab,2014,6,Anandpur Sahib,GEN,Baljit Kaur,F,IND,IND,4250,1564721
Punjab,2014,6,Anandpur Sahib,GEN,None Of The Above,,NOTA,NOTA,5937,1564721
Punjab,2014,6,Anandpur Sahib,GEN,Balbir Singh Jadla,M,CPM,CPM,10483,1564721
Punjab,2014,6,Anandpur Sahib,GEN,K.S.Makhan,M,BSP,BSP,69124,1564721
Punjab,2014,6,Anandpur Sahib,GEN,Himmat Singh Shergill,M,AAAP,AAAP,306008,1564721
Punjab,2014,6,Anandpur Sahib,GEN,Ambika Soni,F,INC,INC,323697,1564721
Punjab,2014,6,Anandpur Sahib,GEN,Prem Singh Chandumajra,M,SAD,SAD,347394,1564721
Punjab,2014,7,Ludhiana,GEN,Kulwinder Pal Singh,M,IND,IND,986,1561201
Punjab,2014,7,Ludhiana,GEN,Darshan Singh,M,SHS,SHS,1028,1561201
Punjab,2014,7,Ludhiana,GEN,Raj Kumar Atwal,M,IND,IND,1089,1561201
Punjab,2014,7,Ludhiana,GEN,Mohammad Maksood Ansari,M,BMUP,BMUP,1111,1561201
Punjab,2014,7,Ludhiana,GEN,Hari Ram Sahni,M,AIFB,AIFB,1168,1561201
Punjab,2014,7,Ludhiana,GEN,Bittu,M,RPI(A),RPI(A),1286,1561201
Punjab,2014,7,Ludhiana,GEN,Kishan Kumar Sharma,M,JKNPP,JKNPP,1483,1561201
Punjab,2014,7,Ludhiana,GEN,Jai Parkash Jain,M,IND,IND,1519,1561201
Punjab,2014,7,Ludhiana,GEN,Tarsem Singh Banga,M,IND,IND,1934,1561201
Punjab,2014,7,Ludhiana,GEN,Mohd. Naseem Ansari,M,aicp,aicp,1984,1561201
Punjab,2014,7,Ludhiana,GEN,Akshaybar Nath Mishra,M,JD(U),JD(U),2925,1561201
Punjab,2014,7,Ludhiana,GEN,Navpreet Singh Bedi,M,IND,IND,3144,1561201
Punjab,2014,7,Ludhiana,GEN,None Of The Above,,NOTA,NOTA,3220,1561201
Punjab,2014,7,Ludhiana,GEN,Jaswinder Singh Bains,M,IND,IND,3238,1561201
Punjab,2014,7,Ludhiana,GEN,Simerjit Singh,M,IND,IND,3980,1561201
Punjab,2014,7,Ludhiana,GEN,Sukhwinder Singh Sekhon,M,CPM,CPM,4167,1561201
Punjab,2014,7,Ludhiana,GEN,Gurdeep Singh Kahlon,M,IND,IND,4509,1561201
Punjab,2014,7,Ludhiana,GEN,Rajiv Kumar Kalra,M,IND,IND,4653,1561201
Punjab,2014,7,Ludhiana,GEN,Navjot Singh Mandair,M,BSP,BSP,8317,1561201
Punjab,2014,7,Ludhiana,GEN,Simarjeet Singh Bains,M,IND,IND,210917,1561201
Punjab,2014,7,Ludhiana,GEN,Manpreet Singh Ayali,M,SAD,SAD,256590,1561201
Punjab,2014,7,Ludhiana,GEN,Harvinder Singh Phoolka,M,AAAP,AAAP,280750,1561201
Punjab,2014,7,Ludhiana,GEN,Ravneet Singh Bittu,M,INC,INC,300459,1561201
Punjab,2014,8,Fatehgarh Sahib,SC,Avtar Singh,M,IND,IND,848,1396957
Punjab,2014,8,Fatehgarh Sahib,SC,Manpreet Singh,M,IND,IND,886,1396957
Punjab,2014,8,Fatehgarh Sahib,SC,Paramjit Singh,M,IND,IND,1266,1396957
Punjab,2014,8,Fatehgarh Sahib,SC,Ranjit Singh,M,IND,IND,1679,1396957
Punjab,2014,8,Fatehgarh Sahib,SC,Lakhvir Singh,M,JKNPP,JKNPP,1733,1396957
Punjab,2014,8,Fatehgarh Sahib,SC,Gurdeep Singh,M,IVD,IVD,1930,1396957
Punjab,2014,8,Fatehgarh Sahib,SC,Lachhman Singh S/O S.Gulzar Singh,M,IND,IND,2141,1396957
Punjab,2014,8,Fatehgarh Sahib,SC,Nirmal Singh,M,NCP,NCP,2149,1396957
Punjab,2014,8,Fatehgarh Sahib,SC,Harpreet Singh,M,BMUP,BMUP,2352,1396957
Punjab,2014,8,Fatehgarh Sahib,SC,Lachhman Singh S/O S.Saroop Singh,M,IND,IND,2852,1396957
Punjab,2014,8,Fatehgarh Sahib,SC,Dharam Singh,M,SAD(M),SAD(M),3173,1396957
Punjab,2014,8,Fatehgarh Sahib,SC,None Of The Above,,NOTA,NOTA,4005,1396957
Punjab,2014,8,Fatehgarh Sahib,SC,Sarabjeet Singh,M,BSP,BSP,12683,1396957
Punjab,2014,8,Fatehgarh Sahib,SC,Kulwant Singh,M,SAD,SAD,312815,1396957
Punjab,2014,8,Fatehgarh Sahib,SC,Sadhu Singh,M,INC,INC,313149,1396957
Punjab,2014,8,Fatehgarh Sahib,SC,Harinder Singh Khalsa,M,AAAP,AAAP,367293,1396957
Punjab,2014,9,Faridkot,SC,Gobind Singh,M,RPI(A),RPI(A),865,1455075
Punjab,2014,9,Faridkot,SC,Badal Singh,M,IND,IND,1123,1455075
Punjab,2014,9,Faridkot,SC,Paramjit Kaur W/O Amrik Singh,F,BMUP,BMUP,1159,1455075
Punjab,2014,9,Faridkot,SC,Jarnail Singh,M,NBDP,NBDP,1358,1455075
Punjab,2014,9,Faridkot,SC,Moti Lal,M,BhSMP,BhSMP,1512,1455075
Punjab,2014,9,Faridkot,SC,Gurcharan Singh,M,RPI,RPI,1531,1455075
Punjab,2014,9,Faridkot,SC,Darshan Singh,M,SAD(M),SAD(M),1605,1455075
Punjab,2014,9,Faridkot,SC,Paramjeet Kaur W/O Gurpreet Singh,F,IND,IND,1623,1455075
Punjab,2014,9,Faridkot,SC,Jasveer Singh,M,IND,IND,1693,1455075
Punjab,2014,9,Faridkot,SC,Seema Rani,F,IND,IND,1726,1455075
Punjab,2014,9,Faridkot,SC,Mangat Ram Manga,M,SHS,SHS,2213,1455075
Punjab,2014,9,Faridkot,SC,Reena Kumari,F,IND,IND,2473,1455075
Punjab,2014,9,Faridkot,SC,Joginder Singh S/O Kesar Singh,M,IND,IND,2667,1455075
Punjab,2014,9,Faridkot,SC,Satpal Singh,M,IKL,IKL,3680,1455075
Punjab,2014,9,Faridkot,SC,None Of The Above,,NOTA,NOTA,3816,1455075
Punjab,2014,9,Faridkot,SC,Sant Ram,M,BSP,BSP,8282,1455075
Punjab,2014,9,Faridkot,SC,Kashmir Singh,M,CPI,CPI,14573,1455075
Punjab,2014,9,Faridkot,SC,Joginder Singh,M,INC,INC,251222,1455075
Punjab,2014,9,Faridkot,SC,Paramjit Kaur Gulshan,F,SAD,SAD,278235,1455075
Punjab,2014,9,Faridkot,SC,Prof. Sadhu Singh,M,AAAP,AAAP,450751,1455075
Punjab,2014,10,Firozpur,GEN,Baljinder Singh,M,BGTD,BGTD,681,1522111
Punjab,2014,10,Firozpur,GEN,Sampuran Singh,M,IND,IND,682,1522111
Punjab,2014,10,Firozpur,GEN,Swaran Singh,M,IND,IND,766,1522111
Punjab,2014,10,Firozpur,GEN,Paramjeet Singh Desal,M,IND,IND,976,1522111
Punjab,2014,10,Firozpur,GEN,Gurjant Singh,M,IND,IND,1088,1522111
Punjab,2014,10,Firozpur,GEN,Chanan Singh Wattu,M,IND,IND,1237,1522111
Punjab,2014,10,Firozpur,GEN,Rajinder Bhatheja,M,IND,IND,1546,1522111
Punjab,2014,10,Firozpur,GEN,Panjab Singh Katwal,M,IND,IND,1759,1522111
Punjab,2014,10,Firozpur,GEN,Manoj Kumar Monga,M,IND,IND,1896,1522111
Punjab,2014,10,Firozpur,GEN,Raj Gill,M,IND,IND,3311,1522111
Punjab,2014,10,Firozpur,GEN,Dhian Singh Mand,M,SAD(M),SAD(M),3655,1522111
Punjab,2014,10,Firozpur,GEN,None Of The Above,,NOTA,NOTA,7685,1522111
Punjab,2014,10,Firozpur,GEN,Ram Kumar Parjapat,M,BSP,BSP,22274,1522111
Punjab,2014,10,Firozpur,GEN,Satnam Paul Kamboj,M,AAAP,AAAP,113412,1522111
Punjab,2014,10,Firozpur,GEN,Sunil Jakhar,M,INC,INC,456512,1522111
Punjab,2014,10,Firozpur,GEN,Sher Singh Ghubaya,M,SAD,SAD,487932,1522111
Punjab,2014,11,Bathinda,GEN,Jagdeep Singh,M,IND,IND,668,1525289
Punjab,2014,11,Bathinda,GEN,Jaspal Singh,M,IND,IND,703,1525289
Punjab,2014,11,Bathinda,GEN,Gurcharan Singh,M,IND,IND,820,1525289
Punjab,2014,11,Bathinda,GEN,Kartar Singh,M,IND,IND,916,1525289
Punjab,2014,11,Bathinda,GEN,Suresh Kumar Goyal,M,JanSP,JanSP,944,1525289
Punjab,2014,11,Bathinda,GEN,Dyal Chand,M,IND,IND,955,1525289
Punjab,2014,11,Bathinda,GEN,Sukhwinder Singh,M,BMUP,BMUP,1086,1525289
Punjab,2014,11,Bathinda,GEN,Jagdish Rai Sharma,M,NBDP,NBDP,1248,1525289
Punjab,2014,11,Bathinda,GEN,Sushil Kumar Jindal,M,IND,IND,1330,1525289
Punjab,2014,11,Bathinda,GEN,Gurmeet Singh Ranghreta,M,PLP,PLP,1386,1525289
Punjab,2014,11,Bathinda,GEN,Gurdeep Singh,M,IKL,IKL,1404,1525289
Punjab,2014,11,Bathinda,GEN,Bhupesh Kumar,M,IND,IND,1487,1525289
Punjab,2014,11,Bathinda,GEN,Jagdeep Singh Gehri,M,IND,IND,1665,1525289
Punjab,2014,11,Bathinda,GEN,Navneet,M,SHS,SHS,1893,1525289
Punjab,2014,11,Bathinda,GEN,Rajinder Singh,M,SAD(M),SAD(M),1960,1525289
Punjab,2014,11,Bathinda,GEN,Swaran Singh,M,IND,IND,2077,1525289
Punjab,2014,11,Bathinda,GEN,Vijay Kumar,M,IND,IND,2258,1525289
Punjab,2014,11,Bathinda,GEN,Makhan Lal,M,BSP(A),BSP(A),2587,1525289
Punjab,2014,11,Bathinda,GEN,Sanjeev Kumar Thapar,M,IND,IND,2833,1525289
Punjab,2014,11,Bathinda,GEN,Geeta Rani,F,ABSR,ABSR,4380,1525289
Punjab,2014,11,Bathinda,GEN,Shaminder Singh,M,JKNPP,JKNPP,4610,1525289
Punjab,2014,11,Bathinda,GEN,Manpreet Singh Badal S/O Gurdev Singh,M,IND,IND,4618,1525289
Punjab,2014,11,Bathinda,GEN,None Of The Above,,NOTA,NOTA,4701,1525289
Punjab,2014,11,Bathinda,GEN,Satish Arora,M,IND,IND,5936,1525289
Punjab,2014,11,Bathinda,GEN,Bhagwant Singh Samaon,M,CPI(ML)(L),CPI(ML)(L),5984,1525289
Punjab,2014,11,Bathinda,GEN,Ashish,M,IND,IND,6626,1525289
Punjab,2014,11,Bathinda,GEN,Kuldeep Singh,M,BSP,BSP,13732,1525289
Punjab,2014,11,Bathinda,GEN,Jasraj Singh Longia,M,AAAP,AAAP,87901,1525289
Punjab,2014,11,Bathinda,GEN,Manpreet Singh Badal S/O Gurdas Singh,M,INC,INC,495332,1525289
Punjab,2014,11,Bathinda,GEN,Harsimrat Kaur Badal,F,SAD,SAD,514727,1525289
Punjab,2014,12,Sangrur,GEN,Parveen Kaur,F,IND,IND,798,1424743
Punjab,2014,12,Sangrur,GEN,Gurdeep Singh,M,DBSP,DBSP,1069,1424743
Punjab,2014,12,Sangrur,GEN,Sukhdev Singh,M,IND,IND,1233,1424743
Punjab,2014,12,Sangrur,GEN,Harinder Kumar,M,IND,IND,1486,1424743
Punjab,2014,12,Sangrur,GEN,Jaswant Singh,M,BMUP,BMUP,1556,1424743
Punjab,2014,12,Sangrur,GEN,Karam Singh,M,IND,IND,1601,1424743
Punjab,2014,12,Sangrur,GEN,Manoj Kumar,M,IND,IND,1854,1424743
Punjab,2014,12,Sangrur,GEN,None Of The Above,,NOTA,NOTA,2188,1424743
Punjab,2014,12,Sangrur,GEN,Mahmood Ahmed Thind,M,IUML,IUML,2261,1424743
Punjab,2014,12,Sangrur,GEN,Bhagwant Singh,M,IND,IND,2334,1424743
Punjab,2014,12,Sangrur,GEN,Gurpreet Singh,M,CPI(ML)(L),CPI(ML)(L),2746,1424743
Punjab,2014,12,Sangrur,GEN,Dharam Singh,M,IND,IND,3290,1424743
Punjab,2014,12,Sangrur,GEN,Joginder Singh Aulakh,M,CPM,CPM,3315,1424743
Punjab,2014,12,Sangrur,GEN,Karnail Singh,M,SAD(M),SAD(M),4127,1424743
Punjab,2014,12,Sangrur,GEN,Bijender,M,IND,IND,5395,1424743
Punjab,2014,12,Sangrur,GEN,Jit Singh,M,CPIM,CPIM,5879,1424743
Punjab,2014,12,Sangrur,GEN,Joti Devaji Ansuia,F,IND,IND,6830,1424743
Punjab,2014,12,Sangrur,GEN,Sukhdev Ram Sharma,M,CPI,CPI,6934,1424743
Punjab,2014,12,Sangrur,GEN,Madan Bhatti,M,BSP,BSP,8408,1424743
Punjab,2014,12,Sangrur,GEN,Vijay Inder Singla,M,INC,INC,181410,1424743
Punjab,2014,12,Sangrur,GEN,Sukhdev Singh Dhindsa,M,SAD,SAD,321516,1424743
Punjab,2014,12,Sangrur,GEN,Bhagwant Mann,M,AAAP,AAAP,533237,1424743
Punjab,2014,13,Patiala,GEN,Lakhwinder Singh Malhi,M,IND,IND,809,1580273
Punjab,2014,13,Patiala,GEN,Amrik Singh,M,aicp,aicp,936,1580273
Punjab,2014,13,Patiala,GEN,Ravinder Singh,M,BhSMP,BhSMP,1177,1580273
Punjab,2014,13,Patiala,GEN,Randhir Singh,M,BMUP,BMUP,1234,1580273
Punjab,2014,13,Patiala,GEN,Dharam Pal,M,IND,IND,1271,1580273
Punjab,2014,13,Patiala,GEN,Rajinder Singh Pawar,M,IND,IND,1625,1580273
Punjab,2014,13,Patiala,GEN,Ranjit Kaur,F,BGTD,BGTD,2178,1580273
Punjab,2014,13,Patiala,GEN,Gurbhej Singh,M,IND,IND,2217,1580273
Punjab,2014,13,Patiala,GEN,Harish Kumar,M,SHS,SHS,2325,1580273
Punjab,2014,13,Patiala,GEN,Gurpreet Singh,M,BSP(A),BSP(A),2378,1580273
Punjab,2014,13,Patiala,GEN,Ramisher Singh Billa,M,IND,IND,2625,1580273
Punjab,2014,13,Patiala,GEN,Mohinder Pal Singh,M,SAD(M),SAD(M),2773,1580273
Punjab,2014,13,Patiala,GEN,None Of The Above,,NOTA,NOTA,3008,1580273
Punjab,2014,13,Patiala,GEN,Parveen Kumar,M,IND,IND,4089,1580273
Punjab,2014,13,Patiala,GEN,Parvesh Bhateja,M,IND,IND,4915,1580273
Punjab,2014,13,Patiala,GEN,Nirmal Singh Dhaliwal,M,CPI,CPI,8537,1580273
Punjab,2014,13,Patiala,GEN,Ram Singh Dhiman,M,BSP,BSP,13014,1580273
Punjab,2014,13,Patiala,GEN,Bibi Kamaldeep Kaur Rajoana,F,IND,IND,15313,1580273
Punjab,2014,13,Patiala,GEN,Deepinder Singh Dhillon,M,SAD,SAD,340109,1580273
Punjab,2014,13,Patiala,GEN,Preneet Kaur,F,INC,INC,344729,1580273
Punjab,2014,13,Patiala,GEN,Dr. Dharam Vira Gandhi,M,AAAP,AAAP,365671,1580273
Rajasthan,2014,1,Ganganagar,SC,Hetram,M,RJVP,RJVP,2943,1718414
Rajasthan,2014,1,Ganganagar,SC,Kumbha Ram,M,IND,IND,3007,1718414
Rajasthan,2014,1,Ganganagar,SC,Jasvinder Singh,M,JMBP,JMBP,3395,1718414
Rajasthan,2014,1,Ganganagar,SC,Sunil Bhadrwal,M,LD,LD,3729,1718414
Rajasthan,2014,1,Ganganagar,SC,Om Parkash,M,IND,IND,3750,1718414
Rajasthan,2014,1,Ganganagar,SC,Titar Singh,M,IND,IND,3924,1718414
Rajasthan,2014,1,Ganganagar,SC,Advocate Kartar Singh Bains,M,AITC,AITC,5025,1718414
Rajasthan,2014,1,Ganganagar,SC,Dr. Paluskar K. T.,M,PRCP,PRCP,5232,1718414
Rajasthan,2014,1,Ganganagar,SC,Balwant Singh Hariyala,M,BhSMP,BhSMP,5364,1718414
Rajasthan,2014,1,Ganganagar,SC,Amar Singh,M,BMUP,BMUP,6686,1718414
Rajasthan,2014,1,Ganganagar,SC,None Of The Above,,NOTA,NOTA,6918,1718414
Rajasthan,2014,1,Ganganagar,SC,Balraj Bawari,M,IND,IND,8788,1718414
Rajasthan,2014,1,Ganganagar,SC,Dulichand Meghwal,M,IND,IND,11981,1718414
Rajasthan,2014,1,Ganganagar,SC,Palaram,M,CPM,CPM,14944,1718414
Rajasthan,2014,1,Ganganagar,SC,Dr. Balkrishan Bawari,M,AAAP,AAAP,40016,1718414
Rajasthan,2014,1,Ganganagar,SC,Shimla Devi Nayak (Advocate),F,nuzp,nuzp,106585,1718414
Rajasthan,2014,1,Ganganagar,SC,Master Bhanwarlal Meghwal,M,INC,INC,366389,1718414
Rajasthan,2014,1,Ganganagar,SC,Nihalchand,M,BJP,BJP,658130,1718414
Rajasthan,2014,2,Bikaner,SC,Ram Ratan Meghwal,M,BMUP,BMUP,2538,1592355
Rajasthan,2014,2,Bikaner,SC,Gopal Balmiki,M,IND,IND,4398,1592355
Rajasthan,2014,2,Bikaner,SC,Jagdish Kumar Nayak,M,IND,IND,5164,1592355
Rajasthan,2014,2,Bikaner,SC,Bhanwar Lal,M,BSP,BSP,11387,1592355
Rajasthan,2014,2,Bikaner,SC,None Of The Above,,NOTA,NOTA,13492,1592355
Rajasthan,2014,2,Bikaner,SC,Dr. Gauri Shanker Daabi,M,AAAP,AAAP,14148,1592355
Rajasthan,2014,2,Bikaner,SC,Mangilal Nayak,M,nuzp,nuzp,16839,1592355
Rajasthan,2014,2,Bikaner,SC,Er. Shankar Pannu,M,INC,INC,276853,1592355
Rajasthan,2014,2,Bikaner,SC,Arjun Ram Meghwal,M,BJP,BJP,584932,1592355
Rajasthan,2014,3,Churu,GEN,Toruram Meghwal,M,BMUP,BMUP,2054,1753825
Rajasthan,2014,3,Churu,GEN,Mohammad Ali Khan,M,BA S D,BA S D,2313,1753825
Rajasthan,2014,3,Churu,GEN,Syopat Ram,M,BhSMP,BhSMP,2330,1753825
Rajasthan,2014,3,Churu,GEN,Ajay Kumar,M,IND,IND,2938,1753825
Rajasthan,2014,3,Churu,GEN,Rajpal,M,IND,IND,3727,1753825
Rajasthan,2014,3,Churu,GEN,Gordhan Sarswat,M,AITC,AITC,3991,1753825
Rajasthan,2014,3,Churu,GEN,Salim Gujar,M,IND,IND,4018,1753825
Rajasthan,2014,3,Churu,GEN,Indra Singh Jat,M,CPM,CPM,10778,1753825
Rajasthan,2014,3,Churu,GEN,None Of The Above,,NOTA,NOTA,11293,1753825
Rajasthan,2014,3,Churu,GEN,Krishan Kumar Saran,M,AAAP,AAAP,13977,1753825
Rajasthan,2014,3,Churu,GEN,Pratap Singh,M,INC,INC,176912,1753825
Rajasthan,2014,3,Churu,GEN,Abhinesh Maharshi,M,BSP,BSP,301017,1753825
Rajasthan,2014,3,Churu,GEN,Rahul Kaswan,M,BJP,BJP,595756,1753825
Rajasthan,2014,4,Jhunjhunu,GEN,Praveen Kumar,M,IND,IND,1178,1697470
Rajasthan,2014,4,Jhunjhunu,GEN,Bhan Singh,M,BhSMP,BhSMP,1885,1697470
Rajasthan,2014,4,Jhunjhunu,GEN,Om Prakash Jharoda,M,CPI(ML)(L),CPI(ML)(L),2506,1697470
Rajasthan,2014,4,Jhunjhunu,GEN,Mahabeer Prasad Kumawat,M,IND,IND,2932,1697470
Rajasthan,2014,4,Jhunjhunu,GEN,Bhudar Mal,M,AITC,AITC,2979,1697470
Rajasthan,2014,4,Jhunjhunu,GEN,Urmila,F,MEDP,MEDP,5581,1697470
Rajasthan,2014,4,Jhunjhunu,GEN,None Of The Above,,NOTA,NOTA,8038,1697470
Rajasthan,2014,4,Jhunjhunu,GEN,General R S Kadyan,M,AAAP,AAAP,10386,1697470
Rajasthan,2014,4,Jhunjhunu,GEN,Rahisa Bano,F,BSP,BSP,10423,1697470
Rajasthan,2014,4,Jhunjhunu,GEN,Rajbala,F,IND,IND,11740,1697470
Rajasthan,2014,4,Jhunjhunu,GEN,Dr. Rajkumar Sharma,M,IND,IND,206288,1697470
Rajasthan,2014,4,Jhunjhunu,GEN,Raj Bala Ola,F,INC,INC,254347,1697470
Rajasthan,2014,4,Jhunjhunu,GEN,Santosh Ahlawat,F,BJP,BJP,488182,1697470
Rajasthan,2014,5,Sikar,GEN,Vimal Indoria,M,JMBP,JMBP,968,1769882
Rajasthan,2014,5,Sikar,GEN,Satish Kumar Sharma,M,JGP,JGP,1058,1769882
Rajasthan,2014,5,Sikar,GEN,Ramesh Sharma,M,bhp,bhp,1635,1769882
Rajasthan,2014,5,Sikar,GEN,Kanhaiya Lal Balai,M,IND,IND,2169,1769882
Rajasthan,2014,5,Sikar,GEN,Surendra Kumar Phulwariya,M,IND,IND,3633,1769882
Rajasthan,2014,5,Sikar,GEN,Gulam Nabi Azad,M,BSP,BSP,4112,1769882
Rajasthan,2014,5,Sikar,GEN,Duli Chand Kumawat,M,IND,IND,4375,1769882
Rajasthan,2014,5,Sikar,GEN,Swami Bhagirath Singh Kharrante Bhadhadar,M,ABHM,ABHM,5387,1769882
Rajasthan,2014,5,Sikar,GEN,Ajaypal,M,IND,IND,7036,1769882
Rajasthan,2014,5,Sikar,GEN,None Of The Above,,NOTA,NOTA,7410,1769882
Rajasthan,2014,5,Sikar,GEN,Pratap Singh,M,IND,IND,10666,1769882
Rajasthan,2014,5,Sikar,GEN,Major Surendra Kumar Punia,M,AAAP,AAAP,15666,1769882
Rajasthan,2014,5,Sikar,GEN,Amara Ram,M,CPM,CPM,53134,1769882
Rajasthan,2014,5,Sikar,GEN,Subhash Maharia,M,IND,IND,188841,1769882
Rajasthan,2014,5,Sikar,GEN,Pratap Singh Jat,M,INC,INC,260232,1769882
Rajasthan,2014,5,Sikar,GEN,Sumedhanand Saraswati,M,BJP,BJP,499428,1769882
Rajasthan,2014,6,Jaipur Rural,GEN,Narayan Lal Parihar,M,BNNP,BNNP,1327,1700307
Rajasthan,2014,6,Jaipur Rural,GEN,Jagdish Prasad,M,LD,LD,1378,1700307
Rajasthan,2014,6,Jaipur Rural,GEN,Dhiraj Gurjar,M,SP,SP,1412,1700307
Rajasthan,2014,6,Jaipur Rural,GEN,Tek Chand Sonwal,M,APoI,APoI,3047,1700307
Rajasthan,2014,6,Jaipur Rural,GEN,Shayam Singh Rathore,M,LS,LS,3722,1700307
Rajasthan,2014,6,Jaipur Rural,GEN,Dr. Om Singh Meena,M,IND,IND,4520,1700307
Rajasthan,2014,6,Jaipur Rural,GEN,Ajay Kumar Sharma,M,JGP,JGP,5774,1700307
Rajasthan,2014,6,Jaipur Rural,GEN,Anil Kumar,M,AAAP,AAAP,6917,1700307
Rajasthan,2014,6,Jaipur Rural,GEN,Kamal Kumar Gaur,M,IND,IND,9480,1700307
Rajasthan,2014,6,Jaipur Rural,GEN,None Of The Above,,NOTA,NOTA,11533,1700307
Rajasthan,2014,6,Jaipur Rural,GEN,Navin Pilania,M,NPEP,NPEP,31617,1700307
Rajasthan,2014,6,Jaipur Rural,GEN,Dr. C.P. Joshi,M,INC,INC,300034,1700307
Rajasthan,2014,6,Jaipur Rural,GEN,Rajyavardhan Singh Rathore,M,BJP,BJP,632930,1700307
Rajasthan,2014,7,Jaipur,GEN,Kailash Chand Saini,M,HJP,HJP,566,1957820
Rajasthan,2014,7,Jaipur,GEN,Iftekar Qurishi,M,AIFB,AIFB,621,1957820
Rajasthan,2014,7,Jaipur,GEN,Dr. Tanmay,M,IPGP,IPGP,893,1957820
Rajasthan,2014,7,Jaipur,GEN,Abdul Aziz Bhartiya,M,RUC,RUC,1103,1957820
Rajasthan,2014,7,Jaipur,GEN,Neeru Agarwal,F,nuzp,nuzp,1566,1957820
Rajasthan,2014,7,Jaipur,GEN,Raju Lal Bairwa,M,APoI,APoI,1899,1957820
Rajasthan,2014,7,Jaipur,GEN,Pawan Singh Shekhawat,M,IND,IND,1987,1957820
Rajasthan,2014,7,Jaipur,GEN,Ram Singh Raj,M,IND,IND,2072,1957820
Rajasthan,2014,7,Jaipur,GEN,Anil Kumar Sharma,M,JGP,JGP,4599,1957820
Rajasthan,2014,7,Jaipur,GEN,Munna Dass Dabodia,M,IND,IND,4856,1957820
Rajasthan,2014,7,Jaipur,GEN,Hafiz Khan Warsi,M,IND,IND,5020,1957820
Rajasthan,2014,7,Jaipur,GEN,Farooq Shah,M,BSP,BSP,5193,1957820
Rajasthan,2014,7,Jaipur,GEN,None Of The Above,,NOTA,NOTA,8345,1957820
Rajasthan,2014,7,Jaipur,GEN,D.K. (Dev Krishan) Chhangani,M,CPI,CPI,15597,1957820
Rajasthan,2014,7,Jaipur,GEN,Dr. Virendra Singh,M,AAAP,AAAP,55118,1957820
Rajasthan,2014,7,Jaipur,GEN,Dr. Mahesh Joshi,M,INC,INC,324013,1957820
Rajasthan,2014,7,Jaipur,GEN,Ramcharan Bohara,M,BJP,BJP,863358,1957820
Rajasthan,2014,8,Alwar,GEN,Nishar Ahmed,M,JMBP,JMBP,441,1626442
Rajasthan,2014,8,Alwar,GEN,Manguram Sain,M,ABCD(A),ABCD(A),566,1626442
Rajasthan,2014,8,Alwar,GEN,Chaudhary Nasrudeen Tanwar,M,SP(I),SP(I),662,1626442
Rajasthan,2014,8,Alwar,GEN,Khoobraj Neeraj,M,BMUP,BMUP,702,1626442
Rajasthan,2014,8,Alwar,GEN,Khaim Chand,M,BYS,BYS,1187,1626442
Rajasthan,2014,8,Alwar,GEN,Ramesh Panval,M,IND,IND,1227,1626442
Rajasthan,2014,8,Alwar,GEN,Virjanand,M,SP,SP,1845,1626442
Rajasthan,2014,8,Alwar,GEN,Suresh Sharma,M,JGP,JGP,2104,1626442
Rajasthan,2014,8,Alwar,GEN,Murshid Ahmed,M,AITC,AITC,2160,1626442
Rajasthan,2014,8,Alwar,GEN,None Of The Above,,NOTA,NOTA,2512,1626442
Rajasthan,2014,8,Alwar,GEN,Kishan Lal,M,IND,IND,2572,1626442
Rajasthan,2014,8,Alwar,GEN,Jagdish Prasad Bairwa,M,IND,IND,3390,1626442
Rajasthan,2014,8,Alwar,GEN,Arun Kumar Roopak,M,NADP,NADP,3412,1626442
Rajasthan,2014,8,Alwar,GEN,Hariprasad,M,IND,IND,3580,1626442
Rajasthan,2014,8,Alwar,GEN,Dr. Dashrath Kumar Hinunia,M,APoI,APoI,3612,1626442
Rajasthan,2014,8,Alwar,GEN,Hari Singh Sharma,M,IND,IND,3672,1626442
Rajasthan,2014,8,Alwar,GEN,Dr Virendra Vidrohi,M,AAAP,AAAP,8517,1626442
Rajasthan,2014,8,Alwar,GEN,Azad Husain,M,BSP,BSP,19483,1626442
Rajasthan,2014,8,Alwar,GEN,Bhanwar Jitendra Singh,M,INC,INC,358383,1626442
Rajasthan,2014,8,Alwar,GEN,Chand Nath,M,BJP,BJP,642278,1626442
Rajasthan,2014,9,Bharatpur,SC,Ghisu Lal,M,IND,IND,611,1690705
Rajasthan,2014,9,Bharatpur,SC,Prem Chand Dhamani,M,IND,IND,835,1690705
Rajasthan,2014,9,Bharatpur,SC,Lakhan Singh,M,IPGP,IPGP,960,1690705
Rajasthan,2014,9,Bharatpur,SC,Madhuri Pushkar,F,IND,IND,1187,1690705
Rajasthan,2014,9,Bharatpur,SC,Mamraj,M,IND,IND,1787,1690705
Rajasthan,2014,9,Bharatpur,SC,Vimla Umar,F,AITC,AITC,1792,1690705
Rajasthan,2014,9,Bharatpur,SC,Sheetal Jatav,F,IND,IND,2071,1690705
Rajasthan,2014,9,Bharatpur,SC,Amar Chand Pohiya,M,RJVP,RJVP,3969,1690705
Rajasthan,2014,9,Bharatpur,SC,None Of The Above,,NOTA,NOTA,5935,1690705
Rajasthan,2014,9,Bharatpur,SC,Gopal Paharia,M,AAAP,AAAP,7013,1690705
Rajasthan,2014,9,Bharatpur,SC,Mahendar Kumar Jatav,M,BSP,BSP,22090,1690705
Rajasthan,2014,9,Bharatpur,SC,Dr.Suresh Jatav,M,INC,INC,334357,1690705
Rajasthan,2014,9,Bharatpur,SC,Bahadur Singh Koli,M,BJP,BJP,579825,1690705
Rajasthan,2014,10,Karauli-Dholpur,SC,Dhanraj Bairwa,M,SP(I),SP(I),745,1549468
Rajasthan,2014,10,Karauli-Dholpur,SC,Shrelal Khare,M,JMBP,JMBP,922,1549468
Rajasthan,2014,10,Karauli-Dholpur,SC,Phoolsingh,M,JGP,JGP,951,1549468
Rajasthan,2014,10,Karauli-Dholpur,SC,Ashok Kumar,M,IND,IND,1385,1549468
Rajasthan,2014,10,Karauli-Dholpur,SC,Ramesh,M,BYS,BYS,1629,1549468
Rajasthan,2014,10,Karauli-Dholpur,SC,Kanchan Bai,F,IND,IND,3014,1549468
Rajasthan,2014,10,Karauli-Dholpur,SC,Kishor Kumar,M,IND,IND,3376,1549468
Rajasthan,2014,10,Karauli-Dholpur,SC,Ghanshyam,M,AAAP,AAAP,3726,1549468
Rajasthan,2014,10,Karauli-Dholpur,SC,Laxmikant,M,IND,IND,4767,1549468
Rajasthan,2014,10,Karauli-Dholpur,SC,None Of The Above,,NOTA,NOTA,5934,1549468
Rajasthan,2014,10,Karauli-Dholpur,SC,Kamal Singh,M,AITC,AITC,7286,1549468
Rajasthan,2014,10,Karauli-Dholpur,SC,Ram Singh,M,NPEP,NPEP,9458,1549468
Rajasthan,2014,10,Karauli-Dholpur,SC,G.R.Barua,M,BSP,BSP,25150,1549468
Rajasthan,2014,10,Karauli-Dholpur,SC,Lakkhiram,M,INC,INC,375191,1549468
Rajasthan,2014,10,Karauli-Dholpur,SC,Manoj Rajoriya,M,BJP,BJP,402407,1549468
Rajasthan,2014,11,Dausa,ST,Rukmani Meena Jhakhiwal,F,SP(I),SP(I),917,1524100
Rajasthan,2014,11,Dausa,ST,Dharmi Ghunawat,M,IPGP,IPGP,1635,1524100
Rajasthan,2014,11,Dausa,ST,Suraj Bhan Dhanka,M,SP,SP,2357,1524100
Rajasthan,2014,11,Dausa,ST,Anjali Bhadana,F,IND,IND,3072,1524100
Rajasthan,2014,11,Dausa,ST,Dr. Sanjeet Kumar Dhanka,M,AAAP,AAAP,3202,1524100
Rajasthan,2014,11,Dausa,ST,Khemraj Meena,M,BYS,BYS,4297,1524100
Rajasthan,2014,11,Dausa,ST,Dr. Naseem Gurjar,F,IND,IND,5792,1524100
Rajasthan,2014,11,Dausa,ST,None Of The Above,,NOTA,NOTA,8410,1524100
Rajasthan,2014,11,Dausa,ST,Chandu Lal Meena (Gerota),M,BSP,BSP,15303,1524100
Rajasthan,2014,11,Dausa,ST,Anju Devi Dhanka,F,IND,IND,16935,1524100
Rajasthan,2014,11,Dausa,ST,Bimla Devi Meena,F,IND,IND,20037,1524100
Rajasthan,2014,11,Dausa,ST,Shiv Pal Gurjar,M,IND,IND,82549,1524100
Rajasthan,2014,11,Dausa,ST,Namonarain Meena,M,INC,INC,181272,1524100
Rajasthan,2014,11,Dausa,ST,Dr. Kirodi Lal,M,NPEP,NPEP,269655,1524100
Rajasthan,2014,11,Dausa,ST,Harish Chandra Meena,M,BJP,BJP,315059,1524100
Rajasthan,2014,12,Tonk-Sawai Madhopur,GEN,Bajarang Lal,M,RAHM,RAHM,699,1710775
Rajasthan,2014,12,Tonk-Sawai Madhopur,GEN,Bhar Singh,M,SP(I),SP(I),703,1710775
Rajasthan,2014,12,Tonk-Sawai Madhopur,GEN,Ramesh Chand,M,LD,LD,752,1710775
Rajasthan,2014,12,Tonk-Sawai Madhopur,GEN,Ram Hans,M,NADP,NADP,869,1710775
Rajasthan,2014,12,Tonk-Sawai Madhopur,GEN,Hari Ram,M,IND,IND,1048,1710775
Rajasthan,2014,12,Tonk-Sawai Madhopur,GEN,Siya Ram,M,IND,IND,1105,1710775
Rajasthan,2014,12,Tonk-Sawai Madhopur,GEN,Sampatti Bai Alias Sunita Verma,F,IND,IND,1616,1710775
Rajasthan,2014,12,Tonk-Sawai Madhopur,GEN,Kamal Kumar Dhobi,M,IND,IND,1726,1710775
Rajasthan,2014,12,Tonk-Sawai Madhopur,GEN,Kori Lal,M,IND,IND,1925,1710775
Rajasthan,2014,12,Tonk-Sawai Madhopur,GEN,Dinesh,M,AITC,AITC,2151,1710775
Rajasthan,2014,12,Tonk-Sawai Madhopur,GEN,Dinesh Saini,M,JMBP,JMBP,2210,1710775
Rajasthan,2014,12,Tonk-Sawai Madhopur,GEN,Varis Ali,M,AAP,AAP,2363,1710775
Rajasthan,2014,12,Tonk-Sawai Madhopur,GEN,Mukesh,M,AAAP,AAAP,2668,1710775
Rajasthan,2014,12,Tonk-Sawai Madhopur,GEN,Govind Prasad,M,IND,IND,3127,1710775
Rajasthan,2014,12,Tonk-Sawai Madhopur,GEN,None Of The Above,,NOTA,NOTA,3673,1710775
Rajasthan,2014,12,Tonk-Sawai Madhopur,GEN,Ram Parkash,M,IND,IND,6186,1710775
Rajasthan,2014,12,Tonk-Sawai Madhopur,GEN,Chandan Lal Meena,M,IND,IND,6523,1710775
Rajasthan,2014,12,Tonk-Sawai Madhopur,GEN,Babulal Jangid,M,IND,IND,7204,1710775
Rajasthan,2014,12,Tonk-Sawai Madhopur,GEN,Suresh,M,BSP,BSP,10395,1710775
Rajasthan,2014,12,Tonk-Sawai Madhopur,GEN,Makkhan,M,IND,IND,10523,1710775
Rajasthan,2014,12,Tonk-Sawai Madhopur,GEN,Jagmohan Meena,M,NPEP,NPEP,14604,1710775
Rajasthan,2014,12,Tonk-Sawai Madhopur,GEN,Mohammed Azharuddin,M,INC,INC,413031,1710775
Rajasthan,2014,12,Tonk-Sawai Madhopur,GEN,Sukhbir Singh Jaunapuria,M,BJP,BJP,548537,1710775
Rajasthan,2014,13,Ajmer,GEN,Anita Jain,F,IND,IND,910,1683261
Rajasthan,2014,13,Ajmer,GEN,Krishna Kumar Dadhich,M,IND,IND,1015,1683261
Rajasthan,2014,13,Ajmer,GEN,Ramlal,M,AKBAP,AKBAP,1040,1683261
Rajasthan,2014,13,Ajmer,GEN,Jagdish Singh Rawat,M,IND,IND,1374,1683261
Rajasthan,2014,13,Ajmer,GEN,Mukul Mishra,M,ABHM,ABHM,1869,1683261
Rajasthan,2014,13,Ajmer,GEN,Narain Das Sindhi,M,IND,IND,3518,1683261
Rajasthan,2014,13,Ajmer,GEN,Bhanwar Lal Soni,M,IND,IND,4970,1683261
Rajasthan,2014,13,Ajmer,GEN,Surendra Kumar Jain,M,IND,IND,5184,1683261
Rajasthan,2014,13,Ajmer,GEN,Jagdish,M,BSP,BSP,7974,1683261
Rajasthan,2014,13,Ajmer,GEN,Sanwar Lal,M,NCP,NCP,12149,1683261
Rajasthan,2014,13,Ajmer,GEN,None Of The Above,,NOTA,NOTA,12546,1683261
Rajasthan,2014,13,Ajmer,GEN,Sachin Pilot,M,INC,INC,465891,1683261
Rajasthan,2014,13,Ajmer,GEN,Sanwar Lal Jat,M,BJP,BJP,637874,1683261
Rajasthan,2014,14,Nagaur,GEN,Hanumanram,M,AAAP,AAAP,3976,1678660
Rajasthan,2014,14,Nagaur,GEN,Mularam,M,IND,IND,4332,1678660
Rajasthan,2014,14,Nagaur,GEN,Nemichand,M,AVIRP,AVIRP,4372,1678660
Rajasthan,2014,14,Nagaur,GEN,Sunil,M,IND,IND,5251,1678660
Rajasthan,2014,14,Nagaur,GEN,Bhanwar Singh Rathore,M,AITC,AITC,5776,1678660
Rajasthan,2014,14,Nagaur,GEN,Ayub Khan,M,SP,SP,7300,1678660
Rajasthan,2014,14,Nagaur,GEN,Hariram,M,IND,IND,8658,1678660
Rajasthan,2014,14,Nagaur,GEN,Abdul Aziz,M,BSP,BSP,11239,1678660
Rajasthan,2014,14,Nagaur,GEN,Hariram Mehrada,M,BA S D,BA S D,11352,1678660
Rajasthan,2014,14,Nagaur,GEN,None Of The Above,,NOTA,NOTA,12185,1678660
Rajasthan,2014,14,Nagaur,GEN,Chhoturam,M,IND,IND,15234,1678660
Rajasthan,2014,14,Nagaur,GEN,Hanuman Beniwal,M,IND,IND,159980,1678660
Rajasthan,2014,14,Nagaur,GEN,Dr Jyoti Mirdha,F,INC,INC,339573,1678660
Rajasthan,2014,14,Nagaur,GEN,C R Choudhary,M,BJP,BJP,414791,1678660
Rajasthan,2014,15,Pali,GEN,Dev Kishan Dehiya,M,MEDP,MEDP,1264,1902094
Rajasthan,2014,15,Pali,GEN,Kanhaiyalal Pareek,M,IND,IND,1890,1902094
Rajasthan,2014,15,Pali,GEN,Udaram,M,IND,IND,2058,1902094
Rajasthan,2014,15,Pali,GEN,Dinesh Mev,M,IND,IND,2358,1902094
Rajasthan,2014,15,Pali,GEN,Shobharam Mali,M,JMBP,JMBP,2825,1902094
Rajasthan,2014,15,Pali,GEN,Om Prakash Mali,M,IND,IND,3306,1902094
Rajasthan,2014,15,Pali,GEN,Mahesh Bhandari,M,AAAP,AAAP,5031,1902094
Rajasthan,2014,15,Pali,GEN,Sher Singh Safa,M,IND,IND,5198,1902094
Rajasthan,2014,15,Pali,GEN,Dr. Ramlal Mohbarsha,M,IND,IND,5794,1902094
Rajasthan,2014,15,Pali,GEN,Jagdish,M,BMUP,BMUP,7186,1902094
Rajasthan,2014,15,Pali,GEN,Bhojraj,M,BSP,BSP,16469,1902094
Rajasthan,2014,15,Pali,GEN,None Of The Above,,NOTA,NOTA,17703,1902094
Rajasthan,2014,15,Pali,GEN,Munni Devi Godara,F,INC,INC,312733,1902094
Rajasthan,2014,15,Pali,GEN,P P Chaudhary,M,BJP,BJP,711772,1902094
Rajasthan,2014,16,Jodhpur,GEN,Jayda,F,IND,IND,718,1727791
Rajasthan,2014,16,Jodhpur,GEN,Jetharam Meghwal,M,IND,IND,831,1727791
Rajasthan,2014,16,Jodhpur,GEN,Dungar Mal Puniya,M,IND,IND,1041,1727791
Rajasthan,2014,16,Jodhpur,GEN,Ravi Garg,M,BNNP,BNNP,1206,1727791
Rajasthan,2014,16,Jodhpur,GEN,Ram Dayal,M,IND,IND,2321,1727791
Rajasthan,2014,16,Jodhpur,GEN,Mehmooda Begam Abbasi,F,IND,IND,2631,1727791
Rajasthan,2014,16,Jodhpur,GEN,Sohan Lal Goyal,M,IND,IND,3764,1727791
Rajasthan,2014,16,Jodhpur,GEN,Rugha Ram Choudhary Advocate,M,IND,IND,4855,1727791
Rajasthan,2014,16,Jodhpur,GEN,Dhanraj Gehlot,M,JMBP,JMBP,7104,1727791
Rajasthan,2014,16,Jodhpur,GEN,Vigyan Modi,M,AAAP,AAAP,8552,1727791
Rajasthan,2014,16,Jodhpur,GEN,Goparam Meghwal,M,BSP,BSP,13511,1727791
Rajasthan,2014,16,Jodhpur,GEN,None Of The Above,,NOTA,NOTA,15085,1727791
Rajasthan,2014,16,Jodhpur,GEN,Chandresh Kumari,F,INC,INC,303464,1727791
Rajasthan,2014,16,Jodhpur,GEN,Gajendrasingh Shekhawat,M,BJP,BJP,713515,1727791
Rajasthan,2014,17,Barmer,GEN,Mahant Arjunpuri,M,IND,IND,6380,1680152
Rajasthan,2014,17,Barmer,GEN,Babulal,M,IND,IND,6737,1680152
Rajasthan,2014,17,Barmer,GEN,Popatram,M,IND,IND,7557,1680152
Rajasthan,2014,17,Barmer,GEN,Khet Singh Rajpurohit,M,IND,IND,12366,1680152
Rajasthan,2014,17,Barmer,GEN,Malam Singh,M,BSP,BSP,12883,1680152
Rajasthan,2014,17,Barmer,GEN,Master Bhairaram Meghwal,M,IND,IND,13924,1680152
Rajasthan,2014,17,Barmer,GEN,Mangilal Gaur,M,AAAP,AAAP,14906,1680152
Rajasthan,2014,17,Barmer,GEN,None Of The Above,,NOTA,NOTA,15889,1680152
Rajasthan,2014,17,Barmer,GEN,Rama Ram,M,IND,IND,17563,1680152
Rajasthan,2014,17,Barmer,GEN,Harish Chaudhary,M,INC,INC,220881,1680152
Rajasthan,2014,17,Barmer,GEN,Jaswant Singh,M,IND,IND,401286,1680152
Rajasthan,2014,17,Barmer,GEN,Col. Sona Ram,M,BJP,BJP,488747,1680152
Rajasthan,2014,18,Jalore,GEN,Sukh Dev,M,AAP,AAP,2017,1824968
Rajasthan,2014,18,Jalore,GEN,Tarun Kumar,M,IND,IND,2596,1824968
Rajasthan,2014,18,Jalore,GEN,Ran Singh Rajpurohit,M,JGP,JGP,2731,1824968
Rajasthan,2014,18,Jalore,GEN,Naringa Ram Yadav,M,IND,IND,3200,1824968
Rajasthan,2014,18,Jalore,GEN,Chhaganaram / Bhalaram,M,BMUP,BMUP,3960,1824968
Rajasthan,2014,18,Jalore,GEN,Bhanwar Lal Waghela,M,IND,IND,4817,1824968
Rajasthan,2014,18,Jalore,GEN,Manara Ram,M,IND,IND,6146,1824968
Rajasthan,2014,18,Jalore,GEN,Narayan Lal,M,IND,IND,9875,1824968
Rajasthan,2014,18,Jalore,GEN,Moola Ram,M,IND,IND,10316,1824968
Rajasthan,2014,18,Jalore,GEN,None Of The Above,,NOTA,NOTA,11183,1824968
Rajasthan,2014,18,Jalore,GEN,Mahendra K. Choudhary,M,IND,IND,13008,1824968
Rajasthan,2014,18,Jalore,GEN,Chhaganaram / Prhalad,M,HJP,HJP,15811,1824968
Rajasthan,2014,18,Jalore,GEN,Shankar Lal Darji,M,IND,IND,16399,1824968
Rajasthan,2014,18,Jalore,GEN,Otaram,M,BSP,BSP,29998,1824968
Rajasthan,2014,18,Jalore,GEN,S. Buta Singh,M,IND,IND,175344,1824968
Rajasthan,2014,18,Jalore,GEN,Anjana Udai Lal,M,INC,INC,199363,1824968
Rajasthan,2014,18,Jalore,GEN,Devji Patel,M,BJP,BJP,580508,1824968
Rajasthan,2014,19,Udaipur,ST,Prabhu Lal Meena,M,BMUP,BMUP,4529,1817940
Rajasthan,2014,19,Udaipur,ST,Gotam Lal Meena,M,CPI(ML)(L),CPI(ML)(L),5442,1817940
Rajasthan,2014,19,Udaipur,ST,Laxmilal Gameti,M,SP(I),SP(I),6680,1817940
Rajasthan,2014,19,Udaipur,ST,Dr. Velaram Meena,M,AAAP,AAAP,11449,1817940
Rajasthan,2014,19,Udaipur,ST,Laxman Bhil,M,BSP,BSP,20690,1817940
Rajasthan,2014,19,Udaipur,ST,None Of The Above,,NOTA,NOTA,26685,1817940
Rajasthan,2014,19,Udaipur,ST,Meghraj Tawar,M,CPI,CPI,33743,1817940
Rajasthan,2014,19,Udaipur,ST,Raghuvir Singh,M,INC,INC,423611,1817940
Rajasthan,2014,19,Udaipur,ST,Arjunlal Meena,M,BJP,BJP,660373,1817940
Rajasthan,2014,20,Banswara,ST,Soma Lal Koted,M,BMUP,BMUP,10541,1698244
Rajasthan,2014,20,Banswara,ST,Harish Rawat,M,AAAP,AAAP,13647,1698244
Rajasthan,2014,20,Banswara,ST,Bhanji Bhai,M,JD(U),JD(U),21760,1698244
Rajasthan,2014,20,Banswara,ST,Vijaypal,M,BSP,BSP,27886,1698244
Rajasthan,2014,20,Banswara,ST,None Of The Above,,NOTA,NOTA,34404,1698244
Rajasthan,2014,20,Banswara,ST,Resham Malviya,F,INC,INC,485517,1698244
Rajasthan,2014,20,Banswara,ST,Manshankar Ninama,M,BJP,BJP,577433,1698244
Rajasthan,2014,21,Chittorgarh,GEN,Prabhu Lal Gujjar,M,JMBP,JMBP,1216,1819506
Rajasthan,2014,21,Chittorgarh,GEN,Vijaya Ray,F,RJVP,RJVP,1240,1819506
Rajasthan,2014,21,Chittorgarh,GEN,Mangi Lal Solanki,M,BMUP,BMUP,1291,1819506
Rajasthan,2014,21,Chittorgarh,GEN,Shanti Lal Trivedi,M,CPI(ML)(L),CPI(ML)(L),1564,1819506
Rajasthan,2014,21,Chittorgarh,GEN,Gulab Chand Sahlot,M,IND,IND,1692,1819506
Rajasthan,2014,21,Chittorgarh,GEN,Babu Meghwal,M,IND,IND,3069,1819506
Rajasthan,2014,21,Chittorgarh,GEN,Bhanwar Lal,M,IND,IND,3263,1819506
Rajasthan,2014,21,Chittorgarh,GEN,Sanjay Kumar,M,BSP,BSP,4467,1819506
Rajasthan,2014,21,Chittorgarh,GEN,Mohammad Imtiyaz,M,IND,IND,4971,1819506
Rajasthan,2014,21,Chittorgarh,GEN,Dr. Narendra Kumar Gupta,M,AAAP,AAAP,5939,1819506
Rajasthan,2014,21,Chittorgarh,GEN,Yashwant Puri,M,IND,IND,12675,1819506
Rajasthan,2014,21,Chittorgarh,GEN,None Of The Above,,NOTA,NOTA,20034,1819506
Rajasthan,2014,21,Chittorgarh,GEN,Radha Devi,F,CPI,CPI,21593,1819506
Rajasthan,2014,21,Chittorgarh,GEN,Girija Vyas,F,INC,INC,386379,1819506
Rajasthan,2014,21,Chittorgarh,GEN,Chandra Prakash Joshi,M,BJP,BJP,703236,1819506
Rajasthan,2014,22,Rajsamand,GEN,Laxman,M,JMBP,JMBP,1392,1701194
Rajasthan,2014,22,Rajsamand,GEN,Khimaram Salvi,M,IND,IND,2559,1701194
Rajasthan,2014,22,Rajsamand,GEN,Gulam Farid,M,SP,SP,2977,1701194
Rajasthan,2014,22,Rajsamand,GEN,Pradeep Singh Bhatnagar,M,AAAP,AAAP,4897,1701194
Rajasthan,2014,22,Rajsamand,GEN,Heera Kathat,M,IND,IND,5186,1701194
Rajasthan,2014,22,Rajsamand,GEN,Bhanwar Lal Mali,M,IND,IND,6418,1701194
Rajasthan,2014,22,Rajsamand,GEN,Surya Bhawani Singh Chawara,M,IND,IND,10160,1701194
Rajasthan,2014,22,Rajsamand,GEN,Idrish Mohammad,M,JGP,JGP,10407,1701194
Rajasthan,2014,22,Rajsamand,GEN,Sanjay Choudhary,M,IND,IND,12479,1701194
Rajasthan,2014,22,Rajsamand,GEN,Neeru Ram Jat,M,BSP,BSP,14579,1701194
Rajasthan,2014,22,Rajsamand,GEN,None Of The Above,,NOTA,NOTA,17182,1701194
Rajasthan,2014,22,Rajsamand,GEN,Gopal Singh Shekhawat,M,INC,INC,249089,1701194
Rajasthan,2014,22,Rajsamand,GEN,Hariom Singh Rathore,M,BJP,BJP,644794,1701194
Rajasthan,2014,23,Bhilwara,GEN,Aslam Shekh Advocate,M,IND,IND,1794,1754901
Rajasthan,2014,23,Bhilwara,GEN,Shyam Lal Salvi,M,IND,IND,5374,1754901
Rajasthan,2014,23,Bhilwara,GEN,Radhy Shyam Vaishnav,M,BA S D,BA S D,5684,1754901
Rajasthan,2014,23,Bhilwara,GEN,Sunil Agiwal,M,AAAP,AAAP,5909,1754901
Rajasthan,2014,23,Bhilwara,GEN,Surendar Singh Ranawat,M,IND,IND,6737,1754901
Rajasthan,2014,23,Bhilwara,GEN,Ratan Lal Dhobi,M,IND,IND,7110,1754901
Rajasthan,2014,23,Bhilwara,GEN,Chandra Prakash Gocher,M,BYS,BYS,10344,1754901
Rajasthan,2014,23,Bhilwara,GEN,Satya Prakash Sharma,M,IND,IND,11982,1754901
Rajasthan,2014,23,Bhilwara,GEN,Govind Kumar Bairwa,M,BSP,BSP,15088,1754901
Rajasthan,2014,23,Bhilwara,GEN,None Of The Above,,NOTA,NOTA,19698,1754901
Rajasthan,2014,23,Bhilwara,GEN,Ashok Chandna,M,INC,INC,384053,1754901
Rajasthan,2014,23,Bhilwara,GEN,Subhash Baheria,M,BJP,BJP,630317,1754901
Rajasthan,2014,24,Kota,GEN,Mahesh Kumar Raniwal,M,AVIRP,AVIRP,1010,1744539
Rajasthan,2014,24,Kota,GEN,Rajesh Kumar,M,JMBP,JMBP,1168,1744539
Rajasthan,2014,24,Kota,GEN,Asfak Ali,M,IND,IND,1713,1744539
Rajasthan,2014,24,Kota,GEN,Tejpal,M,IND,IND,1825,1744539
Rajasthan,2014,24,Kota,GEN,Mahendra Kumar,M,IND,IND,2307,1744539
Rajasthan,2014,24,Kota,GEN,Mohan Lal Mahawar,M,IND,IND,4822,1744539
Rajasthan,2014,24,Kota,GEN,Shyam Sunder Sharma,M,IND,IND,5091,1744539
Rajasthan,2014,24,Kota,GEN,Ajmat Ali,M,BYS,BYS,7559,1744539
Rajasthan,2014,24,Kota,GEN,Ashok Kumar,M,BSP,BSP,10862,1744539
Rajasthan,2014,24,Kota,GEN,None Of The Above,,NOTA,NOTA,12760,1744539
Rajasthan,2014,24,Kota,GEN,Ashok Kumar Jain,M,AAAP,AAAP,16981,1744539
Rajasthan,2014,24,Kota,GEN,Ijyaraj Singh,M,INC,INC,444040,1744539
Rajasthan,2014,24,Kota,GEN,Om Birla,M,BJP,BJP,644822,1744539
Rajasthan,2014,25,Jhalawar-Baran,GEN,Baldar,M,IND,IND,7836,1669844
Rajasthan,2014,25,Jhalawar-Baran,GEN,Suleman Puta,M,IND,IND,11602,1669844
Rajasthan,2014,25,Jhalawar-Baran,GEN,Javed Khan,M,BYS,BYS,13617,1669844
Rajasthan,2014,25,Jhalawar-Baran,GEN,None Of The Above,,NOTA,NOTA,19064,1669844
Rajasthan,2014,25,Jhalawar-Baran,GEN,Chandra Singh,M,BSP,BSP,23587,1669844
Rajasthan,2014,25,Jhalawar-Baran,GEN,Pramod Bhaya,M,INC,INC,394556,1669844
Rajasthan,2014,25,Jhalawar-Baran,GEN,Dushyant Singh,M,BJP,BJP,676102,1669844
Sikkim,2014,1,Sikkim,GEN,Nakul Das Rai,M,AITC,AITC,1972,370770
Sikkim,2014,1,Sikkim,GEN,Kaushal Rai,M,AAAP,AAAP,2541,370770
Sikkim,2014,1,Sikkim,GEN,None Of The Above,,NOTA,NOTA,4332,370770
Sikkim,2014,1,Sikkim,GEN,Akar Dhoj Limbu,M,INC,INC,7189,370770
Sikkim,2014,1,Sikkim,GEN,Nar Bahadur Khatiwada,M,BJP,BJP,7279,370770
Sikkim,2014,1,Sikkim,GEN,Tek Nath Dhakal,M,SKM,SKM,121956,370770
Sikkim,2014,1,Sikkim,GEN,Prem Das Rai,M,SDF,SDF,163698,370770
Tamil Nadu,2014,1,Thiruvallur ,SC,Suresh Kumar.S,M,IND,IND,1062,1702833
Tamil Nadu,2014,1,Thiruvallur ,SC,Doss.R,M,IND,IND,1596,1702833
Tamil Nadu,2014,1,Thiruvallur ,SC,Chandrasekaran.M,M,IND,IND,1597,1702833
Tamil Nadu,2014,1,Thiruvallur ,SC,Vetriselvam.K,M,IND,IND,2441,1702833
Tamil Nadu,2014,1,Thiruvallur ,SC,Srinivasan.D,M,SP,SP,2642,1702833
Tamil Nadu,2014,1,Thiruvallur ,SC,Ravikumar.M,M,IND,IND,2966,1702833
Tamil Nadu,2014,1,Thiruvallur ,SC,Venugopal.P,M,IND,IND,3085,1702833
Tamil Nadu,2014,1,Thiruvallur ,SC,Balamurugan.B,M,AAAP,AAAP,8260,1702833
Tamil Nadu,2014,1,Thiruvallur ,SC,Sathyamurthy.C,M,BSP,BSP,11137,1702833
Tamil Nadu,2014,1,Thiruvallur ,SC,Kannan A.S,M,CPI,CPI,13794,1702833
Tamil Nadu,2014,1,Thiruvallur ,SC,None Of The Above,,NOTA,NOTA,23598,1702833
Tamil Nadu,2014,1,Thiruvallur ,SC,Jayakumar.M,M,INC,INC,43960,1702833
Tamil Nadu,2014,1,Thiruvallur ,SC,Yuvaraj.V,M,DMDK,DMDK,204734,1702833
Tamil Nadu,2014,1,Thiruvallur ,SC,Ravikumar.D,M,VCK,VCK,305069,1702833
Tamil Nadu,2014,1,Thiruvallur ,SC,Venugopal.P.(Dr),M,ADMK,ADMK,628499,1702833
Tamil Nadu,2014,2,Chennai North,GEN,Yogaraj. S,M,IND,IND,206,1422392
Tamil Nadu,2014,2,Chennai North,GEN,Ponraj. P,M,IND,IND,208,1422392
Tamil Nadu,2014,2,Chennai North,GEN,Anbazhagan .G,M,IND,IND,208,1422392
Tamil Nadu,2014,2,Chennai North,GEN,Ravikumar. T,M,IND,IND,211,1422392
Tamil Nadu,2014,2,Chennai North,GEN,Raj. N,M,IND,IND,216,1422392
Tamil Nadu,2014,2,Chennai North,GEN,Ramasamy. M.D.,M,IND,IND,234,1422392
Tamil Nadu,2014,2,Chennai North,GEN,Ramesh Kannan .G,M,RPI,RPI,257,1422392
Tamil Nadu,2014,2,Chennai North,GEN,Durai Babu. R,M,IND,IND,297,1422392
Tamil Nadu,2014,2,Chennai North,GEN,Mohamed Majasuddin,M,IND,IND,302,1422392
Tamil Nadu,2014,2,Chennai North,GEN,Balaji. E,M,IND,IND,311,1422392
Tamil Nadu,2014,2,Chennai North,GEN,Raja. B,M,IND,IND,337,1422392
Tamil Nadu,2014,2,Chennai North,GEN,Mahendran. K.P.P.,M,IND,IND,343,1422392
Tamil Nadu,2014,2,Chennai North,GEN,Devaraj. G,M,IND,IND,386,1422392
Tamil Nadu,2014,2,Chennai North,GEN,Paulraj .T,M,MMKA,MMKA,387,1422392
Tamil Nadu,2014,2,Chennai North,GEN,Giriraj. D,M,IND,IND,414,1422392
Tamil Nadu,2014,2,Chennai North,GEN,Prabhakaran. K,M,IND,IND,457,1422392
Tamil Nadu,2014,2,Chennai North,GEN,Seetha Mallar. A,F,IND,IND,469,1422392
Tamil Nadu,2014,2,Chennai North,GEN,Senthil Kumar. K,M,IND,IND,472,1422392
Tamil Nadu,2014,2,Chennai North,GEN,Charavanan. M.P.,M,IND,IND,475,1422392
Tamil Nadu,2014,2,Chennai North,GEN,Deepak. C,M,IND,IND,475,1422392
Tamil Nadu,2014,2,Chennai North,GEN,Sivakumar . V,M,SUCI,SUCI,502,1422392
Tamil Nadu,2014,2,Chennai North,GEN,Mariraj. T.R,M,IND,IND,559,1422392
Tamil Nadu,2014,2,Chennai North,GEN,Babu Mailan .A,M,LSP,LSP,569,1422392
Tamil Nadu,2014,2,Chennai North,GEN,Ravi Pariyanar. D,M,IND,IND,600,1422392
Tamil Nadu,2014,2,Chennai North,GEN,Sivashanmuga Perumal. S,M,IND,IND,712,1422392
Tamil Nadu,2014,2,Chennai North,GEN,Marimuthu. P,M,IND,IND,777,1422392
Tamil Nadu,2014,2,Chennai North,GEN,Sundar. G,M,IND,IND,870,1422392
Tamil Nadu,2014,2,Chennai North,GEN,Srinivasan. J,M,IND,IND,964,1422392
Tamil Nadu,2014,2,Chennai North,GEN,Vijaya Kumar .K,M,TNMC,TNMC,1145,1422392
Tamil Nadu,2014,2,Chennai North,GEN,Kesavan. L,M,IND,IND,1198,1422392
Tamil Nadu,2014,2,Chennai North,GEN,Kolangi. M,M,IND,IND,1494,1422392
Tamil Nadu,2014,2,Chennai North,GEN,Paul Kanagaraj. R.C,M,IND,IND,1589,1422392
Tamil Nadu,2014,2,Chennai North,GEN,Janarthanan .J,M,BSP,BSP,4960,1422392
Tamil Nadu,2014,2,Chennai North,GEN,Srinivason .S,M,AAAP,AAAP,6819,1422392
Tamil Nadu,2014,2,Chennai North,GEN,Nijam Mohaideen .M,M,SDPI,SDPI,14585,1422392
Tamil Nadu,2014,2,Chennai North,GEN,None Of The Above,,NOTA,NOTA,17472,1422392
Tamil Nadu,2014,2,Chennai North,GEN,Vasuki .U,F,CPM,CPM,23751,1422392
Tamil Nadu,2014,2,Chennai North,GEN,Biju Chacko,M,INC,INC,24190,1422392
Tamil Nadu,2014,2,Chennai North,GEN,Soundarapandian .M,M,DMDK,DMDK,86989,1422392
Tamil Nadu,2014,2,Chennai North,GEN,Girirajan .R,M,DMK,DMK,307000,1422392
Tamil Nadu,2014,2,Chennai North,GEN,Venkatesh Babu .T.G,M,ADMK,ADMK,406704,1422392
Tamil Nadu,2014,3,Chennai South,GEN,S. Veeramani,M,IND,IND,105,1795776
Tamil Nadu,2014,3,Chennai South,GEN,Loganathan,M,IND,IND,117,1795776
Tamil Nadu,2014,3,Chennai South,GEN,A. Magesh,M,IND,IND,121,1795776
Tamil Nadu,2014,3,Chennai South,GEN,Rajini Nivetha,F,IND,IND,140,1795776
Tamil Nadu,2014,3,Chennai South,GEN,S. Rajeshwari,F,IND,IND,157,1795776
Tamil Nadu,2014,3,Chennai South,GEN,S. Parthiban,M,IND,IND,174,1795776
Tamil Nadu,2014,3,Chennai South,GEN,Thangaraj,M,IND,IND,188,1795776
Tamil Nadu,2014,3,Chennai South,GEN,M. Jayaraman,M,IND,IND,192,1795776
Tamil Nadu,2014,3,Chennai South,GEN,S. Sesu Raj,M,IND,IND,203,1795776
Tamil Nadu,2014,3,Chennai South,GEN,R. Ravichandran,M,IND,IND,215,1795776
Tamil Nadu,2014,3,Chennai South,GEN,M. Arumugam,M,IND,IND,221,1795776
Tamil Nadu,2014,3,Chennai South,GEN,B. Kumar Sri Sri,M,IND,IND,232,1795776
Tamil Nadu,2014,3,Chennai South,GEN,S. Devadoss,M,IND,IND,233,1795776
Tamil Nadu,2014,3,Chennai South,GEN,Bhavani Janakiram,F,IND,IND,244,1795776
Tamil Nadu,2014,3,Chennai South,GEN,Joseph Gunasekar,M,IND,IND,253,1795776
Tamil Nadu,2014,3,Chennai South,GEN,S. Charumathi,F,IND,IND,257,1795776
Tamil Nadu,2014,3,Chennai South,GEN,S. Balu,M,IND,IND,259,1795776
Tamil Nadu,2014,3,Chennai South,GEN,J.S. Mahalingam,M,IND,IND,267,1795776
Tamil Nadu,2014,3,Chennai South,GEN,Pon. Siva Kumar,M,IND,IND,271,1795776
Tamil Nadu,2014,3,Chennai South,GEN,K. Mani,M,JD(U),JD(U),274,1795776
Tamil Nadu,2014,3,Chennai South,GEN,T. Dhanasekar,M,NOC,NOC,328,1795776
Tamil Nadu,2014,3,Chennai South,GEN,R. Kandasamy@Babu,M,APM,APM,372,1795776
Tamil Nadu,2014,3,Chennai South,GEN,S.S.Radhakrishnan,M,IND,IND,373,1795776
Tamil Nadu,2014,3,Chennai South,GEN,S. Balamurali,M,IND,IND,416,1795776
Tamil Nadu,2014,3,Chennai South,GEN,Colonel Kadar Basha,M,IND,IND,427,1795776
Tamil Nadu,2014,3,Chennai South,GEN,K. Shankar,M,IND,IND,498,1795776
Tamil Nadu,2014,3,Chennai South,GEN,(Kuppal)G.Devadoss,M,IND,IND,511,1795776
Tamil Nadu,2014,3,Chennai South,GEN,A. Jaiganesh,M,LSP,LSP,518,1795776
Tamil Nadu,2014,3,Chennai South,GEN,T. Ponnusamy,M,IND,IND,533,1795776
Tamil Nadu,2014,3,Chennai South,GEN,S. Pragasam,M,IND,IND,636,1795776
Tamil Nadu,2014,3,Chennai South,GEN,Kanthavel D,M,IND,IND,865,1795776
Tamil Nadu,2014,3,Chennai South,GEN,A. Irudayadass,M,IND,IND,976,1795776
Tamil Nadu,2014,3,Chennai South,GEN,T.K. Ramajayam,M,IND,IND,1180,1795776
Tamil Nadu,2014,3,Chennai South,GEN,S. Seethalakshmi,F,TNMC,TNMC,1289,1795776
Tamil Nadu,2014,3,Chennai South,GEN,V. Balaji,M,BSP,BSP,1529,1795776
Tamil Nadu,2014,3,Chennai South,GEN,K.R.Ramaswamy@Traffic Ramaswamy,M,IND,IND,1647,1795776
Tamil Nadu,2014,3,Chennai South,GEN,Ganesan S,M,SUCI,SUCI,1708,1795776
Tamil Nadu,2014,3,Chennai South,GEN,Jahir Hussain. M,M,AAAP,AAAP,17208,1795776
Tamil Nadu,2014,3,Chennai South,GEN,None Of The Above,,NOTA,NOTA,20229,1795776
Tamil Nadu,2014,3,Chennai South,GEN,S.V. Ramani,M,INC,INC,24276,1795776
Tamil Nadu,2014,3,Chennai South,GEN,La.Ganesan,M,BJP,BJP,258262,1795776
Tamil Nadu,2014,3,Chennai South,GEN,T.K.S.Elangovan,M,DMK,DMK,298965,1795776
Tamil Nadu,2014,3,Chennai South,GEN,Dr. J. Jayavardhan,M,ADMK,ADMK,434540,1795776
Tamil Nadu,2014,4,Chennai Central,GEN,D. Ramesh,M,IND,IND,259,1328038
Tamil Nadu,2014,4,Chennai Central,GEN,D. Babu,M,IND,IND,261,1328038
Tamil Nadu,2014,4,Chennai Central,GEN,V. Chandramohan,M,IND,IND,324,1328038
Tamil Nadu,2014,4,Chennai Central,GEN,M. Prabakaran,M,IND,IND,336,1328038
Tamil Nadu,2014,4,Chennai Central,GEN,K.Raveendran,M,IND,IND,369,1328038
Tamil Nadu,2014,4,Chennai Central,GEN,Arundhathi Jaiganesh (A) S.Jaiganesh,M,IND,IND,390,1328038
Tamil Nadu,2014,4,Chennai Central,GEN,B. Ambeth Venkatesh,M,IND,IND,390,1328038
Tamil Nadu,2014,4,Chennai Central,GEN,P. Manimaran,M,IND,IND,391,1328038
Tamil Nadu,2014,4,Chennai Central,GEN,P. Ahila,F,IND,IND,579,1328038
Tamil Nadu,2014,4,Chennai Central,GEN,M. Murugan,M,IND,IND,697,1328038
Tamil Nadu,2014,4,Chennai Central,GEN,Auditor Gopinarayanan,M,MMKA,MMKA,805,1328038
Tamil Nadu,2014,4,Chennai Central,GEN,T. Ravikumar,M,IND,IND,973,1328038
Tamil Nadu,2014,4,Chennai Central,GEN,S.D. Krishnakumar,M,RPI(A),RPI(A),1528,1328038
Tamil Nadu,2014,4,Chennai Central,GEN,M. Mohamed Rasik,M,IND,IND,2019,1328038
Tamil Nadu,2014,4,Chennai Central,GEN,Muralikrishnan (A) Samaran,M,BSP,BSP,2531,1328038
Tamil Nadu,2014,4,Chennai Central,GEN,J. Prabhakar,M,AAAP,AAAP,19553,1328038
Tamil Nadu,2014,4,Chennai Central,GEN,None Of The Above,,NOTA,NOTA,21959,1328038
Tamil Nadu,2014,4,Chennai Central,GEN,C.D. Meyyappan,M,INC,INC,25981,1328038
Tamil Nadu,2014,4,Chennai Central,GEN,J. Constandine Ravindran,M,DMDK,DMDK,114798,1328038
Tamil Nadu,2014,4,Chennai Central,GEN,Dayanidhi Maran,M,DMK,DMK,287455,1328038
Tamil Nadu,2014,4,Chennai Central,GEN,S.R. Vijayakumar,M,ADMK,ADMK,333296,1328038
Tamil Nadu,2014,5,Sriperumbudur,GEN,"Shanmugam, K. Thiru",M,IND,IND,291,1946503
Tamil Nadu,2014,5,Sriperumbudur,GEN,"Shanmugam, G. Thiru",M,IND,IND,372,1946503
Tamil Nadu,2014,5,Sriperumbudur,GEN,"Sridhar,M.Thiru",M,IND,IND,477,1946503
Tamil Nadu,2014,5,Sriperumbudur,GEN,"Sridhar, C. Thiru",M,UMK,UMK,497,1946503
Tamil Nadu,2014,5,Sriperumbudur,GEN,"Ayodhi, L.( Dr).",M,IND,IND,699,1946503
Tamil Nadu,2014,5,Sriperumbudur,GEN,"Palani, A. Thiru",M,IND,IND,781,1946503
Tamil Nadu,2014,5,Sriperumbudur,GEN,"Ramachandiran, K. Thiru",M,IND,IND,791,1946503
Tamil Nadu,2014,5,Sriperumbudur,GEN,Bharathidasan R. Thiru.,M,IND,IND,811,1946503
Tamil Nadu,2014,5,Sriperumbudur,GEN,Pulavar. E.Su. Mani. Thiru,M,NOC,NOC,870,1946503
Tamil Nadu,2014,5,Sriperumbudur,GEN,"Madhavaraj, K.V. Thiru.",M,IND,IND,1165,1946503
Tamil Nadu,2014,5,Sriperumbudur,GEN,Sampath. K. Thiru,M,IND,IND,1301,1946503
Tamil Nadu,2014,5,Sriperumbudur,GEN,"Pugazhendi, A. Thiru",M,IND,IND,1726,1946503
Tamil Nadu,2014,5,Sriperumbudur,GEN,"Rajagopal Mallar, P. Thiru",M,IND,IND,2622,1946503
Tamil Nadu,2014,5,Sriperumbudur,GEN,"Ramesh, Thiru",M,IND,IND,2782,1946503
Tamil Nadu,2014,5,Sriperumbudur,GEN,"Bharathi, K. Thiru",M,CPI(ML)(L),CPI(ML)(L),4743,1946503
Tamil Nadu,2014,5,Sriperumbudur,GEN,"Mohamed Abbas, S. Thiru",M,BSP,BSP,4977,1946503
Tamil Nadu,2014,5,Sriperumbudur,GEN,"Vasigaran, S.A.N. Thiru",M,AAAP,AAAP,18963,1946503
Tamil Nadu,2014,5,Sriperumbudur,GEN,None Of The Above,,NOTA,NOTA,27676,1946503
Tamil Nadu,2014,5,Sriperumbudur,GEN,Arul Anbarasu,M,INC,INC,39015,1946503
Tamil Nadu,2014,5,Sriperumbudur,GEN,"Masilamani, R. (Dr).",M,MDMK,MDMK,187094,1946503
Tamil Nadu,2014,5,Sriperumbudur,GEN,"Jagathrakshakan, S. Thiru",M,DMK,DMK,443174,1946503
Tamil Nadu,2014,5,Sriperumbudur,GEN,"Ramachandran, K.N. Thiru",M,ADMK,ADMK,545820,1946503
Tamil Nadu,2014,6,Kancheepuram ,SC,"Sathiyanathan, N.",M,IND,IND,1089,1480123
Tamil Nadu,2014,6,Kancheepuram ,SC,Srinivasan C.,M,IND,IND,1090,1480123
Tamil Nadu,2014,6,Kancheepuram ,SC,Pargunan A.,M,IND,IND,1368,1480123
Tamil Nadu,2014,6,Kancheepuram ,SC,Ulaganathan .A,M,IND,IND,1479,1480123
Tamil Nadu,2014,6,Kancheepuram ,SC,"Balamurugan, R",M,IND,IND,2895,1480123
Tamil Nadu,2014,6,Kancheepuram ,SC,Maragatham M,F,IND,IND,3618,1480123
Tamil Nadu,2014,6,Kancheepuram ,SC,Sathiyaraj J.S,M,BSP,BSP,6807,1480123
Tamil Nadu,2014,6,Kancheepuram ,SC,None Of The Above,,NOTA,NOTA,17736,1480123
Tamil Nadu,2014,6,Kancheepuram ,SC,Viswanathan P,M,INC,INC,33313,1480123
Tamil Nadu,2014,6,Kancheepuram ,SC,Sathya C.E.,M,MDMK,MDMK,207080,1480123
Tamil Nadu,2014,6,Kancheepuram ,SC,Selvam G,M,DMK,DMK,352529,1480123
Tamil Nadu,2014,6,Kancheepuram ,SC,Maragatham K,F,ADMK,ADMK,499395,1480123
Tamil Nadu,2014,7,Arakkonam,GEN,"Ravi, N.D.",M,IND,IND,471,1401813
Tamil Nadu,2014,7,Arakkonam,GEN,"Sadhu Muthu Kristnan Erajandran, T.M.S.",M,IND,IND,484,1401813
Tamil Nadu,2014,7,Arakkonam,GEN,"Elango, D.",M,IND,IND,517,1401813
Tamil Nadu,2014,7,Arakkonam,GEN,"Harikrishnan, P.",M,IND,IND,541,1401813
Tamil Nadu,2014,7,Arakkonam,GEN,"Shettu, S.",M,IND,IND,570,1401813
Tamil Nadu,2014,7,Arakkonam,GEN,"Hari, S.",M,IND,IND,599,1401813
Tamil Nadu,2014,7,Arakkonam,GEN,"Arun, N.",M,IND,IND,610,1401813
Tamil Nadu,2014,7,Arakkonam,GEN,"Sridhar, R.S",M,IND,IND,723,1401813
Tamil Nadu,2014,7,Arakkonam,GEN,"Velu, R.",M,IND,IND,747,1401813
Tamil Nadu,2014,7,Arakkonam,GEN,"Velu, V.",M,IND,IND,783,1401813
Tamil Nadu,2014,7,Arakkonam,GEN,"Elangovan, A.",M,IND,IND,804,1401813
Tamil Nadu,2014,7,Arakkonam,GEN,"Elango, N.",M,IND,IND,918,1401813
Tamil Nadu,2014,7,Arakkonam,GEN,"Velu, D.",M,IND,IND,920,1401813
Tamil Nadu,2014,7,Arakkonam,GEN,"Vadivel, A.",M,IND,IND,1023,1401813
Tamil Nadu,2014,7,Arakkonam,GEN,"Viswanathan, P.",M,IND,IND,1434,1401813
Tamil Nadu,2014,7,Arakkonam,GEN,"Hari, S.",M,IND,IND,1458,1401813
Tamil Nadu,2014,7,Arakkonam,GEN,"Elangovan, D.",M,IND,IND,1556,1401813
Tamil Nadu,2014,7,Arakkonam,GEN,"Gopinathan, G.",M,IND,IND,1955,1401813
Tamil Nadu,2014,7,Arakkonam,GEN,"Ravi, V.",M,IND,IND,2198,1401813
Tamil Nadu,2014,7,Arakkonam,GEN,"Rajesh, S.",M,AAAP,AAAP,4021,1401813
Tamil Nadu,2014,7,Arakkonam,GEN,Panchu.Udayakumar,M,IND,IND,6025,1401813
Tamil Nadu,2014,7,Arakkonam,GEN,"Gajendran, S.",M,IND,IND,6570,1401813
Tamil Nadu,2014,7,Arakkonam,GEN,"Dass, D.",M,BSP,BSP,7354,1401813
Tamil Nadu,2014,7,Arakkonam,GEN,None Of The Above,,NOTA,NOTA,10370,1401813
Tamil Nadu,2014,7,Arakkonam,GEN,"Rajesh, R",M,INC,INC,56337,1401813
Tamil Nadu,2014,7,Arakkonam,GEN,"Velu, R.",M,PMK,PMK,233762,1401813
Tamil Nadu,2014,7,Arakkonam,GEN,"Elango, N.R",M,DMK,DMK,252768,1401813
Tamil Nadu,2014,7,Arakkonam,GEN,"Hari, G.",M,ADMK,ADMK,493534,1401813
Tamil Nadu,2014,8,Vellore,GEN,"Gangadharan, K.",M,TNMC,TNMC,430,1312259
Tamil Nadu,2014,8,Vellore,GEN,"Manimaran, M.",M,IND,IND,430,1312259
Tamil Nadu,2014,8,Vellore,GEN,"George, V.A.",M,BDBRAJP,BDBRAJP,491,1312259
Tamil Nadu,2014,8,Vellore,GEN,"Shareef Basha, H.",M,SAP,SAP,496,1312259
Tamil Nadu,2014,8,Vellore,GEN,"Dhandapani, M.",M,IND,IND,558,1312259
Tamil Nadu,2014,8,Vellore,GEN,"Lalitha, K.",F,IND,IND,561,1312259
Tamil Nadu,2014,8,Vellore,GEN,"Abdul Rahman, N.",M,IND,IND,581,1312259
Tamil Nadu,2014,8,Vellore,GEN,"Nandha Kumar, V.",M,SP,SP,745,1312259
Tamil Nadu,2014,8,Vellore,GEN,"Venkatesan, R.",M,IND,IND,764,1312259
Tamil Nadu,2014,8,Vellore,GEN,"Eswaran, R.",M,IND,IND,790,1312259
Tamil Nadu,2014,8,Vellore,GEN,"Sugumar, K.",M,IND,IND,828,1312259
Tamil Nadu,2014,8,Vellore,GEN,"Gangadaran, K.",M,IND,IND,991,1312259
Tamil Nadu,2014,8,Vellore,GEN,"Abdul Rahman, B.",M,IND,IND,1052,1312259
Tamil Nadu,2014,8,Vellore,GEN,"Thirupathy, T.",M,IND,IND,1293,1312259
Tamil Nadu,2014,8,Vellore,GEN,"Kesavan, M.",M,IND,IND,1708,1312259
Tamil Nadu,2014,8,Vellore,GEN,Jayaprakash,M,BSP,BSP,2791,1312259
Tamil Nadu,2014,8,Vellore,GEN,"Sivaprakasam, R.S.",M,IND,IND,3603,1312259
Tamil Nadu,2014,8,Vellore,GEN,"Imdad Shariff, A.",M,AAAP,AAAP,3742,1312259
Tamil Nadu,2014,8,Vellore,GEN,"Govindan, C.",M,IND,IND,4169,1312259
Tamil Nadu,2014,8,Vellore,GEN,"Gopu, C.",M,IND,IND,6056,1312259
Tamil Nadu,2014,8,Vellore,GEN,None Of The Above,,NOTA,NOTA,7100,1312259
Tamil Nadu,2014,8,Vellore,GEN,"Vijay Elanchezian, J.",M,INC,INC,21650,1312259
Tamil Nadu,2014,8,Vellore,GEN,"Abdul Rahman, M.",M,IUML,IUML,205896,1312259
Tamil Nadu,2014,8,Vellore,GEN,"Shanmugam, A.C.",M,BJP,BJP,324326,1312259
Tamil Nadu,2014,8,Vellore,GEN,"Senguttuvan, B.",M,ADMK,ADMK,383719,1312259
Tamil Nadu,2014,9,Krishnagiri,GEN,Gandhi.Tvs,M,IND,IND,1519,1379957
Tamil Nadu,2014,9,Krishnagiri,GEN,Soundarajan.M,M,IND,IND,1744,1379957
Tamil Nadu,2014,9,Krishnagiri,GEN,Pattabirama.C,M,IND,IND,2015,1379957
Tamil Nadu,2014,9,Krishnagiri,GEN,Muniraj.K,M,UMK,UMK,2135,1379957
Tamil Nadu,2014,9,Krishnagiri,GEN,Vinothkumar.P,M,IND,IND,2261,1379957
Tamil Nadu,2014,9,Krishnagiri,GEN,Virginiya Benatin Franciles,F,IND,IND,2530,1379957
Tamil Nadu,2014,9,Krishnagiri,GEN,Saravanan.V,M,IND,IND,2737,1379957
Tamil Nadu,2014,9,Krishnagiri,GEN,Gowda.Nsm,M,JD(S),JD(S),3033,1379957
Tamil Nadu,2014,9,Krishnagiri,GEN,Sundaram.S,M,UCPI,UCPI,3665,1379957
Tamil Nadu,2014,9,Krishnagiri,GEN,Ashok Kumar.A,M,IND,IND,3875,1379957
Tamil Nadu,2014,9,Krishnagiri,GEN,Chanbasha.M,M,BSP,BSP,8618,1379957
Tamil Nadu,2014,9,Krishnagiri,GEN,None Of The Above,,NOTA,NOTA,16020,1379957
Tamil Nadu,2014,9,Krishnagiri,GEN,Chellakumar. Dr. A,M,INC,INC,38885,1379957
Tamil Nadu,2014,9,Krishnagiri,GEN,Mani.G.K,M,PMK,PMK,224963,1379957
Tamil Nadu,2014,9,Krishnagiri,GEN,Chinna Pillappa.P,M,DMK,DMK,273900,1379957
Tamil Nadu,2014,9,Krishnagiri,GEN,Ashok Kumar.K,M,ADMK,ADMK,480491,1379957
Tamil Nadu,2014,10,Dharmapuri,GEN,Sambath.M,M,IND,IND,1310,1358273
Tamil Nadu,2014,10,Dharmapuri,GEN,Anbumani.G,F,IND,IND,1370,1358273
Tamil Nadu,2014,10,Dharmapuri,GEN,Arivudainambi.M,M,IND,IND,1403,1358273
Tamil Nadu,2014,10,Dharmapuri,GEN,Anandkumar.K,M,IND,IND,1978,1358273
Tamil Nadu,2014,10,Dharmapuri,GEN,Natarajan.R,M,IND,IND,2199,1358273
Tamil Nadu,2014,10,Dharmapuri,GEN,Kumaran.V,M,IND,IND,2413,1358273
Tamil Nadu,2014,10,Dharmapuri,GEN,Arivazhagan.P,M,IND,IND,2802,1358273
Tamil Nadu,2014,10,Dharmapuri,GEN,Savithiri.K,F,UMK,UMK,3164,1358273
Tamil Nadu,2014,10,Dharmapuri,GEN,Anguraj.P,M,IND,IND,3905,1358273
Tamil Nadu,2014,10,Dharmapuri,GEN,Padmarajan.K.Dr,M,IND,IND,4934,1358273
Tamil Nadu,2014,10,Dharmapuri,GEN,Rajinikanth.S,M,BSP,BSP,8180,1358273
Tamil Nadu,2014,10,Dharmapuri,GEN,None Of The Above,,NOTA,NOTA,12693,1358273
Tamil Nadu,2014,10,Dharmapuri,GEN,Rama Suganthan,M,INC,INC,15455,1358273
Tamil Nadu,2014,10,Dharmapuri,GEN,Thamaraiselvan.R,M,DMK,DMK,180297,1358273
Tamil Nadu,2014,10,Dharmapuri,GEN,Mohan.P.S,M,ADMK,ADMK,391048,1358273
Tamil Nadu,2014,10,Dharmapuri,GEN,Anbumani Ramadoss,M,PMK,PMK,468194,1358273
Tamil Nadu,2014,11,Tiruvannamalai,GEN,Prabakaran L,M,IND,IND,679,1352966
Tamil Nadu,2014,11,Tiruvannamalai,GEN,Velmurugan A,M,IND,IND,724,1352966
Tamil Nadu,2014,11,Tiruvannamalai,GEN,Arunachalam P,M,IND,IND,736,1352966
Tamil Nadu,2014,11,Tiruvannamalai,GEN,Annadurai A,M,IND,IND,865,1352966
Tamil Nadu,2014,11,Tiruvannamalai,GEN,Aruljothi A,F,IND,IND,904,1352966
Tamil Nadu,2014,11,Tiruvannamalai,GEN,Vaithiyanathan S,M,IND,IND,931,1352966
Tamil Nadu,2014,11,Tiruvannamalai,GEN,Arumugam R,M,IND,IND,973,1352966
Tamil Nadu,2014,11,Tiruvannamalai,GEN,Murugan P,M,IND,IND,991,1352966
Tamil Nadu,2014,11,Tiruvannamalai,GEN,Kamaraj M,M,IND,IND,1369,1352966
Tamil Nadu,2014,11,Tiruvannamalai,GEN,Manikkavel M R,M,JD(S),JD(S),1555,1352966
Tamil Nadu,2014,11,Tiruvannamalai,GEN,Anbalagan D,M,IND,IND,1686,1352966
Tamil Nadu,2014,11,Tiruvannamalai,GEN,Annadurai B,M,IND,IND,1693,1352966
Tamil Nadu,2014,11,Tiruvannamalai,GEN,Loganathan P,M,IND,IND,1729,1352966
Tamil Nadu,2014,11,Tiruvannamalai,GEN,Ravindran T,M,TNMC,TNMC,1999,1352966
Tamil Nadu,2014,11,Tiruvannamalai,GEN,Ramesh P,M,IND,IND,2445,1352966
Tamil Nadu,2014,11,Tiruvannamalai,GEN,Senthil S,M,IND,IND,3867,1352966
Tamil Nadu,2014,11,Tiruvannamalai,GEN,Baskaran M R,M,BSP,BSP,4328,1352966
Tamil Nadu,2014,11,Tiruvannamalai,GEN,Kothandapani B,M,IND,IND,4688,1352966
Tamil Nadu,2014,11,Tiruvannamalai,GEN,Arumugam C,M,SP,SP,6278,1352966
Tamil Nadu,2014,11,Tiruvannamalai,GEN,None Of The Above,,NOTA,NOTA,9595,1352966
Tamil Nadu,2014,11,Tiruvannamalai,GEN,Murugesan K,M,IND,IND,10708,1352966
Tamil Nadu,2014,11,Tiruvannamalai,GEN,Subramaniyan A,M,INC,INC,17854,1352966
Tamil Nadu,2014,11,Tiruvannamalai,GEN,Ediroli Manian G,M,PMK,PMK,157954,1352966
Tamil Nadu,2014,11,Tiruvannamalai,GEN,Annadurai C N,M,DMK,DMK,332145,1352966
Tamil Nadu,2014,11,Tiruvannamalai,GEN,Vanaroja R,F,ADMK,ADMK,500751,1352966
Tamil Nadu,2014,12,Arani,GEN,S.Elumalai,M,IND,IND,513,1369668
Tamil Nadu,2014,12,Arani,GEN,R.Saraswathi,F,IND,IND,668,1369668
Tamil Nadu,2014,12,Arani,GEN,H.Senthilkumar,M,IND,IND,798,1369668
Tamil Nadu,2014,12,Arani,GEN,M.Durairaj,M,IND,IND,910,1369668
Tamil Nadu,2014,12,Arani,GEN,K.Elumalai,M,IND,IND,1243,1369668
Tamil Nadu,2014,12,Arani,GEN,A.Mahadevan,M,IND,IND,1309,1369668
Tamil Nadu,2014,12,Arani,GEN,S.Senthilnathan,M,IND,IND,1746,1369668
Tamil Nadu,2014,12,Arani,GEN,S.Ramamoorthy,M,IND,IND,1760,1369668
Tamil Nadu,2014,12,Arani,GEN,S.Manikandan,M,IND,IND,1952,1369668
Tamil Nadu,2014,12,Arani,GEN,V.Anna Venkatesh,M,ADSMK,ADSMK,2372,1369668
Tamil Nadu,2014,12,Arani,GEN,M.Munusamy,M,IND,IND,2598,1369668
Tamil Nadu,2014,12,Arani,GEN,P.Loganathan,M,IND,IND,4331,1369668
Tamil Nadu,2014,12,Arani,GEN,A.Ganesan,M,BSP,BSP,5573,1369668
Tamil Nadu,2014,12,Arani,GEN,V.Moorthy,M,IND,IND,8059,1369668
Tamil Nadu,2014,12,Arani,GEN,None Of The Above,,NOTA,NOTA,9304,1369668
Tamil Nadu,2014,12,Arani,GEN,K.Moorthy,M,IND,IND,10263,1369668
Tamil Nadu,2014,12,Arani,GEN,M.K.Vishnu Prasad,M,INC,INC,27717,1369668
Tamil Nadu,2014,12,Arani,GEN,A.K.Moorthy,M,PMK,PMK,253332,1369668
Tamil Nadu,2014,12,Arani,GEN,Sivanandam.R,M,DMK,DMK,258877,1369668
Tamil Nadu,2014,12,Arani,GEN,V.Elumalai,M,ADMK,ADMK,502721,1369668
Tamil Nadu,2014,13,Viluppuram,SC,Arumugam R,M,IND,IND,693,1387007
Tamil Nadu,2014,13,Viluppuram,SC,Arasan K,M,IND,IND,811,1387007
Tamil Nadu,2014,13,Viluppuram,SC,Rajamanickam K,M,IND,IND,1197,1387007
Tamil Nadu,2014,13,Viluppuram,SC,Umasankar M,M,IND,IND,1212,1387007
Tamil Nadu,2014,13,Viluppuram,SC,Desingu K,M,IND,IND,1607,1387007
Tamil Nadu,2014,13,Viluppuram,SC,Muthiyan,M,IND,IND,1774,1387007
Tamil Nadu,2014,13,Viluppuram,SC,Srinivasan K,M,IND,IND,2294,1387007
Tamil Nadu,2014,13,Viluppuram,SC,Elumalai D,M,IND,IND,2337,1387007
Tamil Nadu,2014,13,Viluppuram,SC,Ramesh A,M,IND,IND,2663,1387007
Tamil Nadu,2014,13,Viluppuram,SC,Karunsiruthai Kaliyamurthi G,M,BSP,BSP,2683,1387007
Tamil Nadu,2014,13,Viluppuram,SC,Venkatesan S,M,IND,IND,2798,1387007
Tamil Nadu,2014,13,Viluppuram,SC,Kadrvel M,M,IND,IND,3430,1387007
Tamil Nadu,2014,13,Viluppuram,SC,Devi S,F,IND,IND,3443,1387007
Tamil Nadu,2014,13,Viluppuram,SC,Venkatesan M,M,CPI(ML)(L),CPI(ML)(L),3906,1387007
Tamil Nadu,2014,13,Viluppuram,SC,Muthaiyan N,M,IND,IND,4780,1387007
Tamil Nadu,2014,13,Viluppuram,SC,None Of The Above,,NOTA,NOTA,11440,1387007
Tamil Nadu,2014,13,Viluppuram,SC,Anandan G,M,CPM,CPM,17408,1387007
Tamil Nadu,2014,13,Viluppuram,SC,Rani K,F,INC,INC,21461,1387007
Tamil Nadu,2014,13,Viluppuram,SC,Umasankar K,M,DMDK,DMDK,209663,1387007
Tamil Nadu,2014,13,Viluppuram,SC,Muthaiyan K Dr,M,DMK,DMK,289337,1387007
Tamil Nadu,2014,13,Viluppuram,SC,Rajendran S,M,ADMK,ADMK,482704,1387007
Tamil Nadu,2014,14,Kallakurichi,GEN,Velliyan. K,M,IND,IND,946,1412499
Tamil Nadu,2014,14,Kallakurichi,GEN,Sekar. K,M,IND,IND,962,1412499
Tamil Nadu,2014,14,Kallakurichi,GEN,Ramachandiran. T,M,IND,IND,1013,1412499
Tamil Nadu,2014,14,Kallakurichi,GEN,Govindasamy.A,M,IND,IND,1015,1412499
Tamil Nadu,2014,14,Kallakurichi,GEN,Vennila. K,F,IND,IND,1097,1412499
Tamil Nadu,2014,14,Kallakurichi,GEN,Pandian. R,M,IND,IND,1221,1412499
Tamil Nadu,2014,14,Kallakurichi,GEN,Kamaraj. R,M,IND,IND,1334,1412499
Tamil Nadu,2014,14,Kallakurichi,GEN,Shajahan. A,M,IND,IND,1499,1412499
Tamil Nadu,2014,14,Kallakurichi,GEN,Narayansamy. P,M,IND,IND,1684,1412499
Tamil Nadu,2014,14,Kallakurichi,GEN,Vetrivel. K,M,IND,IND,2029,1412499
Tamil Nadu,2014,14,Kallakurichi,GEN,Bojan. G,M,IND,IND,2255,1412499
Tamil Nadu,2014,14,Kallakurichi,GEN,Mohammed Yasin. K,M,AAAP,AAAP,2910,1412499
Tamil Nadu,2014,14,Kallakurichi,GEN,Lakshmanan. S,M,IND,IND,3261,1412499
Tamil Nadu,2014,14,Kallakurichi,GEN,Perumal. A. K.,M,JMM(U),JMM(U),3512,1412499
Tamil Nadu,2014,14,Kallakurichi,GEN,Varadan. M,M,IND,IND,5054,1412499
Tamil Nadu,2014,14,Kallakurichi,GEN,Sakthivel.S,M,BSP,BSP,5929,1412499
Tamil Nadu,2014,14,Kallakurichi,GEN,Mannan. M. P,M,IND,IND,6186,1412499
Tamil Nadu,2014,14,Kallakurichi,GEN,Madaiyan. S,M,IND,IND,7314,1412499
Tamil Nadu,2014,14,Kallakurichi,GEN,None Of The Above,,NOTA,NOTA,10901,1412499
Tamil Nadu,2014,14,Kallakurichi,GEN,Devadass. R,M,INC,INC,39677,1412499
Tamil Nadu,2014,14,Kallakurichi,GEN,Eswaran. V. P,M,DMDK,DMDK,164183,1412499
Tamil Nadu,2014,14,Kallakurichi,GEN,Manimaran. R,M,DMK,DMK,309876,1412499
Tamil Nadu,2014,14,Kallakurichi,GEN,Kamaraj. K,M,ADMK,ADMK,533383,1412499
Tamil Nadu,2014,15,Salem,GEN,Nandakumar G,M,IND,IND,357,1498350
Tamil Nadu,2014,15,Salem,GEN,Mass Ganesh A,M,TTNC,TTNC,474,1498350
Tamil Nadu,2014,15,Salem,GEN,Prakasam R,M,IND,IND,484,1498350
Tamil Nadu,2014,15,Salem,GEN,Abdul Wahid I,M,IND,IND,526,1498350
Tamil Nadu,2014,15,Salem,GEN,M Ahamed Shahjahan,M,IND,IND,529,1498350
Tamil Nadu,2014,15,Salem,GEN,Panneerselvam N,M,IND,IND,574,1498350
Tamil Nadu,2014,15,Salem,GEN,Venkatesan R,M,RPI(A),RPI(A),623,1498350
Tamil Nadu,2014,15,Salem,GEN,Arumugam M,M,IND,IND,731,1498350
Tamil Nadu,2014,15,Salem,GEN,Thiagarajan K,M,IND,IND,777,1498350
Tamil Nadu,2014,15,Salem,GEN,Rajakannu A,M,IND,IND,1151,1498350
Tamil Nadu,2014,15,Salem,GEN,Umarani S,F,IND,IND,1232,1498350
Tamil Nadu,2014,15,Salem,GEN,Vinayagamoorthi T,M,BSP,BSP,1619,1498350
Tamil Nadu,2014,15,Salem,GEN,Shanmugam G,M,MMKA,MMKA,1623,1498350
Tamil Nadu,2014,15,Salem,GEN,Kuppayee R,F,IND,IND,1701,1498350
Tamil Nadu,2014,15,Salem,GEN,Raja A,M,IND,IND,2203,1498350
Tamil Nadu,2014,15,Salem,GEN,Kandasamy R,M,IND,IND,2550,1498350
Tamil Nadu,2014,15,Salem,GEN,Sakthivel S,M,IND,IND,2581,1498350
Tamil Nadu,2014,15,Salem,GEN,Senthil Kumar M,M,IND,IND,2903,1498350
Tamil Nadu,2014,15,Salem,GEN,Govindaraju K,M,IND,IND,3261,1498350
Tamil Nadu,2014,15,Salem,GEN,Satheesh Kumar E,M,AAAP,AAAP,5198,1498350
Tamil Nadu,2014,15,Salem,GEN,Chinnusamy N,M,IND,IND,5374,1498350
Tamil Nadu,2014,15,Salem,GEN,None Of The Above,,NOTA,NOTA,20601,1498350
Tamil Nadu,2014,15,Salem,GEN,Rangarajan Mohan Kumaramangalam,M,INC,INC,46477,1498350
Tamil Nadu,2014,15,Salem,GEN,Sudhish L K,M,DMDK,DMDK,201265,1498350
Tamil Nadu,2014,15,Salem,GEN,Umarani. S,F,DMK,DMK,288936,1498350
Tamil Nadu,2014,15,Salem,GEN,Pannerselvam.V,M,ADMK,ADMK,556546,1498350
Tamil Nadu,2014,16,Namakkal,GEN,Dharmalingam.M,M,IND,IND,473,1329552
Tamil Nadu,2014,16,Namakkal,GEN,Gnanapandithan.P,M,RPI(A),RPI(A),700,1329552
Tamil Nadu,2014,16,Namakkal,GEN,Ramasamy.P,M,IND,IND,717,1329552
Tamil Nadu,2014,16,Namakkal,GEN,Vadivel.R,M,UMK,UMK,737,1329552
Tamil Nadu,2014,16,Namakkal,GEN,Ponmudi.P,M,IND,IND,787,1329552
Tamil Nadu,2014,16,Namakkal,GEN,Panneerselvam.S,M,IND,IND,823,1329552
Tamil Nadu,2014,16,Namakkal,GEN,Selvaraj.S,M,IND,IND,835,1329552
Tamil Nadu,2014,16,Namakkal,GEN,Perumal.A,M,IND,IND,858,1329552
Tamil Nadu,2014,16,Namakkal,GEN,Ramajeyam.G,M,IND,IND,915,1329552
Tamil Nadu,2014,16,Namakkal,GEN,Natarajan.M,M,IND,IND,1182,1329552
Tamil Nadu,2014,16,Namakkal,GEN,Gunasekaran.S,M,IND,IND,1600,1329552
Tamil Nadu,2014,16,Namakkal,GEN,Kalaivanan.M,M,JD(S),JD(S),1711,1329552
Tamil Nadu,2014,16,Namakkal,GEN,Selvaraj.R,M,BSP,BSP,1788,1329552
Tamil Nadu,2014,16,Namakkal,GEN,Ramasamy.N,M,IND,IND,1874,1329552
Tamil Nadu,2014,16,Namakkal,GEN,Krishnan.M,M,IND,IND,2079,1329552
Tamil Nadu,2014,16,Namakkal,GEN,Murali.V,M,IND,IND,2487,1329552
Tamil Nadu,2014,16,Namakkal,GEN,Subramani.S,M,IND,IND,3070,1329552
Tamil Nadu,2014,16,Namakkal,GEN,Selvam.G,M,IND,IND,3362,1329552
Tamil Nadu,2014,16,Namakkal,GEN,Sakthivel.S.P,M,IND,IND,3920,1329552
Tamil Nadu,2014,16,Namakkal,GEN,Chellakumarasamy.T.S(Dr),M,AAAP,AAAP,4348,1329552
Tamil Nadu,2014,16,Namakkal,GEN,Sivaji.S.M,M,IND,IND,4808,1329552
Tamil Nadu,2014,16,Namakkal,GEN,Velusamy.S,M,TNMC,TNMC,4827,1329552
Tamil Nadu,2014,16,Namakkal,GEN,None Of The Above,,NOTA,NOTA,16002,1329552
Tamil Nadu,2014,16,Namakkal,GEN,Subramaniyan G.R,M,INC,INC,19800,1329552
Tamil Nadu,2014,16,Namakkal,GEN,Vel S.K,M,DMDK,DMDK,146882,1329552
Tamil Nadu,2014,16,Namakkal,GEN,Gandhiselvan.S,M,DMK,DMK,268898,1329552
Tamil Nadu,2014,16,Namakkal,GEN,Sundaram P.R,M,ADMK,ADMK,563272,1329552
Tamil Nadu,2014,17,Erode,GEN,Palaniappan Josiyar C.M,M,CPIM,CPIM,519,1321399
Tamil Nadu,2014,17,Erode,GEN,Duraisamy.A,M,IND,IND,610,1321399
Tamil Nadu,2014,17,Erode,GEN,Thangaraj V,M,IND,IND,818,1321399
Tamil Nadu,2014,17,Erode,GEN,Murugesan_S,M,IND,IND,1046,1321399
Tamil Nadu,2014,17,Erode,GEN,Gunasekaran T.K,M,UCPI,UCPI,1298,1321399
Tamil Nadu,2014,17,Erode,GEN,Mayilsamy K,M,IND,IND,1592,1321399
Tamil Nadu,2014,17,Erode,GEN,Rajagopal V,M,IND,IND,1969,1321399
Tamil Nadu,2014,17,Erode,GEN,Kumarasamy K.K,M,AAAP,AAAP,4654,1321399
Tamil Nadu,2014,17,Erode,GEN,Sethupathy,M,BSP,BSP,5917,1321399
Tamil Nadu,2014,17,Erode,GEN,Vijayakumar S,M,IND,IND,7478,1321399
Tamil Nadu,2014,17,Erode,GEN,None Of The Above,,NOTA,NOTA,16268,1321399
Tamil Nadu,2014,17,Erode,GEN,Gopi P,M,INC,INC,26726,1321399
Tamil Nadu,2014,17,Erode,GEN,Pavithravalli H,F,DMK,DMK,217260,1321399
Tamil Nadu,2014,17,Erode,GEN,Ganeshamurthi.A,M,MDMK,MDMK,255432,1321399
Tamil Nadu,2014,17,Erode,GEN,Selvakumara Chinnayan S,M,ADMK,ADMK,466995,1321399
Tamil Nadu,2014,18,Tiruppur,GEN,A.K.Sheikdavood,M,IND,IND,788,1375589
Tamil Nadu,2014,18,Tiruppur,GEN,R.Nandhakumar,M,IND,IND,900,1375589
Tamil Nadu,2014,18,Tiruppur,GEN,J.Laxmi,F,CPIM,CPIM,908,1375589
Tamil Nadu,2014,18,Tiruppur,GEN,P.Balasubramaniyan,M,IND,IND,916,1375589
Tamil Nadu,2014,18,Tiruppur,GEN,N.Sivakumar,M,UMK,UMK,949,1375589
Tamil Nadu,2014,18,Tiruppur,GEN,A.Mogheeth Khan,M,IND,IND,1038,1375589
Tamil Nadu,2014,18,Tiruppur,GEN,R.Sathyabama,F,IND,IND,1097,1375589
Tamil Nadu,2014,18,Tiruppur,GEN,T.S.Senthilkumar,M,IND,IND,1151,1375589
Tamil Nadu,2014,18,Tiruppur,GEN,Pastor A.James,M,IND,IND,1153,1375589
Tamil Nadu,2014,18,Tiruppur,GEN,A.Ponnusamy,M,IND,IND,1193,1375589
Tamil Nadu,2014,18,Tiruppur,GEN,R.Sathyabhama,F,IND,IND,1193,1375589
Tamil Nadu,2014,18,Tiruppur,GEN,S.K.Dineshkumar,M,IND,IND,1820,1375589
Tamil Nadu,2014,18,Tiruppur,GEN,K.Senthilkumar,M,IND,IND,1926,1375589
Tamil Nadu,2014,18,Tiruppur,GEN,M.Rajendran,M,IND,IND,1991,1375589
Tamil Nadu,2014,18,Tiruppur,GEN,R.Murugesan,M,MMKA,MMKA,2010,1375589
Tamil Nadu,2014,18,Tiruppur,GEN,R.Gopalsamy,M,LSP,LSP,2167,1375589
Tamil Nadu,2014,18,Tiruppur,GEN,R.Chakravarthi Raja Gopala Krishnan,M,AAAP,AAAP,3087,1375589
Tamil Nadu,2014,18,Tiruppur,GEN,M.Palanisamy,M,IND,IND,4074,1375589
Tamil Nadu,2014,18,Tiruppur,GEN,P.Selvaboobathi,M,IND,IND,4264,1375589
Tamil Nadu,2014,18,Tiruppur,GEN,N.Gurusamy,M,BSP,BSP,4665,1375589
Tamil Nadu,2014,18,Tiruppur,GEN,R.R.Murugan,M,IND,IND,6422,1375589
Tamil Nadu,2014,18,Tiruppur,GEN,None Of The Above,,NOTA,NOTA,13941,1375589
Tamil Nadu,2014,18,Tiruppur,GEN,K.Subbarayan,M,CPI,CPI,33331,1375589
Tamil Nadu,2014,18,Tiruppur,GEN,E.V.K.S. Elangovan,M,INC,INC,47554,1375589
Tamil Nadu,2014,18,Tiruppur,GEN,M.Senthilnathan,M,DMK,DMK,205411,1375589
Tamil Nadu,2014,18,Tiruppur,GEN,N.Dineshkumar,M,DMDK,DMDK,263463,1375589
Tamil Nadu,2014,18,Tiruppur,GEN,V.Sathyabama,F,ADMK,ADMK,442778,1375589
Tamil Nadu,2014,19,Nilgiris ,SC,"Gunasekaran, K.",M,RPI(A),RPI(A),1650,1269173
Tamil Nadu,2014,19,Nilgiris ,SC,"Eswaran, T.",M,MMKA,MMKA,1655,1269173
Tamil Nadu,2014,19,Nilgiris ,SC,"Subramaniyam, P.",M,IND,IND,1711,1269173
Tamil Nadu,2014,19,Nilgiris ,SC,"Dr.Balan, P.P.",M,IND,IND,2704,1269173
Tamil Nadu,2014,19,Nilgiris ,SC,"Ponnusamy, P.",M,CPIM,CPIM,2733,1269173
Tamil Nadu,2014,19,Nilgiris ,SC,"Kala, M.",F,BSP,BSP,3377,1269173
Tamil Nadu,2014,19,Nilgiris ,SC,"Rani, M.T.",F,AAAP,AAAP,12525,1269173
Tamil Nadu,2014,19,Nilgiris ,SC,"Gandhi, P.",M,INC,INC,37702,1269173
Tamil Nadu,2014,19,Nilgiris ,SC,None Of The Above,M,NOTA,NOTA,46559,1269173
Tamil Nadu,2014,19,Nilgiris ,SC,"Raja, A.",M,DMK,DMK,358760,1269173
Tamil Nadu,2014,19,Nilgiris ,SC,"Gopalakrishnan, C.",M,ADMK,ADMK,463700,1269173
Tamil Nadu,2014,20,Coimbatore,GEN,"Sridharan, S.",M,IND,IND,450,1720221
Tamil Nadu,2014,20,Coimbatore,GEN,"Doraisamy, A.",M,MMKA,MMKA,550,1720221
Tamil Nadu,2014,20,Coimbatore,GEN,"Jagadeeswaran, S.",M,UMK,UMK,596,1720221
Tamil Nadu,2014,20,Coimbatore,GEN,"Mohanraj, K.",M,IND,IND,607,1720221
Tamil Nadu,2014,20,Coimbatore,GEN,"Tamilselvan, K.",M,IND,IND,640,1720221
Tamil Nadu,2014,20,Coimbatore,GEN,"Abdul Salam, A.",M,IND,IND,766,1720221
Tamil Nadu,2014,20,Coimbatore,GEN,Anbuselvan.,M,IND,IND,799,1720221
Tamil Nadu,2014,20,Coimbatore,GEN,"Jerlld Amalajothi, I.",M,IND,IND,858,1720221
Tamil Nadu,2014,20,Coimbatore,GEN,"Kalapirar Kuppusamy, C.",M,CPIM,CPIM,1051,1720221
Tamil Nadu,2014,20,Coimbatore,GEN,"Ranjithkumar, M.",M,IND,IND,1100,1720221
Tamil Nadu,2014,20,Coimbatore,GEN,"Rajagopal, M.",M,IND,IND,1232,1720221
Tamil Nadu,2014,20,Coimbatore,GEN,"Alphonesraj, M.",M,IND,IND,1306,1720221
Tamil Nadu,2014,20,Coimbatore,GEN,"Chandran, D.",M,CPI(ML)(L),CPI(ML)(L),1360,1720221
Tamil Nadu,2014,20,Coimbatore,GEN,"Radhakrishnan, R.",M,IND,IND,1672,1720221
Tamil Nadu,2014,20,Coimbatore,GEN,"Nagaraj, S.",M,IND,IND,1699,1720221
Tamil Nadu,2014,20,Coimbatore,GEN,"Subash, K.R.",M,IND,IND,1756,1720221
Tamil Nadu,2014,20,Coimbatore,GEN,"Tamilnadu Selvam, Era.",M,BSP,BSP,1959,1720221
Tamil Nadu,2014,20,Coimbatore,GEN,"Kittusamy, P.",M,IND,IND,2122,1720221
Tamil Nadu,2014,20,Coimbatore,GEN,"Kanagasabapathy, G.",M,IND,IND,2329,1720221
Tamil Nadu,2014,20,Coimbatore,GEN,Pon Chandran.,M,AAAP,AAAP,6680,1720221
Tamil Nadu,2014,20,Coimbatore,GEN,None Of The Above,,NOTA,NOTA,17428,1720221
Tamil Nadu,2014,20,Coimbatore,GEN,"Natarajan, P.R.",M,CPM,CPM,34197,1720221
Tamil Nadu,2014,20,Coimbatore,GEN,"Prabhu, R.",M,INC,INC,56962,1720221
Tamil Nadu,2014,20,Coimbatore,GEN,"Ganeshkumar, K.",M,DMK,DMK,217083,1720221
Tamil Nadu,2014,20,Coimbatore,GEN,"Radhakrishnan, C.P.",M,BJP,BJP,389701,1720221
Tamil Nadu,2014,20,Coimbatore,GEN,"Nagarajan, P.",M,ADMK,ADMK,431717,1720221
Tamil Nadu,2014,21,Pollachi,GEN,Karthikeyan. Pon,M,IND,IND,494,1381505
Tamil Nadu,2014,21,Pollachi,GEN,Kathiravan. K,M,IND,IND,626,1381505
Tamil Nadu,2014,21,Pollachi,GEN,Deivasigamani.K,M,IND,IND,834,1381505
Tamil Nadu,2014,21,Pollachi,GEN,Easwaran . R,M,IND,IND,891,1381505
Tamil Nadu,2014,21,Pollachi,GEN,Sathish Kumar .L,M,SP,SP,895,1381505
Tamil Nadu,2014,21,Pollachi,GEN,Rajendran. M,M,IND,IND,1004,1381505
Tamil Nadu,2014,21,Pollachi,GEN,Mahendran. M,M,IND,IND,1171,1381505
Tamil Nadu,2014,21,Pollachi,GEN,Kathiresan. L,M,IND,IND,1523,1381505
Tamil Nadu,2014,21,Pollachi,GEN,Prabhu. J,M,IND,IND,1599,1381505
Tamil Nadu,2014,21,Pollachi,GEN,Ramasamy. K,M,IND,IND,2071,1381505
Tamil Nadu,2014,21,Pollachi,GEN,Palanisamy. N,M,IND,IND,2192,1381505
Tamil Nadu,2014,21,Pollachi,GEN,Palanisamy. V,M,IND,IND,2472,1381505
Tamil Nadu,2014,21,Pollachi,GEN,Manoharan.M,M,BSP,BSP,3953,1381505
Tamil Nadu,2014,21,Pollachi,GEN,Mary Stella. M,F,IND,IND,4942,1381505
Tamil Nadu,2014,21,Pollachi,GEN,None Of The Above,,NOTA,NOTA,12947,1381505
Tamil Nadu,2014,21,Pollachi,GEN,Selvaraj,M,INC,INC,30014,1381505
Tamil Nadu,2014,21,Pollachi,GEN,Pongalur Palanisamy.N,M,DMK,DMK,251829,1381505
Tamil Nadu,2014,21,Pollachi,GEN,Eswaran.E.R.,M,BJP,BJP,276118,1381505
Tamil Nadu,2014,21,Pollachi,GEN,Mahendran.C,M,ADMK,ADMK,417092,1381505
Tamil Nadu,2014,22,Dindigul,GEN,Balasubramani.R,M,UMK,UMK,553,1400531
Tamil Nadu,2014,22,Dindigul,GEN,Sudharshnar.K,M,IND,IND,592,1400531
Tamil Nadu,2014,22,Dindigul,GEN,Kuppuraj C,M,IND,IND,627,1400531
Tamil Nadu,2014,22,Dindigul,GEN,Thangapandian.R,M,IND,IND,786,1400531
Tamil Nadu,2014,22,Dindigul,GEN,Dhandapani.K,M,IND,IND,863,1400531
Tamil Nadu,2014,22,Dindigul,GEN,Nagarajan V,M,IND,IND,1202,1400531
Tamil Nadu,2014,22,Dindigul,GEN,Chandramohan P,M,IND,IND,1261,1400531
Tamil Nadu,2014,22,Dindigul,GEN,Bagatsingh Palanichamy M,M,BSP,BSP,1903,1400531
Tamil Nadu,2014,22,Dindigul,GEN,Pauldurai V K,M,IND,IND,2604,1400531
Tamil Nadu,2014,22,Dindigul,GEN,Elanchezhian.S,M,AAAP,AAAP,3395,1400531
Tamil Nadu,2014,22,Dindigul,GEN,Venkatesan G,M,IND,IND,3588,1400531
Tamil Nadu,2014,22,Dindigul,GEN,Manivannan N,M,IND,IND,5859,1400531
Tamil Nadu,2014,22,Dindigul,GEN,Rajendhran. R,M,IND,IND,7580,1400531
Tamil Nadu,2014,22,Dindigul,GEN,None Of The Above,,NOTA,NOTA,10591,1400531
Tamil Nadu,2014,22,Dindigul,GEN,Pandi.N,M,CPM,CPM,19455,1400531
Tamil Nadu,2014,22,Dindigul,GEN,Chitthan N.S.V,M,INC,INC,35632,1400531
Tamil Nadu,2014,22,Dindigul,GEN,Krishnamoorthy A,M,DMDK,DMDK,93794,1400531
Tamil Nadu,2014,22,Dindigul,GEN,Gandhirajan S,M,DMK,DMK,382617,1400531
Tamil Nadu,2014,22,Dindigul,GEN,Udhaya Kumar .M,M,ADMK,ADMK,510462,1400531
Tamil Nadu,2014,23,Karur,GEN,"Murugaan, N.",M,IND,IND,437,1298322
Tamil Nadu,2014,23,Karur,GEN,"Ravichandran, V.",M,UMK,UMK,563,1298322
Tamil Nadu,2014,23,Karur,GEN,"Kannan, S.",M,IND,IND,668,1298322
Tamil Nadu,2014,23,Karur,GEN,"Ravi, S.P.",M,IND,IND,732,1298322
Tamil Nadu,2014,23,Karur,GEN,"Saraswathy, K.",F,CPIM,CPIM,813,1298322
Tamil Nadu,2014,23,Karur,GEN,"Manickavasagam, A.",M,IND,IND,831,1298322
Tamil Nadu,2014,23,Karur,GEN,"Vijay, J.",M,IND,IND,847,1298322
Tamil Nadu,2014,23,Karur,GEN,"Murugesan, M.",M,SP,SP,848,1298322
Tamil Nadu,2014,23,Karur,GEN,"Vigneshwaran, M.",M,IND,IND,981,1298322
Tamil Nadu,2014,23,Karur,GEN,"Mahendran, T.",M,IND,IND,1024,1298322
Tamil Nadu,2014,23,Karur,GEN,"Maneeshankar, M.G.",M,RSPS,RSPS,1276,1298322
Tamil Nadu,2014,23,Karur,GEN,"Thamilalagan, A.",M,IND,IND,1387,1298322
Tamil Nadu,2014,23,Karur,GEN,"Gowrimani, S.",M,IND,IND,1433,1298322
Tamil Nadu,2014,23,Karur,GEN,"Kannan, P.",M,IND,IND,1436,1298322
Tamil Nadu,2014,23,Karur,GEN,"Chinnasamy, V.",M,IND,IND,2108,1298322
Tamil Nadu,2014,23,Karur,GEN,"Valaiyapathi, R.",M,AAAP,AAAP,2440,1298322
Tamil Nadu,2014,23,Karur,GEN,"Selvaraj, S.",M,IND,IND,3552,1298322
Tamil Nadu,2014,23,Karur,GEN,"Chinnasamy, M.",M,IND,IND,3719,1298322
Tamil Nadu,2014,23,Karur,GEN,"Prakash, N.",M,IND,IND,4280,1298322
Tamil Nadu,2014,23,Karur,GEN,"Balasubramanian, G.",M,IND,IND,4486,1298322
Tamil Nadu,2014,23,Karur,GEN,"Maruthaiveeran, V.",M,BSP,BSP,5694,1298322
Tamil Nadu,2014,23,Karur,GEN,None Of The Above,,NOTA,NOTA,13763,1298322
Tamil Nadu,2014,23,Karur,GEN,"Jothimani, S.",F,INC,INC,30459,1298322
Tamil Nadu,2014,23,Karur,GEN,"Krishnan, N.S.",M,DMDK,DMDK,76560,1298322
Tamil Nadu,2014,23,Karur,GEN,"Chinnasamy, M.",M,DMK,DMK,345475,1298322
Tamil Nadu,2014,23,Karur,GEN,"Thambidurai,M.",M,ADMK,ADMK,540722,1298322
Tamil Nadu,2014,24,Tiruchirappalli,GEN,Mohandass.M,M,IND,IND,355,1387140
Tamil Nadu,2014,24,Tiruchirappalli,GEN,Bala Krishnan.K,M,IND,IND,485,1387140
Tamil Nadu,2014,24,Tiruchirappalli,GEN,Veeramalai.A,M,IND,IND,589,1387140
Tamil Nadu,2014,24,Tiruchirappalli,GEN,Karunakaran.M,M,LSP,LSP,606,1387140
Tamil Nadu,2014,24,Tiruchirappalli,GEN,Anbalagan.M,M,IND,IND,636,1387140
Tamil Nadu,2014,24,Tiruchirappalli,GEN,Badhusha.M,M,IND,IND,669,1387140
Tamil Nadu,2014,24,Tiruchirappalli,GEN,Vijayakumar.P,M,IND,IND,680,1387140
Tamil Nadu,2014,24,Tiruchirappalli,GEN,Palanivel.P,M,IND,IND,687,1387140
Tamil Nadu,2014,24,Tiruchirappalli,GEN,Anwar Deen.S,M,SAP,SAP,731,1387140
Tamil Nadu,2014,24,Tiruchirappalli,GEN,Asraf Ali.M,M,IND,IND,734,1387140
Tamil Nadu,2014,24,Tiruchirappalli,GEN,"Thaddaus Fernandez,",M,IND,IND,751,1387140
Tamil Nadu,2014,24,Tiruchirappalli,GEN,Sundarraj.S,M,IND,IND,784,1387140
Tamil Nadu,2014,24,Tiruchirappalli,GEN,Jothi.P,F,SP,SP,1003,1387140
Tamil Nadu,2014,24,Tiruchirappalli,GEN,Dineshkumar.G,M,IND,IND,1119,1387140
Tamil Nadu,2014,24,Tiruchirappalli,GEN,Larance.Y,M,IND,IND,1198,1387140
Tamil Nadu,2014,24,Tiruchirappalli,GEN,Ragavan. R,M,IND,IND,1283,1387140
Tamil Nadu,2014,24,Tiruchirappalli,GEN,Asaithambi.Pala,M,CPI(ML)(L),CPI(ML)(L),1425,1387140
Tamil Nadu,2014,24,Tiruchirappalli,GEN,Natarajan.S,M,BSP,BSP,1710,1387140
Tamil Nadu,2014,24,Tiruchirappalli,GEN,Sridevi.S,F,IND,IND,2348,1387140
Tamil Nadu,2014,24,Tiruchirappalli,GEN,Eswaran.J,M,IND,IND,2484,1387140
Tamil Nadu,2014,24,Tiruchirappalli,GEN,Shadhick Batcha.A,M,IND,IND,3083,1387140
Tamil Nadu,2014,24,Tiruchirappalli,GEN,Arunachalam.A,M,IND,IND,3239,1387140
Tamil Nadu,2014,24,Tiruchirappalli,GEN,Kumar.P,M,IND,IND,4077,1387140
Tamil Nadu,2014,24,Tiruchirappalli,GEN,Ravi.P,M,AAAP,AAAP,4885,1387140
Tamil Nadu,2014,24,Tiruchirappalli,GEN,Sridhar.S,M,CPM,CPM,17039,1387140
Tamil Nadu,2014,24,Tiruchirappalli,GEN,None Of The Above,,NOTA,NOTA,22848,1387140
Tamil Nadu,2014,24,Tiruchirappalli,GEN,Sarubala R Thondaiman,F,INC,INC,51537,1387140
Tamil Nadu,2014,24,Tiruchirappalli,GEN,Vijaykumar.Amg,M,DMDK,DMDK,94785,1387140
Tamil Nadu,2014,24,Tiruchirappalli,GEN,Anbhalagan.Mu,M,DMK,DMK,308002,1387140
Tamil Nadu,2014,24,Tiruchirappalli,GEN,Kumar.P,M,ADMK,ADMK,458478,1387140
Tamil Nadu,2014,25,Perambalur,GEN,"Rengaraju, M.",M,IND,IND,633,1285576
Tamil Nadu,2014,25,Perambalur,GEN,"Chinna Rajendran, C.",M,IND,IND,877,1285576
Tamil Nadu,2014,25,Perambalur,GEN,"Sivaperumal, K.",M,IND,IND,986,1285576
Tamil Nadu,2014,25,Perambalur,GEN,"Abdul Rahman, R.",M,IND,IND,1018,1285576
Tamil Nadu,2014,25,Perambalur,GEN,"Subramani, D.",M,IND,IND,1201,1285576
Tamil Nadu,2014,25,Perambalur,GEN,"Mani, P.",M,IND,IND,1302,1285576
Tamil Nadu,2014,25,Perambalur,GEN,"Rajasekar, T.",M,IND,IND,1490,1285576
Tamil Nadu,2014,25,Perambalur,GEN,"Thozhar Tamilselvan, P.",M,UCPI,UCPI,1509,1285576
Tamil Nadu,2014,25,Perambalur,GEN,"Anbil Thangamani, K.",M,IND,IND,1636,1285576
Tamil Nadu,2014,25,Perambalur,GEN,"Vadivelu, P.",M,IND,IND,1821,1285576
Tamil Nadu,2014,25,Perambalur,GEN,"Prabu, S.",M,IND,IND,2211,1285576
Tamil Nadu,2014,25,Perambalur,GEN,"Viswanathan, A.",M,IND,IND,2369,1285576
Tamil Nadu,2014,25,Perambalur,GEN,"Pachamuthu, N.",M,IND,IND,2762,1285576
Tamil Nadu,2014,25,Perambalur,GEN,"Selvaraj, V.M.",M,BSP,BSP,2924,1285576
Tamil Nadu,2014,25,Perambalur,GEN,"Velayutham, C.",M,IND,IND,2995,1285576
Tamil Nadu,2014,25,Perambalur,GEN,"Marutharaj, P.",M,IND,IND,3940,1285576
Tamil Nadu,2014,25,Perambalur,GEN,"Ramar Yadav, K.",M,TNMC,TNMC,6324,1285576
Tamil Nadu,2014,25,Perambalur,GEN,None Of The Above,,NOTA,NOTA,11605,1285576
Tamil Nadu,2014,25,Perambalur,GEN,"Rajasekaran, M.,",M,INC,INC,31998,1285576
Tamil Nadu,2014,25,Perambalur,GEN,"Parivendar Pachamuthu, T.R.",M,BJP,BJP,238887,1285576
Tamil Nadu,2014,25,Perambalur,GEN,"Seemanur Prabu, S.",M,DMK,DMK,249645,1285576
Tamil Nadu,2014,25,Perambalur,GEN,"Marutharajaa, R.P.",M,ADMK,ADMK,462693,1285576
Tamil Nadu,2014,26,Cuddalore ,GEN,Girija.S,F,IND,IND,650,1247908
Tamil Nadu,2014,26,Cuddalore ,GEN,Senguttuvan.R,M,IND,IND,862,1247908
Tamil Nadu,2014,26,Cuddalore ,GEN,Baskar.A,M,IND,IND,872,1247908
Tamil Nadu,2014,26,Cuddalore ,GEN,Shruti Mishra,F,UPI,UPI,944,1247908
Tamil Nadu,2014,26,Cuddalore ,GEN,Sivagnanasambandan.T,M,IND,IND,1257,1247908
Tamil Nadu,2014,26,Cuddalore ,GEN,Anandharajan.S,M,IND,IND,1309,1247908
Tamil Nadu,2014,26,Cuddalore ,GEN,Radhakrishnan.K.R,M,IND,IND,1370,1247908
Tamil Nadu,2014,26,Cuddalore ,GEN,Thirunavukkarasu,M,IND,IND,1782,1247908
Tamil Nadu,2014,26,Cuddalore ,GEN,Senthilmurugan.S,M,BSP,BSP,2642,1247908
Tamil Nadu,2014,26,Cuddalore ,GEN,Syed Mohideen.A.G.,M,AAAP,AAAP,3473,1247908
Tamil Nadu,2014,26,Cuddalore ,GEN,Jaishankar.P.,M,IND,IND,6250,1247908
Tamil Nadu,2014,26,Cuddalore ,GEN,Rajkumar.V,M,IND,IND,7678,1247908
Tamil Nadu,2014,26,Cuddalore ,GEN,None Of The Above,,NOTA,NOTA,10338,1247908
Tamil Nadu,2014,26,Cuddalore ,GEN,Balasubramanian.K,M,CPI,CPI,11122,1247908
Tamil Nadu,2014,26,Cuddalore ,GEN,Alagiri.S,M,INC,INC,26650,1247908
Tamil Nadu,2014,26,Cuddalore ,GEN,Jayasankar.C.R,M,DMDK,DMDK,147606,1247908
Tamil Nadu,2014,26,Cuddalore ,GEN,Nandagopalakrishnan.K.,M,DMK,DMK,278304,1247908
Tamil Nadu,2014,26,Cuddalore ,GEN,Arunmozhithevan.A,M,ADMK,ADMK,481429,1247908
Tamil Nadu,2014,27,Chidambaram ,SC,"Sanmugam, A",M,IND,IND,1071,1366190
Tamil Nadu,2014,27,Chidambaram ,SC,"Chandragasan, N",M,IND,IND,1182,1366190
Tamil Nadu,2014,27,Chidambaram ,SC,"Senthamizhselvi, K",F,IND,IND,1469,1366190
Tamil Nadu,2014,27,Chidambaram ,SC,"Pushparaj, S",M,IND,IND,1523,1366190
Tamil Nadu,2014,27,Chidambaram ,SC,"Parvathi, S",F,IND,IND,1543,1366190
Tamil Nadu,2014,27,Chidambaram ,SC,"Pazhanivel, P",M,IND,IND,1772,1366190
Tamil Nadu,2014,27,Chidambaram ,SC,"Thirusangu, A",M,IND,IND,3370,1366190
Tamil Nadu,2014,27,Chidambaram ,SC,"Rajkumar, S",M,IND,IND,4896,1366190
Tamil Nadu,2014,27,Chidambaram ,SC,"Rajendran, K",M,BSP,BSP,5179,1366190
Tamil Nadu,2014,27,Chidambaram ,SC,"Ezhumalai, V",M,ABHM,ABHM,6824,1366190
Tamil Nadu,2014,27,Chidambaram ,SC,"Anandan Alias Kavignar Ananthamaalai, S",M,IND,IND,8875,1366190
Tamil Nadu,2014,27,Chidambaram ,SC,None Of The Above,,NOTA,NOTA,12138,1366190
Tamil Nadu,2014,27,Chidambaram ,SC,"Vallal Peruman, P",M,INC,INC,28988,1366190
Tamil Nadu,2014,27,Chidambaram ,SC,Sudhamanirathinem,F,PMK,PMK,279016,1366190
Tamil Nadu,2014,27,Chidambaram ,SC,"Thirumaavalavan, Thol",M,VCK,VCK,301041,1366190
Tamil Nadu,2014,27,Chidambaram ,SC,"Chandrakasi, M",M,ADMK,ADMK,429536,1366190
Tamil Nadu,2014,28,Mayiladuthurai,GEN,Jeyaprakash. B,M,IND,IND,770,1350318
Tamil Nadu,2014,28,Mayiladuthurai,GEN,Jarina Begam. N,F,IND,IND,1056,1350318
Tamil Nadu,2014,28,Mayiladuthurai,GEN,Nagarajan. M,M,IND,IND,1066,1350318
Tamil Nadu,2014,28,Mayiladuthurai,GEN,Munusamy.V,M,IND,IND,1994,1350318
Tamil Nadu,2014,28,Mayiladuthurai,GEN,Arumugam. C,M,IND,IND,2028,1350318
Tamil Nadu,2014,28,Mayiladuthurai,GEN,Shamsudeen. M,M,IND,IND,2303,1350318
Tamil Nadu,2014,28,Mayiladuthurai,GEN,Timothy.T,M,IND,IND,2327,1350318
Tamil Nadu,2014,28,Mayiladuthurai,GEN,Irulappan.V,M,SP,SP,2643,1350318
Tamil Nadu,2014,28,Mayiladuthurai,GEN,Rasavelu.K,M,BSP,BSP,3654,1350318
Tamil Nadu,2014,28,Mayiladuthurai,GEN,Gunasekaran.N,M,IND,IND,4149,1350318
Tamil Nadu,2014,28,Mayiladuthurai,GEN,Thirunavukkarasu. R,M,IND,IND,4714,1350318
Tamil Nadu,2014,28,Mayiladuthurai,GEN,Revathi.A,F,IND,IND,6286,1350318
Tamil Nadu,2014,28,Mayiladuthurai,GEN,Raguraman. A,M,IND,IND,7214,1350318
Tamil Nadu,2014,28,Mayiladuthurai,GEN,Fathima Alias Bharathi. R,F,IND,IND,7582,1350318
Tamil Nadu,2014,28,Mayiladuthurai,GEN,Pandiyan .R,M,IND,IND,11613,1350318
Tamil Nadu,2014,28,Mayiladuthurai,GEN,None Of The Above,,NOTA,NOTA,13181,1350318
Tamil Nadu,2014,28,Mayiladuthurai,GEN,Mani Shankar Aiyar,M,INC,INC,58465,1350318
Tamil Nadu,2014,28,Mayiladuthurai,GEN,Agoram. K,M,PMK,PMK,144085,1350318
Tamil Nadu,2014,28,Mayiladuthurai,GEN,Hyder Ali.S,M,MAMAK,MAMAK,236679,1350318
Tamil Nadu,2014,28,Mayiladuthurai,GEN,Bharathi Mohan R.K,M,ADMK,ADMK,513729,1350318
Tamil Nadu,2014,29,Nagapattinam ,SC,Murugaiyan. K,M,IND,IND,1033,1210626
Tamil Nadu,2014,29,Nagapattinam ,SC,Mohan. G,M,IND,IND,1754,1210626
Tamil Nadu,2014,29,Nagapattinam ,SC,Devaki. G,F,IND,IND,1847,1210626
Tamil Nadu,2014,29,Nagapattinam ,SC,Thangasamy. V,M,BSP,BSP,1851,1210626
Tamil Nadu,2014,29,Nagapattinam ,SC,None Of The Above,,NOTA,NOTA,15662,1210626
Tamil Nadu,2014,29,Nagapattinam ,SC,Senthilpandian. Thalai. T.A.P,M,INC,INC,23967,1210626
Tamil Nadu,2014,29,Nagapattinam ,SC,Vadivel Ravanan,M,PMK,PMK,43506,1210626
Tamil Nadu,2014,29,Nagapattinam ,SC,Palanisamy. G,M,CPI,CPI,90313,1210626
Tamil Nadu,2014,29,Nagapattinam ,SC,Vijayan. A.K.S,M,DMK,DMK,328095,1210626
Tamil Nadu,2014,29,Nagapattinam ,SC,Gopal. Dr. K,M,ADMK,ADMK,434174,1210626
Tamil Nadu,2014,30,Thanjavur,GEN,Gunasekaran.T,M,IND,IND,894,1340050
Tamil Nadu,2014,30,Thanjavur,GEN,Madhavan.T,M,IND,IND,1169,1340050
Tamil Nadu,2014,30,Thanjavur,GEN,Rajkumar.R,M,IND,IND,1415,1340050
Tamil Nadu,2014,30,Thanjavur,GEN,Sivakumar.V,M,IND,IND,1511,1340050
Tamil Nadu,2014,30,Thanjavur,GEN,Panasai Arangan.N,M,IND,IND,1830,1340050
Tamil Nadu,2014,30,Thanjavur,GEN,Arangarajan.M,M,BSP,BSP,2253,1340050
Tamil Nadu,2014,30,Thanjavur,GEN,Mummoorthi.S@S.M.Moorthy,M,NMK,NMK,2511,1340050
Tamil Nadu,2014,30,Thanjavur,GEN,None Of The Above,,NOTA,NOTA,12212,1340050
Tamil Nadu,2014,30,Thanjavur,GEN,Tamilselvi.S,F,CPM,CPM,23215,1340050
Tamil Nadu,2014,30,Thanjavur,GEN,Krishnasamy Vandayar.T,M,INC,INC,30232,1340050
Tamil Nadu,2014,30,Thanjavur,GEN,Muruganantham.M,M,BJP,BJP,58521,1340050
Tamil Nadu,2014,30,Thanjavur,GEN,Baalu.T.R,M,DMK,DMK,366188,1340050
Tamil Nadu,2014,30,Thanjavur,GEN,Parasuraman.K,M,ADMK,ADMK,510307,1340050
Tamil Nadu,2014,31,Sivaganga,GEN,Megaraj Mallar,M,IND,IND,565,1412373
Tamil Nadu,2014,31,Sivaganga,GEN,Radhakrishnan A,M,IND,IND,641,1412373
Tamil Nadu,2014,31,Sivaganga,GEN,Murugan P,M,IND,IND,736,1412373
Tamil Nadu,2014,31,Sivaganga,GEN,Lenin M,M,IND,IND,741,1412373
Tamil Nadu,2014,31,Sivaganga,GEN,Natchiappan Sp,M,IND,IND,794,1412373
Tamil Nadu,2014,31,Sivaganga,GEN,Periyakaruppan S,M,IND,IND,837,1412373
Tamil Nadu,2014,31,Sivaganga,GEN,Karthikarajan T,M,IND,IND,873,1412373
Tamil Nadu,2014,31,Sivaganga,GEN,Balakrishnan P,M,IND,IND,949,1412373
Tamil Nadu,2014,31,Sivaganga,GEN,Sivagnanam Al,M,IND,IND,1007,1412373
Tamil Nadu,2014,31,Sivaganga,GEN,Gunasekaran P,M,IND,IND,1269,1412373
Tamil Nadu,2014,31,Sivaganga,GEN,Raja A,M,IND,IND,1337,1412373
Tamil Nadu,2014,31,Sivaganga,GEN,Kalaimani K,M,MMKA,MMKA,1438,1412373
Tamil Nadu,2014,31,Sivaganga,GEN,Palani S,M,IND,IND,1699,1412373
Tamil Nadu,2014,31,Sivaganga,GEN,Selvaraj A,M,IND,IND,2050,1412373
Tamil Nadu,2014,31,Sivaganga,GEN,Saravanan M,M,IND,IND,2100,1412373
Tamil Nadu,2014,31,Sivaganga,GEN,Thamilarima S,M,AAAP,AAAP,2131,1412373
Tamil Nadu,2014,31,Sivaganga,GEN,Balu S,M,TNMC,TNMC,2196,1412373
Tamil Nadu,2014,31,Sivaganga,GEN,Nelson A,M,IND,IND,2987,1412373
Tamil Nadu,2014,31,Sivaganga,GEN,Arimazham Thiyagi Subramanian Muthuraja M,M,IND,IND,3021,1412373
Tamil Nadu,2014,31,Sivaganga,GEN,Velladhurai A,M,ETMK,ETMK,3023,1412373
Tamil Nadu,2014,31,Sivaganga,GEN,Rakkamuthu V,M,BSP,BSP,3056,1412373
Tamil Nadu,2014,31,Sivaganga,GEN,Rajasekar.S @ S.R.Thevar,M,DFBL,DFBL,4029,1412373
Tamil Nadu,2014,31,Sivaganga,GEN,None Of The Above,,NOTA,NOTA,8042,1412373
Tamil Nadu,2014,31,Sivaganga,GEN,Krishnan S,M,CPI,CPI,20473,1412373
Tamil Nadu,2014,31,Sivaganga,GEN,Karti P Chidambaram,M,INC,INC,104678,1412373
Tamil Nadu,2014,31,Sivaganga,GEN,Raja H,M,BJP,BJP,133763,1412373
Tamil Nadu,2014,31,Sivaganga,GEN,Dhurai Raaj Subha,M,DMK,DMK,246608,1412373
Tamil Nadu,2014,31,Sivaganga,GEN,Senthilnathan Pr,M,ADMK,ADMK,475993,1412373
Tamil Nadu,2014,32,Madurai,GEN,S.Manickavasagam,M,IND,IND,339,1441434
Tamil Nadu,2014,32,Madurai,GEN,S.Ganesan,M,IND,IND,363,1441434
Tamil Nadu,2014,32,Madurai,GEN,M Venkatesan,M,IND,IND,392,1441434
Tamil Nadu,2014,32,Madurai,GEN,A.Kannan,M,IND,IND,423,1441434
Tamil Nadu,2014,32,Madurai,GEN,K.K.Ramesh,M,IND,IND,424,1441434
Tamil Nadu,2014,32,Madurai,GEN,T.Ramasamy,M,IND,IND,430,1441434
Tamil Nadu,2014,32,Madurai,GEN,M.Meenakshisundaram,M,IND,IND,432,1441434
Tamil Nadu,2014,32,Madurai,GEN,S.Arivudainambi,M,IND,IND,448,1441434
Tamil Nadu,2014,32,Madurai,GEN,N Alagu Muthu Velayudam,M,IND,IND,483,1441434
Tamil Nadu,2014,32,Madurai,GEN,G.Kannan,M,IND,IND,556,1441434
Tamil Nadu,2014,32,Madurai,GEN,G.Maria Joseph Xaviour,M,IND,IND,565,1441434
Tamil Nadu,2014,32,Madurai,GEN,P.Ramasubramanian,M,IND,IND,572,1441434
Tamil Nadu,2014,32,Madurai,GEN,K.Thangapandi,M,IND,IND,666,1441434
Tamil Nadu,2014,32,Madurai,GEN,P.Chandrabose,M,IND,IND,719,1441434
Tamil Nadu,2014,32,Madurai,GEN,M.Mohammed Ali,M,SAP,SAP,900,1441434
Tamil Nadu,2014,32,Madurai,GEN,P.Jeyakumar,M,IND,IND,957,1441434
Tamil Nadu,2014,32,Madurai,GEN,Bharathi Kannamma,O,IND,IND,1226,1441434
Tamil Nadu,2014,32,Madurai,GEN,A Thavamani,M,BSP,BSP,1253,1441434
Tamil Nadu,2014,32,Madurai,GEN,K. Raja,M,DFBL,DFBL,1474,1441434
Tamil Nadu,2014,32,Madurai,GEN,J.Manikandeswaran,M,IND,IND,1563,1441434
Tamil Nadu,2014,32,Madurai,GEN,V.Karuppaiah,M,IND,IND,2054,1441434
Tamil Nadu,2014,32,Madurai,GEN,V.G.Ramdoss,M,IND,IND,2740,1441434
Tamil Nadu,2014,32,Madurai,GEN,M.Gopalakrishnan,M,IND,IND,2754,1441434
Tamil Nadu,2014,32,Madurai,GEN,V.Andichamy,M,IND,IND,4467,1441434
Tamil Nadu,2014,32,Madurai,GEN,M.Kamacis,M,AAAP,AAAP,5378,1441434
Tamil Nadu,2014,32,Madurai,GEN,P.Gopalakrishnan,M,IND,IND,6289,1441434
Tamil Nadu,2014,32,Madurai,GEN,None Of The Above,,NOTA,NOTA,19765,1441434
Tamil Nadu,2014,32,Madurai,GEN,B.Vikraman,M,CPM,CPM,30126,1441434
Tamil Nadu,2014,32,Madurai,GEN,T.N.Bharath Nachiappan,M,INC,INC,32154,1441434
Tamil Nadu,2014,32,Madurai,GEN,D Sivamuthu Kumar,M,DMDK,DMDK,146751,1441434
Tamil Nadu,2014,32,Madurai,GEN,V Velusamy,M,DMK,DMK,254361,1441434
Tamil Nadu,2014,32,Madurai,GEN,R.Gopalakrishnan,M,ADMK,ADMK,453785,1441434
Tamil Nadu,2014,33,Theni ,GEN,"Karuppiah, R.",M,IND,IND,679,1441302
Tamil Nadu,2014,33,Theni ,GEN,"Raja, V.",M,IND,IND,695,1441302
Tamil Nadu,2014,33,Theni ,GEN,"Voltaire, M.J.",M,SUCI,SUCI,696,1441302
Tamil Nadu,2014,33,Theni ,GEN,"Iniyavan, R.",M,IND,IND,739,1441302
Tamil Nadu,2014,33,Theni ,GEN,"Ramaya, R.",M,IND,IND,742,1441302
Tamil Nadu,2014,33,Theni ,GEN,"Rabeek, K.",M,IND,IND,767,1441302
Tamil Nadu,2014,33,Theni ,GEN,"Muthuramalingam, M.",M,IND,IND,859,1441302
Tamil Nadu,2014,33,Theni ,GEN,"Krishnamoorthy, K.",M,CPIM,CPIM,946,1441302
Tamil Nadu,2014,33,Theni ,GEN,"Innasimuthu, M.S.",M,IND,IND,991,1441302
Tamil Nadu,2014,33,Theni ,GEN,"Asath, M.M.",M,IND,IND,1082,1441302
Tamil Nadu,2014,33,Theni ,GEN,"Meenakshi Sundaram, G.K.",M,SP,SP,1107,1441302
Tamil Nadu,2014,33,Theni ,GEN,"Kannan, S.",M,IND,IND,1273,1441302
Tamil Nadu,2014,33,Theni ,GEN,"Mani, S.V.",M,IND,IND,1349,1441302
Tamil Nadu,2014,33,Theni ,GEN,"Mohamed Miakhan, P.",M,IND,IND,1954,1441302
Tamil Nadu,2014,33,Theni ,GEN,Mamallan Tha. Kanagamuthu,M,IND,IND,2681,1441302
Tamil Nadu,2014,33,Theni ,GEN,"Senthil Rajan Mallar, K.",M,IND,IND,2908,1441302
Tamil Nadu,2014,33,Theni ,GEN,"Ramprakash, J.",M,AAAP,AAAP,3213,1441302
Tamil Nadu,2014,33,Theni ,GEN,"Mariappan, S.K.",M,IND,IND,3521,1441302
Tamil Nadu,2014,33,Theni ,GEN,"Thangadurai, V.",M,BSP,BSP,5299,1441302
Tamil Nadu,2014,33,Theni ,GEN,None Of The Above,,NOTA,NOTA,10312,1441302
Tamil Nadu,2014,33,Theni ,GEN,"Aaron Rashid, J.M.",M,INC,INC,71432,1441302
Tamil Nadu,2014,33,Theni ,GEN,"Alagusundaram, K.",M,MDMK,MDMK,134362,1441302
Tamil Nadu,2014,33,Theni ,GEN,Pon. Muthuramalingam,M,DMK,DMK,256722,1441302
Tamil Nadu,2014,33,Theni ,GEN,"Parthipan, R.",M,ADMK,ADMK,571254,1441302
Tamil Nadu,2014,34,Virudhunagar,GEN,Sankar A,M,IND,IND,532,1350495
Tamil Nadu,2014,34,Virudhunagar,GEN,Marimuthu C,M,IND,IND,629,1350495
Tamil Nadu,2014,34,Virudhunagar,GEN,Madhavan P,M,IND,IND,642,1350495
Tamil Nadu,2014,34,Virudhunagar,GEN,Pradeepkumar D,M,LSP,LSP,681,1350495
Tamil Nadu,2014,34,Virudhunagar,GEN,Palanichamy Mallar P,M,IND,IND,700,1350495
Tamil Nadu,2014,34,Virudhunagar,GEN,Suresh Gandhi C,M,IND,IND,711,1350495
Tamil Nadu,2014,34,Virudhunagar,GEN,Manmathan M,M,IND,IND,714,1350495
Tamil Nadu,2014,34,Virudhunagar,GEN,Sathesh M,M,IND,IND,903,1350495
Tamil Nadu,2014,34,Virudhunagar,GEN,Pandiarajan R,M,IND,IND,922,1350495
Tamil Nadu,2014,34,Virudhunagar,GEN,Mahalingam T,M,DFBL,DFBL,1017,1350495
Tamil Nadu,2014,34,Virudhunagar,GEN,Radhakrishnan Pv,M,IND,IND,1068,1350495
Tamil Nadu,2014,34,Virudhunagar,GEN,Kannan G,M,IND,IND,1133,1350495
Tamil Nadu,2014,34,Virudhunagar,GEN,Lakshmi Kandhan S,M,IND,IND,1155,1350495
Tamil Nadu,2014,34,Virudhunagar,GEN,Mohanraj J,M,JJ,JJ,1517,1350495
Tamil Nadu,2014,34,Virudhunagar,GEN,Kamalavelselvan,M,BSP,BSP,1685,1350495
Tamil Nadu,2014,34,Virudhunagar,GEN,Karthikaisamy P,M,CPIM,CPIM,2249,1350495
Tamil Nadu,2014,34,Virudhunagar,GEN,Palpandi S Dr,M,IND,IND,2342,1350495
Tamil Nadu,2014,34,Virudhunagar,GEN,Dhanushkodi M,M,IND,IND,2522,1350495
Tamil Nadu,2014,34,Virudhunagar,GEN,Solairaj K,M,IND,IND,2721,1350495
Tamil Nadu,2014,34,Virudhunagar,GEN,Santhana Krishnan G,M,TNMC,TNMC,3411,1350495
Tamil Nadu,2014,34,Virudhunagar,GEN,Soundrapandiyan K,M,IND,IND,3470,1350495
Tamil Nadu,2014,34,Virudhunagar,GEN,None Of The Above,,NOTA,NOTA,12225,1350495
Tamil Nadu,2014,34,Virudhunagar,GEN,Samuelraj K,M,CPM,CPM,20157,1350495
Tamil Nadu,2014,34,Virudhunagar,GEN,Manickam Tagore B,M,INC,INC,38482,1350495
Tamil Nadu,2014,34,Virudhunagar,GEN,Rethinavelu S,M,DMK,DMK,241505,1350495
Tamil Nadu,2014,34,Virudhunagar,GEN,Vaiko,M,MDMK,MDMK,261143,1350495
Tamil Nadu,2014,34,Virudhunagar,GEN,Radhakrishnan T,M,ADMK,ADMK,406694,1350495
Tamil Nadu,2014,35,Ramanathapuram,GEN,Mookaiya.S,M,IND,IND,423,1455988
Tamil Nadu,2014,35,Ramanathapuram,GEN,Ravi.K,M,IND,IND,478,1455988
Tamil Nadu,2014,35,Ramanathapuram,GEN,Velchsamy.R,M,IND,IND,577,1455988
Tamil Nadu,2014,35,Ramanathapuram,GEN,Subbiah.M,M,IND,IND,645,1455988
Tamil Nadu,2014,35,Ramanathapuram,GEN,Alla Pitchai.E,M,IND,IND,747,1455988
Tamil Nadu,2014,35,Ramanathapuram,GEN,Ayyappan.S,M,IND,IND,785,1455988
Tamil Nadu,2014,35,Ramanathapuram,GEN,Murugeswari,F,IND,IND,814,1455988
Tamil Nadu,2014,35,Ramanathapuram,GEN,Azhagu Meena.A,F,IND,IND,835,1455988
Tamil Nadu,2014,35,Ramanathapuram,GEN,Vetrivel.S,M,IND,IND,914,1455988
Tamil Nadu,2014,35,Ramanathapuram,GEN,Amirtha Lingam.U,M,IND,IND,941,1455988
Tamil Nadu,2014,35,Ramanathapuram,GEN,Periyasamy.P,M,IND,IND,985,1455988
Tamil Nadu,2014,35,Ramanathapuram,GEN,Kannathasan.R,M,IND,IND,999,1455988
Tamil Nadu,2014,35,Ramanathapuram,GEN,Thiyagarajan.R,M,IND,IND,1037,1455988
Tamil Nadu,2014,35,Ramanathapuram,GEN,Sathiah.G,M,IND,IND,1129,1455988
Tamil Nadu,2014,35,Ramanathapuram,GEN,Balakrishnan.S.S,M,IND,IND,1171,1455988
Tamil Nadu,2014,35,Ramanathapuram,GEN,Sasikumar.S,M,IND,IND,1220,1455988
Tamil Nadu,2014,35,Ramanathapuram,GEN,Thennarasu.P,M,IND,IND,1321,1455988
Tamil Nadu,2014,35,Ramanathapuram,GEN,Palpandi.C,M,IND,IND,1355,1455988
Tamil Nadu,2014,35,Ramanathapuram,GEN,Kasirajan.N,M,IND,IND,1415,1455988
Tamil Nadu,2014,35,Ramanathapuram,GEN,Sivagurunathan.K,M,BSP,BSP,2123,1455988
Tamil Nadu,2014,35,Ramanathapuram,GEN,Manivasagam,M,IND,IND,2684,1455988
Tamil Nadu,2014,35,Ramanathapuram,GEN,Annamalai.S,M,IND,IND,3125,1455988
Tamil Nadu,2014,35,Ramanathapuram,GEN,Gokila.K,F,IND,IND,3471,1455988
Tamil Nadu,2014,35,Ramanathapuram,GEN,Gopal.R,M,IND,IND,3969,1455988
Tamil Nadu,2014,35,Ramanathapuram,GEN,None Of The Above,,NOTA,NOTA,6279,1455988
Tamil Nadu,2014,35,Ramanathapuram,GEN,Arasakumar.B.T,M,DFBL,DFBL,10945,1455988
Tamil Nadu,2014,35,Ramanathapuram,GEN,Uma Mageswari.R.T,F,CPI,CPI,12312,1455988
Tamil Nadu,2014,35,Ramanathapuram,GEN,Noor Jiyavudeen.M.I,M,SDPI,SDPI,12541,1455988
Tamil Nadu,2014,35,Ramanathapuram,GEN,Thirunnavukkarsar.Su,M,INC,INC,62160,1455988
Tamil Nadu,2014,35,Ramanathapuram,GEN,Kuppu Ramu.D,M,BJP,BJP,171082,1455988
Tamil Nadu,2014,35,Ramanathapuram,GEN,Mohamed Jaleel.S,M,DMK,DMK,286621,1455988
Tamil Nadu,2014,35,Ramanathapuram,GEN,Anwar Raajhaa. A,M,ADMK,ADMK,405945,1455988
Tamil Nadu,2014,36,Thoothukkudi,GEN,"Anandharaj, M.",M,IND,IND,739,1310406
Tamil Nadu,2014,36,Thoothukkudi,GEN,Santhadevi. S,F,IND,IND,765,1310406
Tamil Nadu,2014,36,Thoothukkudi,GEN,Ramkumar. V,M,IND,IND,784,1310406
Tamil Nadu,2014,36,Thoothukkudi,GEN,Vinston Anto. S,M,IND,IND,983,1310406
Tamil Nadu,2014,36,Thoothukkudi,GEN,Panneerselvam.C,M,IND,IND,1129,1310406
Tamil Nadu,2014,36,Thoothukkudi,GEN,Samuel. A.S.,M,IND,IND,1157,1310406
Tamil Nadu,2014,36,Thoothukkudi,GEN,Alwarsamy Karthikeyan.L,M,IND,IND,1727,1310406
Tamil Nadu,2014,36,Thoothukkudi,GEN,Ayyadurai. S,M,BSP,BSP,3205,1310406
Tamil Nadu,2014,36,Thoothukkudi,GEN,None Of The Above,,NOTA,NOTA,11447,1310406
Tamil Nadu,2014,36,Thoothukkudi,GEN,Mohanraj. A,M,CPI,CPI,14993,1310406
Tamil Nadu,2014,36,Thoothukkudi,GEN,Pushparayan.M.,M,AAAP,AAAP,26476,1310406
Tamil Nadu,2014,36,Thoothukkudi,GEN,"Shanmugam, A.P.C.V.",M,INC,INC,63080,1310406
Tamil Nadu,2014,36,Thoothukkudi,GEN,Joel. S,M,MDMK,MDMK,182191,1310406
Tamil Nadu,2014,36,Thoothukkudi,GEN,Jegan. P,M,DMK,DMK,242050,1310406
Tamil Nadu,2014,36,Thoothukkudi,GEN,Jeyasingh Thiyagaraj Natterjee.J,M,ADMK,ADMK,366052,1310406
Tamil Nadu,2014,37,Tenkasi ,SC,Meenashisundaravadivel.T.,M,CPIM,CPIM,888,1382081
Tamil Nadu,2014,37,Tenkasi ,SC,Alagumalai.V.,M,IND,IND,1215,1382081
Tamil Nadu,2014,37,Tenkasi ,SC,Velladurai.P.,M,IND,IND,1216,1382081
Tamil Nadu,2014,37,Tenkasi ,SC,Poongani.J.,F,SAP,SAP,1454,1382081
Tamil Nadu,2014,37,Tenkasi ,SC,Janagar Raja,M,IND,IND,1777,1382081
Tamil Nadu,2014,37,Tenkasi ,SC,Ganesan.S.,M,IND,IND,1809,1382081
Tamil Nadu,2014,37,Tenkasi ,SC,Magesh.S.,M,IND,IND,2163,1382081
Tamil Nadu,2014,37,Tenkasi ,SC,Muneeswaran,M,IND,IND,2513,1382081
Tamil Nadu,2014,37,Tenkasi ,SC,Kannan,M,BSP,BSP,2917,1382081
Tamil Nadu,2014,37,Tenkasi ,SC,"Manmathan,M.",M,IND,IND,3331,1382081
Tamil Nadu,2014,37,Tenkasi ,SC,Radhakrishnan.S.,M,IND,IND,3904,1382081
Tamil Nadu,2014,37,Tenkasi ,SC,Gunasekaran.K.,M,TNMC,TNMC,8022,1382081
Tamil Nadu,2014,37,Tenkasi ,SC,Krishnasamy.A.,M,IND,IND,12115,1382081
Tamil Nadu,2014,37,Tenkasi ,SC,None Of The Above,,NOTA,NOTA,14492,1382081
Tamil Nadu,2014,37,Tenkasi ,SC,Lingam.P,M,CPI,CPI,23528,1382081
Tamil Nadu,2014,37,Tenkasi ,SC,Dr.Jayakumar.K.,M,INC,INC,58963,1382081
Tamil Nadu,2014,37,Tenkasi ,SC,Dr.Sadhan Thirumalaikumar.T.,M,MDMK,MDMK,190233,1382081
Tamil Nadu,2014,37,Tenkasi ,SC,Dr.Krishnasamy.K.,M,PT,PT,262812,1382081
Tamil Nadu,2014,37,Tenkasi ,SC,Vasanthi.M,F,ADMK,ADMK,424586,1382081
Tamil Nadu,2014,38,Tirunelveli,GEN,Elizabeth.D,F,IND,IND,651,1420435
Tamil Nadu,2014,38,Tirunelveli,GEN,Saravanan.P,M,IND,IND,740,1420435
Tamil Nadu,2014,38,Tirunelveli,GEN,Rajeshkannan,M,IND,IND,947,1420435
Tamil Nadu,2014,38,Tirunelveli,GEN,Venkatesh.A,M,IND,IND,1052,1420435
Tamil Nadu,2014,38,Tirunelveli,GEN,Murugan.S,M,IND,IND,1159,1420435
Tamil Nadu,2014,38,Tirunelveli,GEN,Subramanian.K,M,IND,IND,1196,1420435
Tamil Nadu,2014,38,Tirunelveli,GEN,Dr.Ganesan.M,M,IND,IND,1262,1420435
Tamil Nadu,2014,38,Tirunelveli,GEN,Suresh Kumar.S,M,IND,IND,1281,1420435
Tamil Nadu,2014,38,Tirunelveli,GEN,Veilumuthukumar.P,M,IND,IND,1387,1420435
Tamil Nadu,2014,38,Tirunelveli,GEN,Rajamaravan @ Manickavasagam.S,M,IND,IND,1391,1420435
Tamil Nadu,2014,38,Tirunelveli,GEN,Germanus.S,M,IND,IND,1446,1420435
Tamil Nadu,2014,38,Tirunelveli,GEN,Raji Yadav,M,IND,IND,1579,1420435
Tamil Nadu,2014,38,Tirunelveli,GEN,Subramanian @ S.S.S.Mani.S,M,IND,IND,1751,1420435
Tamil Nadu,2014,38,Tirunelveli,GEN,Pathmanaban.K,M,IND,IND,1823,1420435
Tamil Nadu,2014,38,Tirunelveli,GEN,Lakshmanan @ Lakkan.A,M,IND,IND,1850,1420435
Tamil Nadu,2014,38,Tirunelveli,GEN,Mohan.T,M,IND,IND,2518,1420435
Tamil Nadu,2014,38,Tirunelveli,GEN,Dhanaraj.R.,M,ICSP,ICSP,3062,1420435
Tamil Nadu,2014,38,Tirunelveli,GEN,Selvaganapathy.G,M,IND,IND,3233,1420435
Tamil Nadu,2014,38,Tirunelveli,GEN,Devadoss.A.R,M,IND,IND,3394,1420435
Tamil Nadu,2014,38,Tirunelveli,GEN,Thevendran.T.,M,BSP,BSP,4692,1420435
Tamil Nadu,2014,38,Tirunelveli,GEN,None Of The Above,,NOTA,NOTA,12893,1420435
Tamil Nadu,2014,38,Tirunelveli,GEN,Mohamed Mubarak.V.M.S,M,SDPI,SDPI,14877,1420435
Tamil Nadu,2014,38,Tirunelveli,GEN,Sesuraj.M.P,M,AAAP,AAAP,18353,1420435
Tamil Nadu,2014,38,Tirunelveli,GEN,Dhevanathan Yadav.T.,M,TNMC,TNMC,19381,1420435
Tamil Nadu,2014,38,Tirunelveli,GEN,Ramasubbu.S.S,M,INC,INC,62863,1420435
Tamil Nadu,2014,38,Tirunelveli,GEN,Sivananenthaperumal.S.,M,DMDK,DMDK,127370,1420435
Tamil Nadu,2014,38,Tirunelveli,GEN,Devadasa Sundaram,M,DMK,DMK,272040,1420435
Tamil Nadu,2014,38,Tirunelveli,GEN,Prabakaran.K.R.P,M,ADMK,ADMK,398139,1420435
Tamil Nadu,2014,39,Kanniyakumari,GEN,Shalin Richard J.,M,IVP,IVP,398,1467796
Tamil Nadu,2014,39,Kanniyakumari,GEN,Wilson I.,M,IND,IND,421,1467796
Tamil Nadu,2014,39,Kanniyakumari,GEN,Paulraj C.M.,M,CPIM,CPIM,436,1467796
Tamil Nadu,2014,39,Kanniyakumari,GEN,Jose Bilbin J.,M,IND,IND,504,1467796
Tamil Nadu,2014,39,Kanniyakumari,GEN,Radhakrishnan T.,M,IND,IND,534,1467796
Tamil Nadu,2014,39,Kanniyakumari,GEN,Saraswathi S.,F,IND,IND,536,1467796
Tamil Nadu,2014,39,Kanniyakumari,GEN,Kamaraj G.,M,IND,IND,591,1467796
Tamil Nadu,2014,39,Kanniyakumari,GEN,Vasantheesvaran E.,M,IND,IND,791,1467796
Tamil Nadu,2014,39,Kanniyakumari,GEN,Seetharamadhas P.,M,IND,IND,930,1467796
Tamil Nadu,2014,39,Kanniyakumari,GEN,Kamaraj K.,M,IND,IND,955,1467796
Tamil Nadu,2014,39,Kanniyakumari,GEN,Padmanabhan S.,M,IND,IND,1246,1467796
Tamil Nadu,2014,39,Kanniyakumari,GEN,Rajesh Kumar K.R.,M,IND,IND,1437,1467796
Tamil Nadu,2014,39,Kanniyakumari,GEN,Vasantha Kumar L.,M,IND,IND,1474,1467796
Tamil Nadu,2014,39,Kanniyakumari,GEN,Manikandan I.,M,IND,IND,1557,1467796
Tamil Nadu,2014,39,Kanniyakumari,GEN,Anthony Muthu,M,CPI(ML)(L),CPI(ML)(L),1647,1467796
Tamil Nadu,2014,39,Kanniyakumari,GEN,Bala Subramanian T.,M,IND,IND,1737,1467796
Tamil Nadu,2014,39,Kanniyakumari,GEN,Nalla Thampy C.,M,IND,IND,2391,1467796
Tamil Nadu,2014,39,Kanniyakumari,GEN,Jawahar J.,M,BSP,BSP,3236,1467796
Tamil Nadu,2014,39,Kanniyakumari,GEN,Nagoor Meeran Peer Mohamead U.,M,IND,IND,3851,1467796
Tamil Nadu,2014,39,Kanniyakumari,GEN,None Of The Above,,NOTA,NOTA,4150,1467796
Tamil Nadu,2014,39,Kanniyakumari,GEN,Udayakumar S.P.,M,AAAP,AAAP,15314,1467796
Tamil Nadu,2014,39,Kanniyakumari,GEN,Bellarmin A.V.,M,CPM,CPM,35284,1467796
Tamil Nadu,2014,39,Kanniyakumari,GEN,Raajarathinum F.M.,M,DMK,DMK,117933,1467796
Tamil Nadu,2014,39,Kanniyakumari,GEN,John Thankam D.,M,ADMK,ADMK,176239,1467796
Tamil Nadu,2014,39,Kanniyakumari,GEN,Vasantha Kumar H.,M,INC,INC,244244,1467796
Tamil Nadu,2014,39,Kanniyakumari,GEN,Radhakrishnan P.,M,BJP,BJP,372906,1467796
Tripura,2014,1,Tripura West,GEN,Pjech Debbarma,M,JMBP,JMBP,2061,1248546
Tripura,2014,1,Tripura West,GEN,Rakhal Raj Datta,M,AMB,AMB,2879,1248546
Tripura,2014,1,Tripura West,GEN,Kamal Kanti Debnath,M,IND,IND,3747,1248546
Tripura,2014,1,Tripura West,GEN,Partha Karmakar,M,CPI(ML)(L),CPI(ML)(L),4226,1248546
Tripura,2014,1,Tripura West,GEN,Subal Bhowmik,M,TPGC,TPGC,4690,1248546
Tripura,2014,1,Tripura West,GEN,Salil Saha,M,AAAP,AAAP,4981,1248546
Tripura,2014,1,Tripura West,GEN,Joganati Datta,F,IND,IND,5947,1248546
Tripura,2014,1,Tripura West,GEN,Arun Kumar Bhowmik,M,SUCI,SUCI,8202,1248546
Tripura,2014,1,Tripura West,GEN,Binay Debbarma,M,IPFT,IPFT,11040,1248546
Tripura,2014,1,Tripura West,GEN,None Of The Above,,NOTA,NOTA,12699,1248546
Tripura,2014,1,Tripura West,GEN,Sudhindra Chandra Dasgupta,M,BJP,BJP,54706,1248546
Tripura,2014,1,Tripura West,GEN,Ratan Chakraborti,M,AITC,AITC,117727,1248546
Tripura,2014,1,Tripura West,GEN,Arunoday Saha,M,INC,INC,168179,1248546
Tripura,2014,1,Tripura West,GEN,Sankar Prasad Datta,M,CPM,CPM,671665,1248546
Tripura,2014,2,Tripura East,ST,Patal Kanya Jamatia,F,IND,IND,3004,1140276
Tripura,2014,2,Tripura East,ST,Bikash Debbarma,M,JMBP,JMBP,3086,1140276
Tripura,2014,2,Tripura East,ST,Subarna Mala Debbarma,F,AMB,AMB,4152,1140276
Tripura,2014,2,Tripura East,ST,Basu Mog,M,TPGC,TPGC,4262,1140276
Tripura,2014,2,Tripura East,ST,Falguni Tripura,M,CPI(ML)(L),CPI(ML)(L),4444,1140276
Tripura,2014,2,Tripura East,ST,Karna Bijoy Jamatia,M,AAAP,AAAP,4871,1140276
Tripura,2014,2,Tripura East,ST,Prabiddha Reang,M,IND,IND,5066,1140276
Tripura,2014,2,Tripura East,ST,Narendra Chandra Deb Barma,M,IPFT,IPFT,10286,1140276
Tripura,2014,2,Tripura East,ST,None Of The Above,,NOTA,NOTA,11084,1140276
Tripura,2014,2,Tripura East,ST,Parikshit Debbarma,M,BJP,BJP,60613,1140276
Tripura,2014,2,Tripura East,ST,Bhriguram Reang,M,AITC,AITC,77028,1140276
Tripura,2014,2,Tripura East,ST,Sachitra Debbarma,M,INC,INC,139413,1140276
Tripura,2014,2,Tripura East,ST,Jitendra Chaudhury,M,CPM,CPM,623771,1140276
Uttar Pradesh,2014,1,Saharanpur,GEN,Rajender Kumar,M,ARVP,ARVP,466,1608833
Uttar Pradesh,2014,1,Saharanpur,GEN,Shahanavaj,M,RJ,RJ,553,1608833
Uttar Pradesh,2014,1,Saharanpur,GEN,Mohd. Firoz Aftab,M,IND,IND,692,1608833
Uttar Pradesh,2014,1,Saharanpur,GEN,Raghuveer Singh Bodh,M,IND,IND,1066,1608833
Uttar Pradesh,2014,1,Saharanpur,GEN,Ratan Singh,M,BMUP,BMUP,1366,1608833
Uttar Pradesh,2014,1,Saharanpur,GEN,Shiv Kumar,M,ASP,ASP,1888,1608833
Uttar Pradesh,2014,1,Saharanpur,GEN,Cp Verma,M,IND,IND,2114,1608833
Uttar Pradesh,2014,1,Saharanpur,GEN,Yogesh Kumar,M,AAAP,AAAP,3065,1608833
Uttar Pradesh,2014,1,Saharanpur,GEN,Seshraj,M,IND,IND,4057,1608833
Uttar Pradesh,2014,1,Saharanpur,GEN,Hansraj Saini,M,IND,IND,4068,1608833
Uttar Pradesh,2014,1,Saharanpur,GEN,None Of The Above,,NOTA,NOTA,6267,1608833
Uttar Pradesh,2014,1,Saharanpur,GEN,Shazan Masood Urf Shadan Masood,M,SP,SP,52765,1608833
Uttar Pradesh,2014,1,Saharanpur,GEN,Jagdish Singh Rana,M,BSP,BSP,235033,1608833
Uttar Pradesh,2014,1,Saharanpur,GEN,Imran Masood,M,INC,INC,407909,1608833
Uttar Pradesh,2014,1,Saharanpur,GEN,Raghav Lakhanpal,M,BJP,BJP,472999,1608833
Uttar Pradesh,2014,2,Kairana,GEN,Sunita,F,JD(U),JD(U),949,1531767
Uttar Pradesh,2014,2,Kairana,GEN,Pardip,M,BMUP,BMUP,1050,1531767
Uttar Pradesh,2014,2,Kairana,GEN,Ramkaran Kashyap,M,BaVaP,BaVaP,1376,1531767
Uttar Pradesh,2014,2,Kairana,GEN,Mohanlal,M,IND,IND,1741,1531767
Uttar Pradesh,2014,2,Kairana,GEN,Sunil Kumar Kasana,M,AAAP,AAAP,2662,1531767
Uttar Pradesh,2014,2,Kairana,GEN,Krishanpal,M,IND,IND,2971,1531767
Uttar Pradesh,2014,2,Kairana,GEN,None Of The Above,,NOTA,NOTA,3903,1531767
Uttar Pradesh,2014,2,Kairana,GEN,Divakar Kashyap,M,AITC,AITC,6562,1531767
Uttar Pradesh,2014,2,Kairana,GEN,Kartar Singh Bhadana,M,RLD,RLD,42706,1531767
Uttar Pradesh,2014,2,Kairana,GEN,Kanwar Hasan,M,BSP,BSP,160414,1531767
Uttar Pradesh,2014,2,Kairana,GEN,Nahid Hasan,M,SP,SP,329081,1531767
Uttar Pradesh,2014,2,Kairana,GEN,Hukum Singh,M,BJP,BJP,565909,1531767
Uttar Pradesh,2014,3,Muzaffarnagar,GEN,Chatar Singh Kashyap,M,VAJP,VAJP,350,1588475
Uttar Pradesh,2014,3,Muzaffarnagar,GEN,Mange Ram Kashyap,M,MKUP,MKUP,360,1588475
Uttar Pradesh,2014,3,Muzaffarnagar,GEN,Shabnam,F,IND,IND,487,1588475
Uttar Pradesh,2014,3,Muzaffarnagar,GEN,Lalit Chauhan,M,JD(U),JD(U),499,1588475
Uttar Pradesh,2014,3,Muzaffarnagar,GEN,Mo. Yamin,M,AIRSP,AIRSP,543,1588475
Uttar Pradesh,2014,3,Muzaffarnagar,GEN,Ankur,M,IND,IND,723,1588475
Uttar Pradesh,2014,3,Muzaffarnagar,GEN,Naseem Ahmad Ansari,M,IND,IND,750,1588475
Uttar Pradesh,2014,3,Muzaffarnagar,GEN,Jagbir Singh,M,IND,IND,845,1588475
Uttar Pradesh,2014,3,Muzaffarnagar,GEN,Gufran Ahmad,M,IND,IND,1682,1588475
Uttar Pradesh,2014,3,Muzaffarnagar,GEN,Shandar Gufran,M,IND,IND,1864,1588475
Uttar Pradesh,2014,3,Muzaffarnagar,GEN,Mohammed Yamin,M,AAAP,AAAP,1933,1588475
Uttar Pradesh,2014,3,Muzaffarnagar,GEN,Anil Kumar,M,BMUP,BMUP,2238,1588475
Uttar Pradesh,2014,3,Muzaffarnagar,GEN,Phool Singh Pal,M,IND,IND,3431,1588475
Uttar Pradesh,2014,3,Muzaffarnagar,GEN,Rakesh,M,IND,IND,3482,1588475
Uttar Pradesh,2014,3,Muzaffarnagar,GEN,Rajesh Devi Alias Radhika Baliyan,F,AITC,AITC,4129,1588475
Uttar Pradesh,2014,3,Muzaffarnagar,GEN,None Of The Above,,NOTA,NOTA,4739,1588475
Uttar Pradesh,2014,3,Muzaffarnagar,GEN,Pankaj Agarwal,M,INC,INC,12937,1588475
Uttar Pradesh,2014,3,Muzaffarnagar,GEN,Virender Singh,M,SP,SP,160810,1588475
Uttar Pradesh,2014,3,Muzaffarnagar,GEN,Kadir Rana,M,BSP,BSP,252241,1588475
Uttar Pradesh,2014,3,Muzaffarnagar,GEN,(Dr.) Sanjeev Kumar Balyan,M,BJP,BJP,653391,1588475
Uttar Pradesh,2014,4,Bijnor,GEN,Parvez Aqil,M,AIMF,AIMF,722,1562081
Uttar Pradesh,2014,4,Bijnor,GEN,Mohamad Adeeb,M,RWSP,RWSP,1756,1562081
Uttar Pradesh,2014,4,Bijnor,GEN,Uday Alies Udayveer,M,BMF,BMF,2456,1562081
Uttar Pradesh,2014,4,Bijnor,GEN,Gaurav,M,AAAP,AAAP,2483,1562081
Uttar Pradesh,2014,4,Bijnor,GEN,Kamal,M,IND,IND,2545,1562081
Uttar Pradesh,2014,4,Bijnor,GEN,Umesh Alies Pani,M,IND,IND,2967,1562081
Uttar Pradesh,2014,4,Bijnor,GEN,Gajresh Kumar,M,IND,IND,3317,1562081
Uttar Pradesh,2014,4,Bijnor,GEN,None Of The Above,,NOTA,NOTA,5775,1562081
Uttar Pradesh,2014,4,Bijnor,GEN,Mohammad Moosa,M,PECP,PECP,15801,1562081
Uttar Pradesh,2014,4,Bijnor,GEN,Jaya Prada Nahata,F,RLD,RLD,24348,1562081
Uttar Pradesh,2014,4,Bijnor,GEN,Malook Nagar,M,BSP,BSP,230124,1562081
Uttar Pradesh,2014,4,Bijnor,GEN,Shahnawaz Rana,M,SP,SP,281139,1562081
Uttar Pradesh,2014,4,Bijnor,GEN,Kunwar Bhartendra,M,BJP,BJP,486913,1562081
Uttar Pradesh,2014,5,Nagina,SC,Vinod Kumar,M,BMUP,BMUP,852,1493419
Uttar Pradesh,2014,5,Nagina,SC,Sharishtha Kumar Singh,M,JMBP,JMBP,861,1493419
Uttar Pradesh,2014,5,Nagina,SC,Manju Devi,F,LD,LD,1027,1493419
Uttar Pradesh,2014,5,Nagina,SC,Asarpat Singh,M,IND,IND,1714,1493419
Uttar Pradesh,2014,5,Nagina,SC,Tej Singh,M,ASP,ASP,1845,1493419
Uttar Pradesh,2014,5,Nagina,SC,Omprakash Ravi,M,SHS,SHS,2967,1493419
Uttar Pradesh,2014,5,Nagina,SC,Shamsher,M,IND,IND,3577,1493419
Uttar Pradesh,2014,5,Nagina,SC,Sarika,F,AAAP,AAAP,3695,1493419
Uttar Pradesh,2014,5,Nagina,SC,Sunil,M,IND,IND,4328,1493419
Uttar Pradesh,2014,5,Nagina,SC,Bhagwan Dass Rathor,M,MD,MD,4581,1493419
Uttar Pradesh,2014,5,Nagina,SC,None Of The Above,,NOTA,NOTA,6470,1493419
Uttar Pradesh,2014,5,Nagina,SC,Sheeshram Singh Ravi,M,PECP,PECP,21334,1493419
Uttar Pradesh,2014,5,Nagina,SC,Girish Chandra,M,BSP,BSP,245685,1493419
Uttar Pradesh,2014,5,Nagina,SC,Yashvir Singh,M,SP,SP,275435,1493419
Uttar Pradesh,2014,5,Nagina,SC,Yashwant Singh,M,BJP,BJP,367825,1493419
Uttar Pradesh,2014,6,Moradabad,GEN,Mohd Zafar Iqbal,M,ABML(S),ABML(S),956,1771985
Uttar Pradesh,2014,6,Moradabad,GEN,Kamar Alam,M,IBSP,IBSP,1059,1771985
Uttar Pradesh,2014,6,Moradabad,GEN,Raj Kumar Gupta,M,IND,IND,1278,1771985
Uttar Pradesh,2014,6,Moradabad,GEN,Roopa Chandra Singh,M,IND,IND,1282,1771985
Uttar Pradesh,2014,6,Moradabad,GEN,Jaipal Singh Saini,M,SHS,SHS,1334,1771985
Uttar Pradesh,2014,6,Moradabad,GEN,Teaj Singh Saini,M,RSMD,RSMD,1710,1771985
Uttar Pradesh,2014,6,Moradabad,GEN,Satish Chandra Sharma,M,NAP,NAP,2267,1771985
Uttar Pradesh,2014,6,Moradabad,GEN,Sandeep Kumar,M,SSKP,SSKP,2971,1771985
Uttar Pradesh,2014,6,Moradabad,GEN,Amit Kumar,M,BMUP,BMUP,3047,1771985
Uttar Pradesh,2014,6,Moradabad,GEN,Nafisuddin,M,CPM,CPM,3180,1771985
Uttar Pradesh,2014,6,Moradabad,GEN,Hariom,M,NADP,NADP,4097,1771985
Uttar Pradesh,2014,6,Moradabad,GEN,Vimal Kumar,M,AAAP,AAAP,4469,1771985
Uttar Pradesh,2014,6,Moradabad,GEN,None Of The Above,,NOTA,NOTA,5207,1771985
Uttar Pradesh,2014,6,Moradabad,GEN,Saurabh Pratap Singh,M,AITC,AITC,5647,1771985
Uttar Pradesh,2014,6,Moradabad,GEN,Begum Noor Bano Urf Mehtab,F,INC,INC,19732,1771985
Uttar Pradesh,2014,6,Moradabad,GEN,Engineer Mohammad Irfan,M,PECP,PECP,25840,1771985
Uttar Pradesh,2014,6,Moradabad,GEN,Haji Mohd Yaqoob,M,BSP,BSP,160945,1771985
Uttar Pradesh,2014,6,Moradabad,GEN,Dr S T Hasan,M,SP,SP,397720,1771985
Uttar Pradesh,2014,6,Moradabad,GEN,Kunwer Sarvesh Kumar,M,BJP,BJP,485224,1771985
Uttar Pradesh,2014,7,Rampur,GEN,Akbar Masood,M,IND,IND,817,1616972
Uttar Pradesh,2014,7,Rampur,GEN,Jagdish Saran Sagar,M,IND,IND,1834,1616972
Uttar Pradesh,2014,7,Rampur,GEN,Syed Salman Ali,M,AAAP,AAAP,1996,1616972
Uttar Pradesh,2014,7,Rampur,GEN,Tejpal Singh,M,IND,IND,2063,1616972
Uttar Pradesh,2014,7,Rampur,GEN,Vijendra Singh,M,RAC,RAC,2079,1616972
Uttar Pradesh,2014,7,Rampur,GEN,Naved Mian,M,IND,IND,2448,1616972
Uttar Pradesh,2014,7,Rampur,GEN,Jagmohan,M,IND,IND,2505,1616972
Uttar Pradesh,2014,7,Rampur,GEN,Jannat Nisha,F,AIMF,AIMF,4473,1616972
Uttar Pradesh,2014,7,Rampur,GEN,None Of The Above,,NOTA,NOTA,6905,1616972
Uttar Pradesh,2014,7,Rampur,GEN,Akbar Husain,M,BSP,BSP,81006,1616972
Uttar Pradesh,2014,7,Rampur,GEN,Nawab Kazim Ali Khan,M,INC,INC,156466,1616972
Uttar Pradesh,2014,7,Rampur,GEN,Naseer Ahmad Khan,M,SP,SP,335181,1616972
Uttar Pradesh,2014,7,Rampur,GEN,Dr. Nepal Singh,M,BJP,BJP,358616,1616972
Uttar Pradesh,2014,8,Sambhal,GEN,Rekha Devi Yadav,F,SSAD,SSAD,1565,1693229
Uttar Pradesh,2014,8,Sambhal,GEN,Aqeel Ahmad,M,IND,IND,2005,1693229
Uttar Pradesh,2014,8,Sambhal,GEN,Nanad Ram Khadagvanshi,M,IND,IND,2322,1693229
Uttar Pradesh,2014,8,Sambhal,GEN,Rashid,M,IND,IND,2791,1693229
Uttar Pradesh,2014,8,Sambhal,GEN,Firoz Haider,M,IND,IND,3648,1693229
Uttar Pradesh,2014,8,Sambhal,GEN,Mohd Aslam Urf Pasha,M,RPI(A),RPI(A),3833,1693229
Uttar Pradesh,2014,8,Sambhal,GEN,Dr. Rashid Ali,M,PECP,PECP,6376,1693229
Uttar Pradesh,2014,8,Sambhal,GEN,Nutan Vijay Advocate,M,IND,IND,6686,1693229
Uttar Pradesh,2014,8,Sambhal,GEN,None Of The Above,,NOTA,NOTA,7658,1693229
Uttar Pradesh,2014,8,Sambhal,GEN,Acharya Pramod Krishnam,M,INC,INC,16034,1693229
Uttar Pradesh,2014,8,Sambhal,GEN,Dharam Yadav Urf D.P.Yadav,M,RPD,RPD,36134,1693229
Uttar Pradesh,2014,8,Sambhal,GEN,Aqeel-Ur -Rehman Khan,M,BSP,BSP,252640,1693229
Uttar Pradesh,2014,8,Sambhal,GEN,Dr Shafiq- Ur Rahman Barq,M,SP,SP,355068,1693229
Uttar Pradesh,2014,8,Sambhal,GEN,Satyapal Singh,M,BJP,BJP,360242,1693229
Uttar Pradesh,2014,9,Amroha,GEN,Rajpal,M,ARVP,ARVP,478,1544245
Uttar Pradesh,2014,9,Amroha,GEN,Mahesh,M,RPI(A),RPI(A),713,1544245
Uttar Pradesh,2014,9,Amroha,GEN,Rakesh,M,PECP,PECP,749,1544245
Uttar Pradesh,2014,9,Amroha,GEN,Brajlal,M,BMUP,BMUP,837,1544245
Uttar Pradesh,2014,9,Amroha,GEN,Husnein Razaa,M,aicp,aicp,858,1544245
Uttar Pradesh,2014,9,Amroha,GEN,Sarvesh Kumar Saini,M,SHS,SHS,980,1544245
Uttar Pradesh,2014,9,Amroha,GEN,Naresh Chand,M,IND,IND,1431,1544245
Uttar Pradesh,2014,9,Amroha,GEN,Surendra Singh,M,IND,IND,2425,1544245
Uttar Pradesh,2014,9,Amroha,GEN,Khajan Singh,M,RAC,RAC,2448,1544245
Uttar Pradesh,2014,9,Amroha,GEN,Naresh Kumar,M,IND,IND,2493,1544245
Uttar Pradesh,2014,9,Amroha,GEN,Syed Kalbe Rushaid Rizvi,M,AAAP,AAAP,2601,1544245
Uttar Pradesh,2014,9,Amroha,GEN,None Of The Above,,NOTA,NOTA,7779,1544245
Uttar Pradesh,2014,9,Amroha,GEN,Rakesh Tikait,M,RLD,RLD,9539,1544245
Uttar Pradesh,2014,9,Amroha,GEN,Farhat Hasan,M,BSP,BSP,162983,1544245
Uttar Pradesh,2014,9,Amroha,GEN,Humera Akhtar,F,SP,SP,370666,1544245
Uttar Pradesh,2014,9,Amroha,GEN,Kanwar Singh Tanwar,M,BJP,BJP,528880,1544245
Uttar Pradesh,2014,10,Meerut,GEN,Anil,M,IND,IND,348,1764388
Uttar Pradesh,2014,10,Meerut,GEN,Aphajal,M,IND,IND,382,1764388
Uttar Pradesh,2014,10,Meerut,GEN,Iqra Choudhary,F,IND,IND,734,1764388
Uttar Pradesh,2014,10,Meerut,GEN,Atul Khodawal,M,IND,IND,818,1764388
Uttar Pradesh,2014,10,Meerut,GEN,Mohd. Sajid Saifi,M,BMUP,BMUP,1063,1764388
Uttar Pradesh,2014,10,Meerut,GEN,Mohd.Usman Ghazi,M,RsAD,RsAD,1451,1764388
Uttar Pradesh,2014,10,Meerut,GEN,Mukesh Kumar,M,IND,IND,1542,1764388
Uttar Pradesh,2014,10,Meerut,GEN,Sunil Dutt,M,IND,IND,1734,1764388
Uttar Pradesh,2014,10,Meerut,GEN,None Of The Above,,NOTA,NOTA,5213,1764388
Uttar Pradesh,2014,10,Meerut,GEN,Dr. (Ex. Maj) Himanshu Singh,M,AAAP,AAAP,11793,1764388
Uttar Pradesh,2014,10,Meerut,GEN,Nagma,F,INC,INC,42911,1764388
Uttar Pradesh,2014,10,Meerut,GEN,Shahid Manzoor,M,SP,SP,211759,1764388
Uttar Pradesh,2014,10,Meerut,GEN,Mohd.Shahid Akhlak,M,BSP,BSP,300655,1764388
Uttar Pradesh,2014,10,Meerut,GEN,Rajendra Agarwal,M,BJP,BJP,532981,1764388
Uttar Pradesh,2014,11,Baghpat,GEN,Ajay Pal,M,IND,IND,440,1505175
Uttar Pradesh,2014,11,Baghpat,GEN,Yunush,M,NNP,NNP,441,1505175
Uttar Pradesh,2014,11,Baghpat,GEN,Krishan Pal,M,NAP,NAP,601,1505175
Uttar Pradesh,2014,11,Baghpat,GEN,Arvind,M,IND,IND,992,1505175
Uttar Pradesh,2014,11,Baghpat,GEN,Subhash Chand Kashyap,M,IND,IND,1967,1505175
Uttar Pradesh,2014,11,Baghpat,GEN,Ruksana,F,IND,IND,2092,1505175
Uttar Pradesh,2014,11,Baghpat,GEN,Nishant,M,IND,IND,2708,1505175
Uttar Pradesh,2014,11,Baghpat,GEN,Anil Kumar,M,PECP,PECP,3025,1505175
Uttar Pradesh,2014,11,Baghpat,GEN,None Of The Above,,NOTA,NOTA,3911,1505175
Uttar Pradesh,2014,11,Baghpat,GEN,Jaivindra Kumar,M,IND,IND,3915,1505175
Uttar Pradesh,2014,11,Baghpat,GEN,Somendar Dhaka,M,AAAP,AAAP,5828,1505175
Uttar Pradesh,2014,11,Baghpat,GEN,Prashant Chaudhri,M,BSP,BSP,141743,1505175
Uttar Pradesh,2014,11,Baghpat,GEN,Ajit Singh,M,RLD,RLD,199516,1505175
Uttar Pradesh,2014,11,Baghpat,GEN,Ghulam Mohammed,M,SP,SP,213609,1505175
Uttar Pradesh,2014,11,Baghpat,GEN,Dr. Satya Pal Singh,M,BJP,BJP,423475,1505175
Uttar Pradesh,2014,12,Ghaziabad,GEN,Nitin,M,IND,IND,624,2357553
Uttar Pradesh,2014,12,Ghaziabad,GEN,Keshav Choudhary,M,IND,IND,628,2357553
Uttar Pradesh,2014,12,Ghaziabad,GEN,Vinod Kumar Tyagi,M,IND,IND,992,2357553
Uttar Pradesh,2014,12,Ghaziabad,GEN,Ramphal Shakya,M,IND,IND,1094,2357553
Uttar Pradesh,2014,12,Ghaziabad,GEN,Rinku Kumar Tyagi,M,IND,IND,1185,2357553
Uttar Pradesh,2014,12,Ghaziabad,GEN,Saleem Malik,M,IND,IND,1486,2357553
Uttar Pradesh,2014,12,Ghaziabad,GEN,Naresh Gautam,M,BMUP,BMUP,1548,2357553
Uttar Pradesh,2014,12,Ghaziabad,GEN,Suresh Pal,M,BSKP,BSKP,1591,2357553
Uttar Pradesh,2014,12,Ghaziabad,GEN,Sabir,M,IND,IND,3409,2357553
Uttar Pradesh,2014,12,Ghaziabad,GEN,Sanjeev Kumar,M,IND,IND,4639,2357553
Uttar Pradesh,2014,12,Ghaziabad,GEN,None Of The Above,,NOTA,NOTA,6205,2357553
Uttar Pradesh,2014,12,Ghaziabad,GEN,Shazia Ilmi Malik,F,AAAP,AAAP,89147,2357553
Uttar Pradesh,2014,12,Ghaziabad,GEN,Sudhan Kumar,M,SP,SP,106984,2357553
Uttar Pradesh,2014,12,Ghaziabad,GEN,Mukul,M,BSP,BSP,173085,2357553
Uttar Pradesh,2014,12,Ghaziabad,GEN,Raj Babbar,M,INC,INC,191222,2357553
Uttar Pradesh,2014,12,Ghaziabad,GEN,Vijay Kumar Singh,M,BJP,BJP,758482,2357553
Uttar Pradesh,2014,13,Gautam Buddha Nagar,GEN,Safruddin,M,IND,IND,491,1986109
Uttar Pradesh,2014,13,Gautam Buddha Nagar,GEN,Ravinder Sharma,M,RTKP,RTKP,503,1986109
Uttar Pradesh,2014,13,Gautam Buddha Nagar,GEN,Sunil Gautam,M,IND,IND,623,1986109
Uttar Pradesh,2014,13,Gautam Buddha Nagar,GEN,Gajendra,M,IOP,IOP,649,1986109
Uttar Pradesh,2014,13,Gautam Buddha Nagar,GEN,Ram Vilas,M,BMUP,BMUP,656,1986109
Uttar Pradesh,2014,13,Gautam Buddha Nagar,GEN,Ruvez Alam Rahi,M,NLP,NLP,773,1986109
Uttar Pradesh,2014,13,Gautam Buddha Nagar,GEN,Mahesh,M,IND,IND,788,1986109
Uttar Pradesh,2014,13,Gautam Buddha Nagar,GEN,Seema,F,RND,RND,977,1986109
Uttar Pradesh,2014,13,Gautam Buddha Nagar,GEN,Sumiti,F,IND,IND,978,1986109
Uttar Pradesh,2014,13,Gautam Buddha Nagar,GEN,Savitri,F,IND,IND,996,1986109
Uttar Pradesh,2014,13,Gautam Buddha Nagar,GEN,Lt Col Sp Singh,M,NBDP,NBDP,1183,1986109
Uttar Pradesh,2014,13,Gautam Buddha Nagar,GEN,Rakesh,M,IND,IND,1225,1986109
Uttar Pradesh,2014,13,Gautam Buddha Nagar,GEN,Udayveer,M,RtrJP,RtrJP,1526,1986109
Uttar Pradesh,2014,13,Gautam Buddha Nagar,GEN,Sonia Sharma,F,ABSC,ABSC,2530,1986109
Uttar Pradesh,2014,13,Gautam Buddha Nagar,GEN,Kadir Khan Jaiswal,M,IND,IND,2684,1986109
Uttar Pradesh,2014,13,Gautam Buddha Nagar,GEN,Grisa Kumar,M,IND,IND,3496,1986109
Uttar Pradesh,2014,13,Gautam Buddha Nagar,GEN,None Of The Above,,NOTA,NOTA,3836,1986109
Uttar Pradesh,2014,13,Gautam Buddha Nagar,GEN,Dharmender,M,DND,DND,4130,1986109
Uttar Pradesh,2014,13,Gautam Buddha Nagar,GEN,Kadeem,M,IND,IND,4198,1986109
Uttar Pradesh,2014,13,Gautam Buddha Nagar,GEN,Mohd. Sabir Ansari,M,AITC,AITC,4506,1986109
Uttar Pradesh,2014,13,Gautam Buddha Nagar,GEN,Ramesh Chand Tomar,M,INC,INC,12727,1986109
Uttar Pradesh,2014,13,Gautam Buddha Nagar,GEN,Kishan Pal Singh,M,AAAP,AAAP,32358,1986109
Uttar Pradesh,2014,13,Gautam Buddha Nagar,GEN,Satish Kumar,M,BSP,BSP,198237,1986109
Uttar Pradesh,2014,13,Gautam Buddha Nagar,GEN,Narendra Bhati,M,SP,SP,319490,1986109
Uttar Pradesh,2014,13,Gautam Buddha Nagar,GEN,Dr.Mahesh Sharma,M,BJP,BJP,599702,1986109
Uttar Pradesh,2014,14,Bulandshahr,SC,Raghuraj Pratap Singh,M,RTKP,RTKP,1455,1736436
Uttar Pradesh,2014,14,Bulandshahr,SC,Suresh,M,JMBP,JMBP,2580,1736436
Uttar Pradesh,2014,14,Bulandshahr,SC,Vijai Pal,M,RtJP,RtJP,4117,1736436
Uttar Pradesh,2014,14,Bulandshahr,SC,Pyare Lal,M,BMUP,BMUP,4448,1736436
Uttar Pradesh,2014,14,Bulandshahr,SC,Harvir,M,IND,IND,5690,1736436
Uttar Pradesh,2014,14,Bulandshahr,SC,None Of The Above,,NOTA,NOTA,6915,1736436
Uttar Pradesh,2014,14,Bulandshahr,SC,Dr. Rahul Dipankar,M,AAAP,AAAP,9727,1736436
Uttar Pradesh,2014,14,Bulandshahr,SC,Anju Urf Muskan,F,RLD,RLD,59116,1736436
Uttar Pradesh,2014,14,Bulandshahr,SC,Kamlesh,M,SP,SP,128737,1736436
Uttar Pradesh,2014,14,Bulandshahr,SC,Pradeep Kumar Jatav,M,BSP,BSP,182476,1736436
Uttar Pradesh,2014,14,Bulandshahr,SC,Bhola Singh,M,BJP,BJP,604449,1736436
Uttar Pradesh,2014,15,Aligarh,GEN,Pradeep Kumar,M,BMUP,BMUP,626,1793126
Uttar Pradesh,2014,15,Aligarh,GEN,Rakesh Chandra Rawat,M,RSD,RSD,665,1793126
Uttar Pradesh,2014,15,Aligarh,GEN,Devanand,M,LD,LD,785,1793126
Uttar Pradesh,2014,15,Aligarh,GEN,Badshah,M,PECP,PECP,978,1793126
Uttar Pradesh,2014,15,Aligarh,GEN,Vinod Kumar Baghel,M,RSPS,RSPS,1723,1793126
Uttar Pradesh,2014,15,Aligarh,GEN,Sanjay Kumar,M,IND,IND,1842,1793126
Uttar Pradesh,2014,15,Aligarh,GEN,Durgesh Chandra Gautam,M,AITC,AITC,3076,1793126
Uttar Pradesh,2014,15,Aligarh,GEN,Amita Singh Jat,F,SSKP,SSKP,3376,1793126
Uttar Pradesh,2014,15,Aligarh,GEN,Natthi Lal Sharma,M,IND,IND,4659,1793126
Uttar Pradesh,2014,15,Aligarh,GEN,None Of The Above,,NOTA,NOTA,6183,1793126
Uttar Pradesh,2014,15,Aligarh,GEN,Mohd. Sabir Rahi,M,AAAP,AAAP,8978,1793126
Uttar Pradesh,2014,15,Aligarh,GEN,Bijendra Singh,M,INC,INC,62674,1793126
Uttar Pradesh,2014,15,Aligarh,GEN,Zafar Alam,M,SP,SP,226284,1793126
Uttar Pradesh,2014,15,Aligarh,GEN,Dr. Arvind Kumar Singh,M,BSP,BSP,227886,1793126
Uttar Pradesh,2014,15,Aligarh,GEN,Satish Kumar,M,BJP,BJP,514622,1793126
Uttar Pradesh,2014,16,Hathras,SC,Dalvir Singh,M,IND,IND,1599,1758927
Uttar Pradesh,2014,16,Hathras,SC,Raja Ram,M,IND,IND,2169,1758927
Uttar Pradesh,2014,16,Hathras,SC,Omprkash,M,IND,IND,2778,1758927
Uttar Pradesh,2014,16,Hathras,SC,Niranjan Singh,M,IND,IND,2847,1758927
Uttar Pradesh,2014,16,Hathras,SC,Sunhari Lal,M,AAAP,AAAP,5043,1758927
Uttar Pradesh,2014,16,Hathras,SC,None Of The Above,,NOTA,NOTA,5669,1758927
Uttar Pradesh,2014,16,Hathras,SC,Niranjan Singh Dhangar,M,RLD,RLD,86109,1758927
Uttar Pradesh,2014,16,Hathras,SC,Ramji Lal Suman,M,SP,SP,180891,1758927
Uttar Pradesh,2014,16,Hathras,SC,Manoj Kumar Soni,M,BSP,BSP,217891,1758927
Uttar Pradesh,2014,16,Hathras,SC,Rajesh Kumar Diwaker,M,BJP,BJP,544277,1758927
Uttar Pradesh,2014,17,Mathura,GEN,Maharam Singh,M,BMUP,BMUP,655,1682260
Uttar Pradesh,2014,17,Mathura,GEN,Mohan Shyam,M,GaAP,GaAP,731,1682260
Uttar Pradesh,2014,17,Mathura,GEN,Bhupendra Kumar Dhangar,M,RSOSP,RSOSP,1054,1682260
Uttar Pradesh,2014,17,Mathura,GEN,Pt. Udyan Sharma ''''''''Munna'''''''',M,PECP,PECP,1066,1682260
Uttar Pradesh,2014,17,Mathura,GEN,Parsottam,M,RMGP,RMGP,1338,1682260
Uttar Pradesh,2014,17,Mathura,GEN,Pramod Krishna,M,IND,IND,1759,1682260
Uttar Pradesh,2014,17,Mathura,GEN,Thakur Hemendra Veer Singh,M,SSKP,SSKP,1858,1682260
Uttar Pradesh,2014,17,Mathura,GEN,None Of The Above,,NOTA,NOTA,1953,1682260
Uttar Pradesh,2014,17,Mathura,GEN,Ram Babu Saini,M,IND,IND,2082,1682260
Uttar Pradesh,2014,17,Mathura,GEN,Fakkar Baba ''''''''Ramayani'''''''',M,IND,IND,2160,1682260
Uttar Pradesh,2014,17,Mathura,GEN,Mahesh Pratap Sharma,M,RVP,RVP,2396,1682260
Uttar Pradesh,2014,17,Mathura,GEN,Satish Chandra Sharma,M,IND,IND,2675,1682260
Uttar Pradesh,2014,17,Mathura,GEN,Bhudev,M,IND,IND,2715,1682260
Uttar Pradesh,2014,17,Mathura,GEN,Om Prakash,M,IND,IND,2847,1682260
Uttar Pradesh,2014,17,Mathura,GEN,Radhacharan,M,IND,IND,4795,1682260
Uttar Pradesh,2014,17,Mathura,GEN,Anuj Kumar Garg,M,AAAP,AAAP,7858,1682260
Uttar Pradesh,2014,17,Mathura,GEN,Hema Malini,F,IND,IND,10158,1682260
Uttar Pradesh,2014,17,Mathura,GEN,Chandan Singh,M,SP,SP,36673,1682260
Uttar Pradesh,2014,17,Mathura,GEN,Pt. Yogesh Kumar Dwivedi,M,BSP,BSP,173572,1682260
Uttar Pradesh,2014,17,Mathura,GEN,Jayant Chaudhary,M,RLD,RLD,243890,1682260
Uttar Pradesh,2014,17,Mathura,GEN,Hema Malini,F,BJP,BJP,574633,1682260
Uttar Pradesh,2014,18,Agra,SC,Chandra Pal,M,A S P,A S P,557,1814739
Uttar Pradesh,2014,18,Agra,SC,Ramesh,M,JD(U),JD(U),602,1814739
Uttar Pradesh,2014,18,Agra,SC,Anita,F,VIP,VIP,765,1814739
Uttar Pradesh,2014,18,Agra,SC,Prem Singh,M,BMUP,BMUP,771,1814739
Uttar Pradesh,2014,18,Agra,SC,Ashok Kumar,M,IND,IND,1416,1814739
Uttar Pradesh,2014,18,Agra,SC,Amar Singh,M,IND,IND,2453,1814739
Uttar Pradesh,2014,18,Agra,SC,Vinod Kumar Singh,M,IND,IND,2584,1814739
Uttar Pradesh,2014,18,Agra,SC,Anil,M,BKPP,BKPP,3646,1814739
Uttar Pradesh,2014,18,Agra,SC,Dinesh Kumar Gautam,M,IND,IND,3657,1814739
Uttar Pradesh,2014,18,Agra,SC,Om Prakash,M,IND,IND,4243,1814739
Uttar Pradesh,2014,18,Agra,SC,None Of The Above,,NOTA,NOTA,5191,1814739
Uttar Pradesh,2014,18,Agra,SC,Ravindra Singh,M,AAAP,AAAP,7804,1814739
Uttar Pradesh,2014,18,Agra,SC,Upendra Singh,M,INC,INC,34834,1814739
Uttar Pradesh,2014,18,Agra,SC,Maharaj Singh Dhangar,M,SP,SP,134708,1814739
Uttar Pradesh,2014,18,Agra,SC,Narayan Singh Suman,M,BSP,BSP,283453,1814739
Uttar Pradesh,2014,18,Agra,SC,Dr. Ram Shankar Katheria,M,BJP,BJP,583716,1814739
Uttar Pradesh,2014,19,Fatehpur Sikri,GEN,Munna Lal,M,RMGP,RMGP,497,1580582
Uttar Pradesh,2014,19,Fatehpur Sikri,GEN,Mahavir Singh Solanki,M,IND,IND,583,1580582
Uttar Pradesh,2014,19,Fatehpur Sikri,GEN,Manik,M,LD,LD,643,1580582
Uttar Pradesh,2014,19,Fatehpur Sikri,GEN,Rakesh Singh Dhankar,M,IND,IND,650,1580582
Uttar Pradesh,2014,19,Fatehpur Sikri,GEN,Pitam Singh,M,JD(U),JD(U),691,1580582
Uttar Pradesh,2014,19,Fatehpur Sikri,GEN,Peetam Singh,M,RTKP,RTKP,872,1580582
Uttar Pradesh,2014,19,Fatehpur Sikri,GEN,Khemraj Singh,M,IND,IND,951,1580582
Uttar Pradesh,2014,19,Fatehpur Sikri,GEN,Shobhna Bauddha,F,IND,IND,1006,1580582
Uttar Pradesh,2014,19,Fatehpur Sikri,GEN,Rohan Singh,M,BMUP,BMUP,1063,1580582
Uttar Pradesh,2014,19,Fatehpur Sikri,GEN,Megh Singh,M,PECP,PECP,1529,1580582
Uttar Pradesh,2014,19,Fatehpur Sikri,GEN,Seema Devi,F,IND,IND,1571,1580582
Uttar Pradesh,2014,19,Fatehpur Sikri,GEN,Ram Kumar Dixit,M,IND,IND,1657,1580582
Uttar Pradesh,2014,19,Fatehpur Sikri,GEN,Pankaj Kumar Sharma,M,RSMD,RSMD,2052,1580582
Uttar Pradesh,2014,19,Fatehpur Sikri,GEN,Ram Braj Yadav,M,IND,IND,2057,1580582
Uttar Pradesh,2014,19,Fatehpur Sikri,GEN,Satish Kumar,M,IND,IND,2235,1580582
Uttar Pradesh,2014,19,Fatehpur Sikri,GEN,Natholi,M,IND,IND,2356,1580582
Uttar Pradesh,2014,19,Fatehpur Sikri,GEN,Ashok Kumar,M,GaAP,GaAP,2553,1580582
Uttar Pradesh,2014,19,Fatehpur Sikri,GEN,None Of The Above,,NOTA,NOTA,2677,1580582
Uttar Pradesh,2014,19,Fatehpur Sikri,GEN,Brajendr Singh,M,IND,IND,2725,1580582
Uttar Pradesh,2014,19,Fatehpur Sikri,GEN,Diwan Singh,M,IND,IND,3101,1580582
Uttar Pradesh,2014,19,Fatehpur Sikri,GEN,Laxmi,F,AAAP,AAAP,3117,1580582
Uttar Pradesh,2014,19,Fatehpur Sikri,GEN,Santosh Kumar,M,IND,IND,3184,1580582
Uttar Pradesh,2014,19,Fatehpur Sikri,GEN,Ambedkari Hasnuram Ambedkari,M,IND,IND,3512,1580582
Uttar Pradesh,2014,19,Fatehpur Sikri,GEN,Anil Kumar,M,IND,IND,3809,1580582
Uttar Pradesh,2014,19,Fatehpur Sikri,GEN,Vijay Singh Kushwaha,M,SSAD,SSAD,5223,1580582
Uttar Pradesh,2014,19,Fatehpur Sikri,GEN,Amar Singh,M,RLD,RLD,24185,1580582
Uttar Pradesh,2014,19,Fatehpur Sikri,GEN,Rani Pakshalika Singh,F,SP,SP,213397,1580582
Uttar Pradesh,2014,19,Fatehpur Sikri,GEN,Seema Upadhyay,F,BSP,BSP,253483,1580582
Uttar Pradesh,2014,19,Fatehpur Sikri,GEN,Babulal,M,BJP,BJP,426589,1580582
Uttar Pradesh,2014,20,Firozabad,GEN,Rahat Afroz,M,IUML,IUML,498,1636738
Uttar Pradesh,2014,20,Firozabad,GEN,Rajendra Prasad,M,BMUP,BMUP,506,1636738
Uttar Pradesh,2014,20,Firozabad,GEN,Laxmi,F,BSCP,BSCP,620,1636738
Uttar Pradesh,2014,20,Firozabad,GEN,Khajan Singh,M,LD,LD,753,1636738
Uttar Pradesh,2014,20,Firozabad,GEN,Lakshmi Narayan,M,RJPK,RJPK,939,1636738
Uttar Pradesh,2014,20,Firozabad,GEN,Jay Prakash,M,SHS,SHS,1248,1636738
Uttar Pradesh,2014,20,Firozabad,GEN,Mirja Mukarram Baig,M,IND,IND,1470,1636738
Uttar Pradesh,2014,20,Firozabad,GEN,Rajveer,M,IND,IND,2425,1636738
Uttar Pradesh,2014,20,Firozabad,GEN,Rakesh Yadav,M,AAAP,AAAP,2808,1636738
Uttar Pradesh,2014,20,Firozabad,GEN,Shamsher Kha,M,PECP,PECP,3526,1636738
Uttar Pradesh,2014,20,Firozabad,GEN,Upendra Singh,M,BKPP,BKPP,3696,1636738
Uttar Pradesh,2014,20,Firozabad,GEN,None Of The Above,,NOTA,NOTA,4654,1636738
Uttar Pradesh,2014,20,Firozabad,GEN,Atul Chaturvedi,M,INC,INC,7447,1636738
Uttar Pradesh,2014,20,Firozabad,GEN,Th. Vishwadeep Singh,M,BSP,BSP,118909,1636738
Uttar Pradesh,2014,20,Firozabad,GEN,Prof. S.P. Singh Baghel,M,BJP,BJP,420524,1636738
Uttar Pradesh,2014,20,Firozabad,GEN,Akshay Yadav,M,SP,SP,534583,1636738
Uttar Pradesh,2014,21,Mainpuri,GEN,Shishupal Singh,M,BSCP,BSCP,561,1653058
Uttar Pradesh,2014,21,Mainpuri,GEN,Ashok Kumar,M,IND,IND,695,1653058
Uttar Pradesh,2014,21,Mainpuri,GEN,Satendra Veer Singh Chauhan,M,AIFB,AIFB,872,1653058
Uttar Pradesh,2014,21,Mainpuri,GEN,Mukesh Kumar,M,IND,IND,916,1653058
Uttar Pradesh,2014,21,Mainpuri,GEN,Rajeshwari,F,IND,IND,1746,1653058
Uttar Pradesh,2014,21,Mainpuri,GEN,Abu Nasim Pathan,M,PECP,PECP,2095,1653058
Uttar Pradesh,2014,21,Mainpuri,GEN,Hakim Singh,M,IND,IND,2279,1653058
Uttar Pradesh,2014,21,Mainpuri,GEN,Mukesh Kumar Shakya,M,IND,IND,2542,1653058
Uttar Pradesh,2014,21,Mainpuri,GEN,Baba Hardev Singh,M,AAAP,AAAP,5588,1653058
Uttar Pradesh,2014,21,Mainpuri,GEN,Alok Nandan,M,IND,IND,5645,1653058
Uttar Pradesh,2014,21,Mainpuri,GEN,None Of The Above,,NOTA,NOTA,6323,1653058
Uttar Pradesh,2014,21,Mainpuri,GEN,Dr. Sanghmitra Maurya,F,BSP,BSP,142833,1653058
Uttar Pradesh,2014,21,Mainpuri,GEN,Shatrughan Singh Chauhan,M,BJP,BJP,231252,1653058
Uttar Pradesh,2014,21,Mainpuri,GEN,Mulayam Singh Yadav,M,SP,SP,595918,1653058
Uttar Pradesh,2014,22,Etah,GEN,Rajendra,M,BRAVP,BRAVP,1021,1577457
Uttar Pradesh,2014,22,Etah,GEN,Danveer,M,IND,IND,1333,1577457
Uttar Pradesh,2014,22,Etah,GEN,Vinay,F,BSCP,BSCP,2008,1577457
Uttar Pradesh,2014,22,Etah,GEN,Thakur Hemendra Veer Singh,M,SSKP,SSKP,2034,1577457
Uttar Pradesh,2014,22,Etah,GEN,Hans Raj Singh,M,AAAP,AAAP,2186,1577457
Uttar Pradesh,2014,22,Etah,GEN,Rajveer Singh,M,IND,IND,5848,1577457
Uttar Pradesh,2014,22,Etah,GEN,None Of The Above,,NOTA,NOTA,6201,1577457
Uttar Pradesh,2014,22,Etah,GEN,Rakesh Gandhi,M,IND,IND,7123,1577457
Uttar Pradesh,2014,22,Etah,GEN,Th. Jogindra Singh Bhadoriya,M,MD,MD,12445,1577457
Uttar Pradesh,2014,22,Etah,GEN,Noor Mohammad Khan,M,BSP,BSP,137127,1577457
Uttar Pradesh,2014,22,Etah,GEN,Ku. Devendra Singh Yadav,M,SP,SP,273977,1577457
Uttar Pradesh,2014,22,Etah,GEN,Rajveer Singh (Raju Bhaiya),M,BJP,BJP,474978,1577457
Uttar Pradesh,2014,23,Badaun,GEN,Madan Lal,M,NP,NP,791,1769145
Uttar Pradesh,2014,23,Badaun,GEN,Virendra Pal Gupta,M,RVNP,RVNP,810,1769145
Uttar Pradesh,2014,23,Badaun,GEN,Mahendra Pal,M,BSCP,BSCP,860,1769145
Uttar Pradesh,2014,23,Badaun,GEN,Santosh Kumar Gupta (Satymargi),M,RPI(A),RPI(A),1448,1769145
Uttar Pradesh,2014,23,Badaun,GEN,Anil Kumar Sharma,M,LPI(V),LPI(V),1993,1769145
Uttar Pradesh,2014,23,Badaun,GEN,Reena,F,RSMD,RSMD,2065,1769145
Uttar Pradesh,2014,23,Badaun,GEN,Hema Mehra,F,AAAP,AAAP,2861,1769145
Uttar Pradesh,2014,23,Badaun,GEN,Ajeet Pal Singh,M,PECP,PECP,3421,1769145
Uttar Pradesh,2014,23,Badaun,GEN,Har Bhagwan,M,IND,IND,4083,1769145
Uttar Pradesh,2014,23,Badaun,GEN,Atul Kumar,M,IND,IND,4195,1769145
Uttar Pradesh,2014,23,Badaun,GEN,Munshi Lal,M,IND,IND,5651,1769145
Uttar Pradesh,2014,23,Badaun,GEN,Paglanand,M,MD,MD,5748,1769145
Uttar Pradesh,2014,23,Badaun,GEN,None Of The Above,,NOTA,NOTA,6286,1769145
Uttar Pradesh,2014,23,Badaun,GEN,Akmal Khan Urf Chaman,M,BSP,BSP,156973,1769145
Uttar Pradesh,2014,23,Badaun,GEN,Vagish Pathak,M,BJP,BJP,332031,1769145
Uttar Pradesh,2014,23,Badaun,GEN,Dharmendra Yadav,M,SP,SP,498378,1769145
Uttar Pradesh,2014,24,Aonla,GEN,Jitendra Singh Yadav,M,NAP,NAP,855,1653577
Uttar Pradesh,2014,24,Aonla,GEN,Om Veer,M,BRVP,BRVP,1152,1653577
Uttar Pradesh,2014,24,Aonla,GEN,Pramod Kumar Yadav,M,BKrD,BKrD,1189,1653577
Uttar Pradesh,2014,24,Aonla,GEN,Mohd. Zarrar Khan,M,BNIP,BNIP,1440,1653577
Uttar Pradesh,2014,24,Aonla,GEN,Naresh Singh Solanki,M,AAAP,AAAP,2304,1653577
Uttar Pradesh,2014,24,Aonla,GEN,Irshad Ansari Advocate,M,PECP,PECP,2697,1653577
Uttar Pradesh,2014,24,Aonla,GEN,Captain P.C. Sharma,M,JKM,JKM,2711,1653577
Uttar Pradesh,2014,24,Aonla,GEN,Arshadurraza Khan,M,IND,IND,3019,1653577
Uttar Pradesh,2014,24,Aonla,GEN,Yogendra Kumar Verma,M,ABHM,ABHM,4332,1653577
Uttar Pradesh,2014,24,Aonla,GEN,None Of The Above,,NOTA,NOTA,10496,1653577
Uttar Pradesh,2014,24,Aonla,GEN,Saleem Iqbal Shervani,M,INC,INC,93861,1653577
Uttar Pradesh,2014,24,Aonla,GEN,Sunita Shakya,F,BSP,BSP,190200,1653577
Uttar Pradesh,2014,24,Aonla,GEN,Kunwar Sarvraj Singh,M,SP,SP,271478,1653577
Uttar Pradesh,2014,24,Aonla,GEN,Dharmendra Kumar,M,BJP,BJP,409907,1653577
Uttar Pradesh,2014,25,Bareilly,GEN,Laeek Ahmad,M,NAP,NAP,719,1664081
Uttar Pradesh,2014,25,Bareilly,GEN,Javed Khan,M,IND,IND,964,1664081
Uttar Pradesh,2014,25,Bareilly,GEN,Lotan Singh Patel,M,IND,IND,1402,1664081
Uttar Pradesh,2014,25,Bareilly,GEN,Manoj Vikat,M,IND,IND,1567,1664081
Uttar Pradesh,2014,25,Bareilly,GEN,Kamal Kishore Engineer,M,IND,IND,1806,1664081
Uttar Pradesh,2014,25,Bareilly,GEN,Sayad Rashid Ali,M,IND,IND,1885,1664081
Uttar Pradesh,2014,25,Bareilly,GEN,Netram,M,IND,IND,2038,1664081
Uttar Pradesh,2014,25,Bareilly,GEN,Aslam Advocate,M,PECP,PECP,3338,1664081
Uttar Pradesh,2014,25,Bareilly,GEN,Sunil Kumar,M,AAAP,AAAP,3703,1664081
Uttar Pradesh,2014,25,Bareilly,GEN,None Of The Above,,NOTA,NOTA,6737,1664081
Uttar Pradesh,2014,25,Bareilly,GEN,Massarat Warsi (Pappu Bhai),M,CPI,CPI,7639,1664081
Uttar Pradesh,2014,25,Bareilly,GEN,Praveen Singh Aron,M,INC,INC,84213,1664081
Uttar Pradesh,2014,25,Bareilly,GEN,Umesh Gautam,M,BSP,BSP,106049,1664081
Uttar Pradesh,2014,25,Bareilly,GEN,Ayesha Islam,F,SP,SP,277573,1664081
Uttar Pradesh,2014,25,Bareilly,GEN,Santosh Kumar Gangwar,M,BJP,BJP,518258,1664081
Uttar Pradesh,2014,26,Pilibhit,GEN,Sanjay Kumar,M,NAP,NAP,1260,1671154
Uttar Pradesh,2014,26,Pilibhit,GEN,Araman Khan,M,IND,IND,2170,1671154
Uttar Pradesh,2014,26,Pilibhit,GEN,Mohd Naeem Ansari,M,IND,IND,2617,1671154
Uttar Pradesh,2014,26,Pilibhit,GEN,Nilima Sharma,F,PECP,PECP,2670,1671154
Uttar Pradesh,2014,26,Pilibhit,GEN,Ravindra Kumar Devnath,M,IND,IND,3145,1671154
Uttar Pradesh,2014,26,Pilibhit,GEN,Ram Autar,M,CPI(ML)(L),CPI(ML)(L),3187,1671154
Uttar Pradesh,2014,26,Pilibhit,GEN,Rajeev Agrawal,M,AAAP,AAAP,5547,1671154
Uttar Pradesh,2014,26,Pilibhit,GEN,Munesh Singh,M,IND,IND,6151,1671154
Uttar Pradesh,2014,26,Pilibhit,GEN,None Of The Above,,NOTA,NOTA,11521,1671154
Uttar Pradesh,2014,26,Pilibhit,GEN,Sanjay Kapoor,M,INC,INC,29169,1671154
Uttar Pradesh,2014,26,Pilibhit,GEN,Anis Ahmad Khan Alias Phool Babu,M,BSP,BSP,196294,1671154
Uttar Pradesh,2014,26,Pilibhit,GEN,Budhsen Verma,M,SP,SP,239882,1671154
Uttar Pradesh,2014,26,Pilibhit,GEN,Maneka Sanjay Gandhi,F,BJP,BJP,546934,1671154
Uttar Pradesh,2014,27,Shahjahanpur,SC,Mevaram,M,NAP,NAP,1105,1979294
Uttar Pradesh,2014,27,Shahjahanpur,SC,Pyare Alias Rajkumar Gautam,M,VIP,VIP,1378,1979294
Uttar Pradesh,2014,27,Shahjahanpur,SC,Rammurti,M,BKrD,BKrD,1384,1979294
Uttar Pradesh,2014,27,Shahjahanpur,SC,Ramlal Verma,M,BMUP,BMUP,1613,1979294
Uttar Pradesh,2014,27,Shahjahanpur,SC,Rakesh,M,IND,IND,2522,1979294
Uttar Pradesh,2014,27,Shahjahanpur,SC,Kishan Lal,M,LD,LD,2790,1979294
Uttar Pradesh,2014,27,Shahjahanpur,SC,Smt Reeta Singh Alias Reeta Bharti,F,AAAP,AAAP,3610,1979294
Uttar Pradesh,2014,27,Shahjahanpur,SC,Roshan Lal Alias Roshan Kanaujiya,M,IND,IND,7871,1979294
Uttar Pradesh,2014,27,Shahjahanpur,SC,None Of The Above,,NOTA,NOTA,9964,1979294
Uttar Pradesh,2014,27,Shahjahanpur,SC,Sunita Sujata Nagpal,F,PECP,PECP,12945,1979294
Uttar Pradesh,2014,27,Shahjahanpur,SC,Chetram,M,INC,INC,27011,1979294
Uttar Pradesh,2014,27,Shahjahanpur,SC,Mithilesh Kumar,M,SP,SP,242913,1979294
Uttar Pradesh,2014,27,Shahjahanpur,SC,Umed Singh Kashyap,M,BSP,BSP,289603,1979294
Uttar Pradesh,2014,27,Shahjahanpur,SC,Krishna Raj,F,BJP,BJP,525132,1979294
Uttar Pradesh,2014,28,Kheri,GEN,Ramgopal Mishra,M,IND,IND,2608,1679466
Uttar Pradesh,2014,28,Kheri,GEN,Dinesh Kumar,M,BMUP,BMUP,2861,1679466
Uttar Pradesh,2014,28,Kheri,GEN,Ashraf Ali,M,PECP,PECP,3124,1679466
Uttar Pradesh,2014,28,Kheri,GEN,Ashok,M,AAAP,AAAP,3165,1679466
Uttar Pradesh,2014,28,Kheri,GEN,Krishna Adhikari,F,CPI(ML)(L),CPI(ML)(L),3230,1679466
Uttar Pradesh,2014,28,Kheri,GEN,Rameshwari,F,IND,IND,3514,1679466
Uttar Pradesh,2014,28,Kheri,GEN,None Of The Above,,NOTA,NOTA,12031,1679466
Uttar Pradesh,2014,28,Kheri,GEN,Vipnesh,M,CPI,CPI,16401,1679466
Uttar Pradesh,2014,28,Kheri,GEN,Ravi Prakash Verma,M,SP,SP,160112,1679466
Uttar Pradesh,2014,28,Kheri,GEN,Zafar Ali Naqvi,M,INC,INC,183940,1679466
Uttar Pradesh,2014,28,Kheri,GEN,Arvind Giri,M,BSP,BSP,288304,1679466
Uttar Pradesh,2014,28,Kheri,GEN,Ajay Kumar,M,BJP,BJP,398578,1679466
Uttar Pradesh,2014,29,Dhaurahra,GEN,Rajendra Kumar Singh,M,PECP,PECP,1730,1558041
Uttar Pradesh,2014,29,Dhaurahra,GEN,Mala Devi,F,VIP,VIP,1929,1558041
Uttar Pradesh,2014,29,Dhaurahra,GEN,Ram Bali,M,CPIM,CPIM,2144,1558041
Uttar Pradesh,2014,29,Dhaurahra,GEN,Kirti Singh,F,SHS,SHS,2788,1558041
Uttar Pradesh,2014,29,Dhaurahra,GEN,Vijay Kumar Tiwari,M,IND,IND,3333,1558041
Uttar Pradesh,2014,29,Dhaurahra,GEN,Swami Dayal,M,IND,IND,3491,1558041
Uttar Pradesh,2014,29,Dhaurahra,GEN,Vivek Mishra,M,NAP,NAP,3745,1558041
Uttar Pradesh,2014,29,Dhaurahra,GEN,Sukhvindra Singh,M,NBDP,NBDP,4021,1558041
Uttar Pradesh,2014,29,Dhaurahra,GEN,Ajay Verma,M,BJKD,BJKD,6144,1558041
Uttar Pradesh,2014,29,Dhaurahra,GEN,None Of The Above,,NOTA,NOTA,8138,1558041
Uttar Pradesh,2014,29,Dhaurahra,GEN,Anand Kumar,M,NCP,NCP,9967,1558041
Uttar Pradesh,2014,29,Dhaurahra,GEN,Lekhraj,M,AITC,AITC,12776,1558041
Uttar Pradesh,2014,29,Dhaurahra,GEN,Kuwar Jitin Prasad,M,INC,INC,170994,1558041
Uttar Pradesh,2014,29,Dhaurahra,GEN,Anand Bhadauriya,M,SP,SP,234032,1558041
Uttar Pradesh,2014,29,Dhaurahra,GEN,Daud Ahmad,M,BSP,BSP,234682,1558041
Uttar Pradesh,2014,29,Dhaurahra,GEN,Rekha,F,BJP,BJP,360357,1558041
Uttar Pradesh,2014,30,Sitapur,GEN,Sant Kumar,M,CPIM,CPIM,1544,1550263
Uttar Pradesh,2014,30,Sitapur,GEN,Chaudhary Lal Baghel,M,BMUP,BMUP,1992,1550263
Uttar Pradesh,2014,30,Sitapur,GEN,Eraj Beg,M,NEP,NEP,2195,1550263
Uttar Pradesh,2014,30,Sitapur,GEN,R. K. Misra,M,NBDP,NBDP,2205,1550263
Uttar Pradesh,2014,30,Sitapur,GEN,Shefali Misra,F,AAAP,AAAP,2319,1550263
Uttar Pradesh,2014,30,Sitapur,GEN,Sanjay Tiwari,M,NAP,NAP,2373,1550263
Uttar Pradesh,2014,30,Sitapur,GEN,Ram Avtar Nishad,M,jhspt,jhspt,2504,1550263
Uttar Pradesh,2014,30,Sitapur,GEN,Jagmohan Singh Verma,M,AIFB,AIFB,2550,1550263
Uttar Pradesh,2014,30,Sitapur,GEN,Pushpa Devi,F,IND,IND,3575,1550263
Uttar Pradesh,2014,30,Sitapur,GEN,Turab Ali,M,IND,IND,6646,1550263
Uttar Pradesh,2014,30,Sitapur,GEN,Jagdish Narayan Shukla,M,AITC,AITC,8089,1550263
Uttar Pradesh,2014,30,Sitapur,GEN,Suchita Kumar,F,IND,IND,8959,1550263
Uttar Pradesh,2014,30,Sitapur,GEN,None Of The Above,,NOTA,NOTA,12682,1550263
Uttar Pradesh,2014,30,Sitapur,GEN,Vaishali Ali,F,INC,INC,29104,1550263
Uttar Pradesh,2014,30,Sitapur,GEN,Bharat Tripathi,M,SP,SP,156170,1550263
Uttar Pradesh,2014,30,Sitapur,GEN,Kaiser Jahan,F,BSP,BSP,366519,1550263
Uttar Pradesh,2014,30,Sitapur,GEN,Rajesh Verma,M,BJP,BJP,417546,1550263
Uttar Pradesh,2014,31,Hardoi,SC,Sanjay Kumar,M,BKrD,BKrD,830,1714388
Uttar Pradesh,2014,31,Hardoi,SC,Ramlakhan Gautam,M,ISSP,ISSP,834,1714388
Uttar Pradesh,2014,31,Hardoi,SC,Santram,M,BMUP,BMUP,1296,1714388
Uttar Pradesh,2014,31,Hardoi,SC,Rampal,M,IND,IND,1326,1714388
Uttar Pradesh,2014,31,Hardoi,SC,Ramdayal,M,PECP,PECP,1576,1714388
Uttar Pradesh,2014,31,Hardoi,SC,Hira Lal Verma,M,AAAP,AAAP,1669,1714388
Uttar Pradesh,2014,31,Hardoi,SC,Chandrapal,M,BRPP,BRPP,2003,1714388
Uttar Pradesh,2014,31,Hardoi,SC,Saroj Kumar,M,IND,IND,3287,1714388
Uttar Pradesh,2014,31,Hardoi,SC,Sunil Bharti,M,IND,IND,4045,1714388
Uttar Pradesh,2014,31,Hardoi,SC,Sarvesh,M,IND,IND,4130,1714388
Uttar Pradesh,2014,31,Hardoi,SC,Shivekumar,M,IND,IND,4740,1714388
Uttar Pradesh,2014,31,Hardoi,SC,None Of The Above,,NOTA,NOTA,7660,1714388
Uttar Pradesh,2014,31,Hardoi,SC,Sarvesh Kumar,M,INC,INC,23298,1714388
Uttar Pradesh,2014,31,Hardoi,SC,Usha Verma,F,SP,SP,276543,1714388
Uttar Pradesh,2014,31,Hardoi,SC,Shive Prasad Verma,M,BSP,BSP,279158,1714388
Uttar Pradesh,2014,31,Hardoi,SC,Anshul Verma,M,BJP,BJP,360501,1714388
Uttar Pradesh,2014,32,Misrikh,SC,Mansharam Gautam,M,CPIM,CPIM,704,1725589
Uttar Pradesh,2014,32,Misrikh,SC,Nagpal,M,BKrD,BKrD,847,1725589
Uttar Pradesh,2014,32,Misrikh,SC,Rajesh Kumar S/O Babooram,M,IND,IND,951,1725589
Uttar Pradesh,2014,32,Misrikh,SC,Harinam,M,SP(I),SP(I),1003,1725589
Uttar Pradesh,2014,32,Misrikh,SC,Rajesh Kumar S/O Parmeshwar Deen,M,BRPP,BRPP,1158,1725589
Uttar Pradesh,2014,32,Misrikh,SC,Shabnum,F,IND,IND,1785,1725589
Uttar Pradesh,2014,32,Misrikh,SC,Rampal,M,IND,IND,2234,1725589
Uttar Pradesh,2014,32,Misrikh,SC,Kanedi,M,BMUP,BMUP,2773,1725589
Uttar Pradesh,2014,32,Misrikh,SC,Swadesh Kumar,M,IND,IND,2970,1725589
Uttar Pradesh,2014,32,Misrikh,SC,Hans Mukhi Katheria,F,IND,IND,8635,1725589
Uttar Pradesh,2014,32,Misrikh,SC,None Of The Above,,NOTA,NOTA,9633,1725589
Uttar Pradesh,2014,32,Misrikh,SC,Om Prakash,M,INC,INC,33075,1725589
Uttar Pradesh,2014,32,Misrikh,SC,Jai Prakash,M,SP,SP,194759,1725589
Uttar Pradesh,2014,32,Misrikh,SC,Ashok Kumar Rawat,M,BSP,BSP,325212,1725589
Uttar Pradesh,2014,32,Misrikh,SC,Anju Bala,F,BJP,BJP,412575,1725589
Uttar Pradesh,2014,33,Unnao,GEN,Roop Narayan Singh,M,BSCP,BSCP,1818,2164392
Uttar Pradesh,2014,33,Unnao,GEN,Anil Kumar Mishra,M,SP(I),SP(I),1881,2164392
Uttar Pradesh,2014,33,Unnao,GEN,Shalu Dharmendra Yadav,F,SARP,SARP,2440,2164392
Uttar Pradesh,2014,33,Unnao,GEN,Chetram Pasi,M,RPI(A),RPI(A),2592,2164392
Uttar Pradesh,2014,33,Unnao,GEN,Rakesh Kumar,M,BMUP,BMUP,2771,2164392
Uttar Pradesh,2014,33,Unnao,GEN,Anil Kumar,M,IND,IND,3214,2164392
Uttar Pradesh,2014,33,Unnao,GEN,Sumit Tewari,M,NBDP,NBDP,3398,2164392
Uttar Pradesh,2014,33,Unnao,GEN,Shivnath,M,IND,IND,3472,2164392
Uttar Pradesh,2014,33,Unnao,GEN,Shivkant,M,IND,IND,3978,2164392
Uttar Pradesh,2014,33,Unnao,GEN,Rajnikant,M,IND,IND,3987,2164392
Uttar Pradesh,2014,33,Unnao,GEN,Mohammad Amir Khan,M,IND,IND,4148,2164392
Uttar Pradesh,2014,33,Unnao,GEN,Arvind Kumar,M,AAAP,AAAP,4214,2164392
Uttar Pradesh,2014,33,Unnao,GEN,Sukhdev,M,MwSP,MwSP,4401,2164392
Uttar Pradesh,2014,33,Unnao,GEN,None Of The Above,,NOTA,NOTA,4626,2164392
Uttar Pradesh,2014,33,Unnao,GEN,Akhilesh Kumar,M,CPIM,CPIM,5128,2164392
Uttar Pradesh,2014,33,Unnao,GEN,Girja Shankar @ Raju,M,SWPI,SWPI,5871,2164392
Uttar Pradesh,2014,33,Unnao,GEN,Rameshwar,M,IND,IND,9277,2164392
Uttar Pradesh,2014,33,Unnao,GEN,Anil Kumar Chaudhary,M,IND,IND,9618,2164392
Uttar Pradesh,2014,33,Unnao,GEN,Annu Tandon,F,INC,INC,197098,2164392
Uttar Pradesh,2014,33,Unnao,GEN,Brajesh Pathak,M,BSP,BSP,200176,2164392
Uttar Pradesh,2014,33,Unnao,GEN,Arun Shankar Shukla,M,SP,SP,208661,2164392
Uttar Pradesh,2014,33,Unnao,GEN,Sakshi Maharaj,M,BJP,BJP,518834,2164392
Uttar Pradesh,2014,34,Mohanlalganj,SC,Om Prakash,M,PECP,PECP,1427,1838194
Uttar Pradesh,2014,34,Mohanlalganj,SC,Jagdish Prasad Gautam,M,MwSP,MwSP,1494,1838194
Uttar Pradesh,2014,34,Mohanlalganj,SC,Mahendra Kumar Rawat,M,ASaP,ASaP,1617,1838194
Uttar Pradesh,2014,34,Mohanlalganj,SC,Brijlal,M,SARP,SARP,1632,1838194
Uttar Pradesh,2014,34,Mohanlalganj,SC,Meena Rawat,F,NAP,NAP,1782,1838194
Uttar Pradesh,2014,34,Mohanlalganj,SC,Gopal Kanaujiya,M,RPI(A),RPI(A),1826,1838194
Uttar Pradesh,2014,34,Mohanlalganj,SC,Gautam Bharti,M,RRP,RRP,2225,1838194
Uttar Pradesh,2014,34,Mohanlalganj,SC,Meera Devi,F,MaSPa,MaSPa,2425,1838194
Uttar Pradesh,2014,34,Mohanlalganj,SC,Shatrohanlal Rawat,M,IND,IND,4214,1838194
Uttar Pradesh,2014,34,Mohanlalganj,SC,Santosh Kumar Dharkar,M,INL,INL,4280,1838194
Uttar Pradesh,2014,34,Mohanlalganj,SC,None Of The Above,,NOTA,NOTA,4708,1838194
Uttar Pradesh,2014,34,Mohanlalganj,SC,Amit Rawat,M,AITC,AITC,5115,1838194
Uttar Pradesh,2014,34,Mohanlalganj,SC,Reena Chaudhary,F,IND,IND,6304,1838194
Uttar Pradesh,2014,34,Mohanlalganj,SC,Mahesh Kumar,M,IND,IND,7412,1838194
Uttar Pradesh,2014,34,Mohanlalganj,SC,Sunil Gautam,M,AAAP,AAAP,10031,1838194
Uttar Pradesh,2014,34,Mohanlalganj,SC,Narendra Gautam,M,INC,INC,52598,1838194
Uttar Pradesh,2014,34,Mohanlalganj,SC,Sushila Saroj,F,SP,SP,242366,1838194
Uttar Pradesh,2014,34,Mohanlalganj,SC,R.K Chaudhary,M,BSP,BSP,309858,1838194
Uttar Pradesh,2014,34,Mohanlalganj,SC,Kaushal Kishore,M,BJP,BJP,455274,1838194
Uttar Pradesh,2014,35,Lucknow,GEN,Ghanshyam Singh,M,IND,IND,282,1949956
Uttar Pradesh,2014,35,Lucknow,GEN,Yogesh Chandra Bhatt,M,IND,IND,337,1949956
Uttar Pradesh,2014,35,Lucknow,GEN,Rabi Dubey,M,NEP,NEP,361,1949956
Uttar Pradesh,2014,35,Lucknow,GEN,Adarsh Shastri,M,IND,IND,389,1949956
Uttar Pradesh,2014,35,Lucknow,GEN,Rajeev Ranjan Tiwari Alias Raj Behari,M,IND,IND,390,1949956
Uttar Pradesh,2014,35,Lucknow,GEN,Vinay Prakash Mishra,M,IND,IND,441,1949956
Uttar Pradesh,2014,35,Lucknow,GEN,Nand Kumar Lodhi Rajpoot,M,RKSP,RKSP,445,1949956
Uttar Pradesh,2014,35,Lucknow,GEN,Ramphal Rawat,M,BHNKP,BHNKP,502,1949956
Uttar Pradesh,2014,35,Lucknow,GEN,Raj Kumar Singh,M,NYP,NYP,523,1949956
Uttar Pradesh,2014,35,Lucknow,GEN,Radha Krishnan,M,UPRP,UPRP,542,1949956
Uttar Pradesh,2014,35,Lucknow,GEN,Manoj Singh,M,IND,IND,572,1949956
Uttar Pradesh,2014,35,Lucknow,GEN,Vijay Bahadur Singh,M,MwSP,MwSP,575,1949956
Uttar Pradesh,2014,35,Lucknow,GEN,Shailendra Singh Yadav,M,IND,IND,608,1949956
Uttar Pradesh,2014,35,Lucknow,GEN,Padam Chandra Gupta,M,IND,IND,661,1949956
Uttar Pradesh,2014,35,Lucknow,GEN,Hari Ram Alias Haribhai Patel,M,SPP,SPP,694,1949956
Uttar Pradesh,2014,35,Lucknow,GEN,Subhash Chandra Lehri,M,IND,IND,719,1949956
Uttar Pradesh,2014,35,Lucknow,GEN,Tara Patkar,M,SWPI,SWPI,743,1949956
Uttar Pradesh,2014,35,Lucknow,GEN,Sunil Singh,M,LD,LD,849,1949956
Uttar Pradesh,2014,35,Lucknow,GEN,Shishu Pal Yadav,M,RVLP,RVLP,851,1949956
Uttar Pradesh,2014,35,Lucknow,GEN,Asok Pande,M,IND,IND,930,1949956
Uttar Pradesh,2014,35,Lucknow,GEN,Syed Ali Husain,M,IND,IND,1100,1949956
Uttar Pradesh,2014,35,Lucknow,GEN,Sanjeev Mehrotra Alias Pikku Bhai,M,BKP,BKP,1174,1949956
Uttar Pradesh,2014,35,Lucknow,GEN,Mohd. Sarwar Malik,M,AITC,AITC,1486,1949956
Uttar Pradesh,2014,35,Lucknow,GEN,Suman Verma,F,BSCP,BSCP,1901,1949956
Uttar Pradesh,2014,35,Lucknow,GEN,None Of The Above,,NOTA,NOTA,4696,1949956
Uttar Pradesh,2014,35,Lucknow,GEN,Syed Javed Ahmed Jafri,M,AAAP,AAAP,41429,1949956
Uttar Pradesh,2014,35,Lucknow,GEN,Abhishek Misra,M,SP,SP,56771,1949956
Uttar Pradesh,2014,35,Lucknow,GEN,Nakul Dubey,M,BSP,BSP,64449,1949956
Uttar Pradesh,2014,35,Lucknow,GEN,Prof. Rita Bahuguna Joshi,F,INC,INC,288357,1949956
Uttar Pradesh,2014,35,Lucknow,GEN,Raj Nath Singh,M,BJP,BJP,561106,1949956
Uttar Pradesh,2014,36,Rae Bareli,GEN,Jawahar Lal,M,NJC,NJC,1463,1594954
Uttar Pradesh,2014,36,Rae Bareli,GEN,Shiv Sewak,M,RAHM,RAHM,1493,1594954
Uttar Pradesh,2014,36,Rae Bareli,GEN,Mohammad Ashraf,M,VIP,VIP,1586,1594954
Uttar Pradesh,2014,36,Rae Bareli,GEN,Ratiram,M,SARP,SARP,1661,1594954
Uttar Pradesh,2014,36,Rae Bareli,GEN,Sahar Naqvi,F,LD,LD,2108,1594954
Uttar Pradesh,2014,36,Rae Bareli,GEN,Kailash Kumar,M,HKRD,HKRD,2645,1594954
Uttar Pradesh,2014,36,Rae Bareli,GEN,Suresh Chandra,M,MwSP,MwSP,3330,1594954
Uttar Pradesh,2014,36,Rae Bareli,GEN,Anju Singh,F,AITC,AITC,3507,1594954
Uttar Pradesh,2014,36,Rae Bareli,GEN,Sahadat Ali Khan,M,IND,IND,3538,1594954
Uttar Pradesh,2014,36,Rae Bareli,GEN,Mangal Sain,M,IND,IND,4418,1594954
Uttar Pradesh,2014,36,Rae Bareli,GEN,Kiran Chaudhari,F,BMUP,BMUP,5205,1594954
Uttar Pradesh,2014,36,Rae Bareli,GEN,None Of The Above,,NOTA,NOTA,5409,1594954
Uttar Pradesh,2014,36,Rae Bareli,GEN,Pramod Kureel,M,IND,IND,6688,1594954
Uttar Pradesh,2014,36,Rae Bareli,GEN,Shakil Ahamad,M,IND,IND,7914,1594954
Uttar Pradesh,2014,36,Rae Bareli,GEN,Archana Srivastava,F,AAAP,AAAP,10383,1594954
Uttar Pradesh,2014,36,Rae Bareli,GEN,Pravesh Singh,M,BSP,BSP,63633,1594954
Uttar Pradesh,2014,36,Rae Bareli,GEN,Ajay Agrawal,M,BJP,BJP,173721,1594954
Uttar Pradesh,2014,36,Rae Bareli,GEN,Sonia Gandhi,F,INC,INC,526434,1594954
Uttar Pradesh,2014,37,Amethi,GEN,Sanjay Kumar,M,IND,IND,1015,1669843
Uttar Pradesh,2014,37,Amethi,GEN,Jagat Singh Chaudhary,M,IND,IND,1043,1669843
Uttar Pradesh,2014,37,Amethi,GEN,Ravi Kumar,M,MBCOI,MBCOI,1064,1669843
Uttar Pradesh,2014,37,Amethi,GEN,Ram Newaj,M,PMSP,PMSP,1140,1669843
Uttar Pradesh,2014,37,Amethi,GEN,Sonam Kinnar,O,IND,IND,1252,1669843
Uttar Pradesh,2014,37,Amethi,GEN,Naresh Singh Bhadauriya,M,IND,IND,1255,1669843
Uttar Pradesh,2014,37,Amethi,GEN,Bhagwan Deen,M,IND,IND,1299,1669843
Uttar Pradesh,2014,37,Amethi,GEN,Gangesh Kumar Gupta,M,IND,IND,1307,1669843
Uttar Pradesh,2014,37,Amethi,GEN,Zahida Begam,F,PECP,PECP,1387,1669843
Uttar Pradesh,2014,37,Amethi,GEN,Ram Asrey,M,RaMSP,RaMSP,1572,1669843
Uttar Pradesh,2014,37,Amethi,GEN,Babu Lal,M,BMUP,BMUP,1617,1669843
Uttar Pradesh,2014,37,Amethi,GEN,Radhe Mohan,M,ssrd,ssrd,1753,1669843
Uttar Pradesh,2014,37,Amethi,GEN,None Of The Above,,NOTA,NOTA,1784,1669843
Uttar Pradesh,2014,37,Amethi,GEN,C L Maurya,M,PGSP,PGSP,1871,1669843
Uttar Pradesh,2014,37,Amethi,GEN,Ramsiddh Yadav,M,MwSP,MwSP,2189,1669843
Uttar Pradesh,2014,37,Amethi,GEN,Jitendra Singh,M,IND,IND,2201,1669843
Uttar Pradesh,2014,37,Amethi,GEN,Shiv Kumar,M,IND,IND,2289,1669843
Uttar Pradesh,2014,37,Amethi,GEN,Dwarika Prasad,M,IND,IND,2345,1669843
Uttar Pradesh,2014,37,Amethi,GEN,Ram Sajiwan,M,IND,IND,2384,1669843
Uttar Pradesh,2014,37,Amethi,GEN,Girija Baks,M,IND,IND,2454,1669843
Uttar Pradesh,2014,37,Amethi,GEN,Vasdeo,M,CPIM,CPIM,2546,1669843
Uttar Pradesh,2014,37,Amethi,GEN,Mithilesh Kumari,F,IND,IND,2726,1669843
Uttar Pradesh,2014,37,Amethi,GEN,Lal Bahadur,M,IND,IND,2845,1669843
Uttar Pradesh,2014,37,Amethi,GEN,Umakant,M,IND,IND,3305,1669843
Uttar Pradesh,2014,37,Amethi,GEN,Chhaya Singh,F,AITC,AITC,4109,1669843
Uttar Pradesh,2014,37,Amethi,GEN,Mohd Hasan Lahri,M,QED,QED,4457,1669843
Uttar Pradesh,2014,37,Amethi,GEN,Tulsiram,M,IND,IND,4884,1669843
Uttar Pradesh,2014,37,Amethi,GEN,Gopal Swaroop Gandhi,M,KMBS,KMBS,5467,1669843
Uttar Pradesh,2014,37,Amethi,GEN,Swaminath,M,IND,IND,5537,1669843
Uttar Pradesh,2014,37,Amethi,GEN,Ramesh Chandra,M,IND,IND,6422,1669843
Uttar Pradesh,2014,37,Amethi,GEN,Vedpal Shasatri,M,VIP,VIP,6464,1669843
Uttar Pradesh,2014,37,Amethi,GEN,Dr. Kumar Vishvas,M,AAAP,AAAP,25527,1669843
Uttar Pradesh,2014,37,Amethi,GEN,Dharmendra Pratap Singh,M,BSP,BSP,57716,1669843
Uttar Pradesh,2014,37,Amethi,GEN,Smriti Irani,F,BJP,BJP,300748,1669843
Uttar Pradesh,2014,37,Amethi,GEN,Rahul Gandhi,M,INC,INC,408651,1669843
Uttar Pradesh,2014,38,Sultanpur,GEN,Shiv Shankar,M,MBCOI,MBCOI,1601,1703698
Uttar Pradesh,2014,38,Sultanpur,GEN,Mohd Shamim,M,QED,QED,1637,1703698
Uttar Pradesh,2014,38,Sultanpur,GEN,Ram Milan,M,BMUP,BMUP,1887,1703698
Uttar Pradesh,2014,38,Sultanpur,GEN,Sartaj Khan,M,ADPT,ADPT,2363,1703698
Uttar Pradesh,2014,38,Sultanpur,GEN,Pitambar Nishad,M,PMSP,PMSP,2737,1703698
Uttar Pradesh,2014,38,Sultanpur,GEN,Dr. Nafees Ahmad,M,RaIP,RaIP,3381,1703698
Uttar Pradesh,2014,38,Sultanpur,GEN,Girish Lal,M,SBSP,SBSP,3804,1703698
Uttar Pradesh,2014,38,Sultanpur,GEN,Vijay,M,IND,IND,4630,1703698
Uttar Pradesh,2014,38,Sultanpur,GEN,None Of The Above,,NOTA,NOTA,5412,1703698
Uttar Pradesh,2014,38,Sultanpur,GEN,Brijesh Kumar,M,IND,IND,5752,1703698
Uttar Pradesh,2014,38,Sultanpur,GEN,Shailendra Pratap Singh,M,AAAP,AAAP,5835,1703698
Uttar Pradesh,2014,38,Sultanpur,GEN,Varun Gandhi,M,IND,IND,14021,1703698
Uttar Pradesh,2014,38,Sultanpur,GEN,Ameeta Singh,F,INC,INC,41983,1703698
Uttar Pradesh,2014,38,Sultanpur,GEN,Shakeel Ahmed,M,SP,SP,228144,1703698
Uttar Pradesh,2014,38,Sultanpur,GEN,Pawan Pandey,M,BSP,BSP,231446,1703698
Uttar Pradesh,2014,38,Sultanpur,GEN,Feroze Varun Gandhi,M,BJP,BJP,410348,1703698
Uttar Pradesh,2014,39,Pratapgarh,GEN,Rajendra Sharma,M,RshJP,RshJP,1571,1716394
Uttar Pradesh,2014,39,Pratapgarh,GEN,Foolchandra,M,SHS,SHS,1859,1716394
Uttar Pradesh,2014,39,Pratapgarh,GEN,Bal Krishna,M,JD(U),JD(U),2160,1716394
Uttar Pradesh,2014,39,Pratapgarh,GEN,Sheshnath,M,SUCI,SUCI,2458,1716394
Uttar Pradesh,2014,39,Pratapgarh,GEN,Nirmala Devi,F,BaVaP,BaVaP,2766,1716394
Uttar Pradesh,2014,39,Pratapgarh,GEN,Kiran Mishra,F,IND,IND,3002,1716394
Uttar Pradesh,2014,39,Pratapgarh,GEN,Ajmal Khan,M,IND,IND,3342,1716394
Uttar Pradesh,2014,39,Pratapgarh,GEN,Ram Sewak,M,BMUP,BMUP,4207,1716394
Uttar Pradesh,2014,39,Pratapgarh,GEN,Harivansh,M,IND,IND,5618,1716394
Uttar Pradesh,2014,39,Pratapgarh,GEN,Santosh Kumar Singh,M,AITC,AITC,6309,1716394
Uttar Pradesh,2014,39,Pratapgarh,GEN,None Of The Above,,NOTA,NOTA,9098,1716394
Uttar Pradesh,2014,39,Pratapgarh,GEN,"Ashok Shukla "" Senani""",M,AAAP,AAAP,9983,1716394
Uttar Pradesh,2014,39,Pratapgarh,GEN,Pramod Kumar Singh Patel,M,SP,SP,120107,1716394
Uttar Pradesh,2014,39,Pratapgarh,GEN,Rajkumari Ratna Singh,F,INC,INC,138620,1716394
Uttar Pradesh,2014,39,Pratapgarh,GEN,Asif Nizamuddin Siddique,M,BSP,BSP,207567,1716394
Uttar Pradesh,2014,39,Pratapgarh,GEN,Kuwar Harivansh Singh,M,AD,AD,375789,1716394
Uttar Pradesh,2014,40,Farrukhabad,GEN,Ramniwas Katheria,M,BMUP,BMUP,941,1613781
Uttar Pradesh,2014,40,Farrukhabad,GEN,Suresh Saraswat Alais Illaychiwala,M,IND,IND,1013,1613781
Uttar Pradesh,2014,40,Farrukhabad,GEN,Anokhey Lal,M,IND,IND,1202,1613781
Uttar Pradesh,2014,40,Farrukhabad,GEN,Imamuddin Husain Husain,M,IND,IND,1537,1613781
Uttar Pradesh,2014,40,Farrukhabad,GEN,Anurag Rajput,M,IND,IND,1605,1613781
Uttar Pradesh,2014,40,Farrukhabad,GEN,Vrahma Saran Jatav,M,IND,IND,1809,1613781
Uttar Pradesh,2014,40,Farrukhabad,GEN,Tarik Parvez,M,AAAP,AAAP,1857,1613781
Uttar Pradesh,2014,40,Farrukhabad,GEN,Daya Shankar,M,ARVP,ARVP,1864,1613781
Uttar Pradesh,2014,40,Farrukhabad,GEN,None Of The Above,,NOTA,NOTA,1986,1613781
Uttar Pradesh,2014,40,Farrukhabad,GEN,Anshu Mahan,M,IND,IND,2066,1613781
Uttar Pradesh,2014,40,Farrukhabad,GEN,Krishan Kumar Dixit Alias K. K. Dixit,M,RVLP,RVLP,2107,1613781
Uttar Pradesh,2014,40,Farrukhabad,GEN,Vimla Devi,F,IND,IND,2140,1613781
Uttar Pradesh,2014,40,Farrukhabad,GEN,Anju,F,BSCP,BSCP,2254,1613781
Uttar Pradesh,2014,40,Farrukhabad,GEN,Mukesh Rajput,M,IND,IND,2420,1613781
Uttar Pradesh,2014,40,Farrukhabad,GEN,Mo. Tamajid,M,PECP,PECP,2655,1613781
Uttar Pradesh,2014,40,Farrukhabad,GEN,Kishan Pal Singh,M,IND,IND,2933,1613781
Uttar Pradesh,2014,40,Farrukhabad,GEN,Malikhan Singh Advocate,M,IND,IND,4659,1613781
Uttar Pradesh,2014,40,Farrukhabad,GEN,Ram Kishore Diwedi,M,IND,IND,4974,1613781
Uttar Pradesh,2014,40,Farrukhabad,GEN,Sachin Singh Yadav,M,IND,IND,58703,1613781
Uttar Pradesh,2014,40,Farrukhabad,GEN,Salman Khurshid,M,INC,INC,95543,1613781
Uttar Pradesh,2014,40,Farrukhabad,GEN,Jaiveer Singh,M,BSP,BSP,114521,1613781
Uttar Pradesh,2014,40,Farrukhabad,GEN,Rameshwar Singh Yadav,M,SP,SP,255693,1613781
Uttar Pradesh,2014,40,Farrukhabad,GEN,Mukesh Rajput,M,BJP,BJP,406195,1613781
Uttar Pradesh,2014,41,Etawah,SC,Siya Ram Paswan,M,ALHP,ALHP,1788,1707237
Uttar Pradesh,2014,41,Etawah,SC,Prem Chandra,M,KMBS,KMBS,2372,1707237
Uttar Pradesh,2014,41,Etawah,SC,Har Bilash Dohery,M,BMUP,BMUP,2677,1707237
Uttar Pradesh,2014,41,Etawah,SC,Dr Mukesh Singh Dohare,M,PECP,PECP,3178,1707237
Uttar Pradesh,2014,41,Etawah,SC,Vineet Kumar Gautam,M,ASP,ASP,4954,1707237
Uttar Pradesh,2014,41,Etawah,SC,Ujiyare Lal Dohare,M,AAAP,AAAP,5923,1707237
Uttar Pradesh,2014,41,Etawah,SC,None Of The Above,,NOTA,NOTA,6165,1707237
Uttar Pradesh,2014,41,Etawah,SC,Hans Mukhi Kori,F,INC,INC,13397,1707237
Uttar Pradesh,2014,41,Etawah,SC,Ajay Pal Singh Jatav,M,BSP,BSP,192804,1707237
Uttar Pradesh,2014,41,Etawah,SC,Premdas Kateriya,M,SP,SP,266700,1707237
Uttar Pradesh,2014,41,Etawah,SC,Ashok Kumar Doharey,M,BJP,BJP,439646,1707237
Uttar Pradesh,2014,42,Kannauj,GEN,Pushpa Devi,F,BSCP,BSCP,806,1808886
Uttar Pradesh,2014,42,Kannauj,GEN,Surendra Nath,M,BMUP,BMUP,888,1808886
Uttar Pradesh,2014,42,Kannauj,GEN,Subodh Kumar,M,PECP,PECP,927,1808886
Uttar Pradesh,2014,42,Kannauj,GEN,Pradeep Kumar,M,IND,IND,964,1808886
Uttar Pradesh,2014,42,Kannauj,GEN,Ganga Charan,M,RTKP,RTKP,1282,1808886
Uttar Pradesh,2014,42,Kannauj,GEN,Sanjay Shakya,M,IND,IND,2567,1808886
Uttar Pradesh,2014,42,Kannauj,GEN,Muhar Singh Amvadi,M,IND,IND,2891,1808886
Uttar Pradesh,2014,42,Kannauj,GEN,Imran Bin Zafar,M,AAAP,AAAP,4826,1808886
Uttar Pradesh,2014,42,Kannauj,GEN,Rakesh Kumar Tiwari Advocate,M,IND,IND,5723,1808886
Uttar Pradesh,2014,42,Kannauj,GEN,None Of The Above,,NOTA,NOTA,7380,1808886
Uttar Pradesh,2014,42,Kannauj,GEN,Nirmal Tiwari,M,BSP,BSP,127785,1808886
Uttar Pradesh,2014,42,Kannauj,GEN,Subrat Pathak,M,BJP,BJP,469257,1808886
Uttar Pradesh,2014,42,Kannauj,GEN,Dimple Yadav,F,SP,SP,489164,1808886
Uttar Pradesh,2014,43,Kanpur,GEN,Devendra Kumar Sharma,M,ABAS,ABAS,296,1611248
Uttar Pradesh,2014,43,Kanpur,GEN,Anand Mehrotra,M,NEP,NEP,361,1611248
Uttar Pradesh,2014,43,Kanpur,GEN,Mohd.Nasir Khan,M,PECP,PECP,364,1611248
Uttar Pradesh,2014,43,Kanpur,GEN,Mohammad.Ateeq,M,RWSP,RWSP,425,1611248
Uttar Pradesh,2014,43,Kanpur,GEN,Ramesh Kumar Gupta,M,PSJP,PSJP,433,1611248
Uttar Pradesh,2014,43,Kanpur,GEN,Kumari Saraswati,F,IND,IND,475,1611248
Uttar Pradesh,2014,43,Kanpur,GEN,Dr.Nikhil Gupta,M,NBDP,NBDP,580,1611248
Uttar Pradesh,2014,43,Kanpur,GEN,Betalal Diwakar,M,IND,IND,665,1611248
Uttar Pradesh,2014,43,Kanpur,GEN,Himmat Lal,M,ABRS,ABRS,683,1611248
Uttar Pradesh,2014,43,Kanpur,GEN,Vinayak Rao Tope,M,SWPI,SWPI,723,1611248
Uttar Pradesh,2014,43,Kanpur,GEN,Vishwanath Kataria,M,IND,IND,929,1611248
Uttar Pradesh,2014,43,Kanpur,GEN,Muzaffar Husain Khan,M,IND,IND,1069,1611248
Uttar Pradesh,2014,43,Kanpur,GEN,Ashok Paswan Advocate,M,IND,IND,1398,1611248
Uttar Pradesh,2014,43,Kanpur,GEN,Anil Awasthi,M,AITC,AITC,1701,1611248
Uttar Pradesh,2014,43,Kanpur,GEN,None Of The Above,,NOTA,NOTA,2278,1611248
Uttar Pradesh,2014,43,Kanpur,GEN,Prem Chandra Pandey,M,IND,IND,2350,1611248
Uttar Pradesh,2014,43,Kanpur,GEN,Kishor Bajpai,M,IND,IND,3005,1611248
Uttar Pradesh,2014,43,Kanpur,GEN,Mahmood Husain Rahmani,M,AAAP,AAAP,11925,1611248
Uttar Pradesh,2014,43,Kanpur,GEN,Surendra Mohan Agarwal,M,SP,SP,25723,1611248
Uttar Pradesh,2014,43,Kanpur,GEN,Saleem Ahmad,M,BSP,BSP,53218,1611248
Uttar Pradesh,2014,43,Kanpur,GEN,Sriprakash Jaiswal,M,INC,INC,251766,1611248
Uttar Pradesh,2014,43,Kanpur,GEN,Dr.Murli Manohar Joshi,M,BJP,BJP,474712,1611248
Uttar Pradesh,2014,44,Akbarpur,GEN,Gopi Raman,M,JD(U),JD(U),523,1768635
Uttar Pradesh,2014,44,Akbarpur,GEN,Dr. Omkar Nath Katiyar,M,ALHP,ALHP,597,1768635
Uttar Pradesh,2014,44,Akbarpur,GEN,Dr. Bajarang Pratap Sonkar,M,SARP,SARP,799,1768635
Uttar Pradesh,2014,44,Akbarpur,GEN,Jaswant Singh,M,BMUP,BMUP,1037,1768635
Uttar Pradesh,2014,44,Akbarpur,GEN,Rama Kant Verma,M,PECP,PECP,1350,1768635
Uttar Pradesh,2014,44,Akbarpur,GEN,Ashok Yadav,M,IND,IND,1853,1768635
Uttar Pradesh,2014,44,Akbarpur,GEN,Amar Singh,M,JPS,JPS,1890,1768635
Uttar Pradesh,2014,44,Akbarpur,GEN,Neeraj Kumar Advocate,M,IND,IND,2259,1768635
Uttar Pradesh,2014,44,Akbarpur,GEN,Ramendra Singh Tomar,M,BSCP,BSCP,2754,1768635
Uttar Pradesh,2014,44,Akbarpur,GEN,Ram Sevak,M,IND,IND,3403,1768635
Uttar Pradesh,2014,44,Akbarpur,GEN,None Of The Above,,NOTA,NOTA,3948,1768635
Uttar Pradesh,2014,44,Akbarpur,GEN,Vijay Kumar Sharma,M,IND,IND,4285,1768635
Uttar Pradesh,2014,44,Akbarpur,GEN,Munni Devi,F,IND,IND,5331,1768635
Uttar Pradesh,2014,44,Akbarpur,GEN,Bharti Devi Pasi Advocate,F,IND,IND,5432,1768635
Uttar Pradesh,2014,44,Akbarpur,GEN,Arvind Kumar,M,AAAP,AAAP,7914,1768635
Uttar Pradesh,2014,44,Akbarpur,GEN,Rajaram Pal,M,INC,INC,96827,1768635
Uttar Pradesh,2014,44,Akbarpur,GEN,Lal Singh Tomar,M,SP,SP,147002,1768635
Uttar Pradesh,2014,44,Akbarpur,GEN,Anil Shukla Warsi,M,BSP,BSP,202587,1768635
Uttar Pradesh,2014,44,Akbarpur,GEN,Devendra Singh @ Bhole Singh,M,BJP,BJP,481584,1768635
Uttar Pradesh,2014,45,Jalaun,SC,Jayram,M,BSCP,BSCP,2047,1887189
Uttar Pradesh,2014,45,Jalaun,SC,Gangasingh,M,ALHP,ALHP,2525,1887189
Uttar Pradesh,2014,45,Jalaun,SC,Rajkumar,M,PECP,PECP,2816,1887189
Uttar Pradesh,2014,45,Jalaun,SC,Dalchandra Anuragi,M,AAAP,AAAP,3337,1887189
Uttar Pradesh,2014,45,Jalaun,SC,Manoj Kumar,M,BRPP,BRPP,4561,1887189
Uttar Pradesh,2014,45,Jalaun,SC,Ram Singh,M,CPI(ML)(L),CPI(ML)(L),4761,1887189
Uttar Pradesh,2014,45,Jalaun,SC,Ramnarayan,M,BMUP,BMUP,4944,1887189
Uttar Pradesh,2014,45,Jalaun,SC,None Of The Above,,NOTA,NOTA,10291,1887189
Uttar Pradesh,2014,45,Jalaun,SC,Vijay Chaudhari,M,INC,INC,82903,1887189
Uttar Pradesh,2014,45,Jalaun,SC,Ghanshayam Anuragi,M,SP,SP,180921,1887189
Uttar Pradesh,2014,45,Jalaun,SC,Brijlal Khabri,M,BSP,BSP,261429,1887189
Uttar Pradesh,2014,45,Jalaun,SC,Bhanu Pratap Singh Verma,M,BJP,BJP,548631,1887189
Uttar Pradesh,2014,46,Jhansi,GEN,Maulana Mohammad,M,PECP,PECP,1819,1932052
Uttar Pradesh,2014,46,Jhansi,GEN,Chintamani,M,ARWP,ARWP,2029,1932052
Uttar Pradesh,2014,46,Jhansi,GEN,Kuldeep Kumar,M,IND,IND,2036,1932052
Uttar Pradesh,2014,46,Jhansi,GEN,Sunil Massey,M,SHS,SHS,2121,1932052
Uttar Pradesh,2014,46,Jhansi,GEN,Tula Ram,M,IND,IND,2605,1932052
Uttar Pradesh,2014,46,Jhansi,GEN,Dilshad Ahmad,M,IND,IND,2727,1932052
Uttar Pradesh,2014,46,Jhansi,GEN,Naresh Kumar,M,RrSP,RrSP,4215,1932052
Uttar Pradesh,2014,46,Jhansi,GEN,Rachna Sharma,F,IND,IND,4522,1932052
Uttar Pradesh,2014,46,Jhansi,GEN,Archana,F,AAAP,AAAP,5536,1932052
Uttar Pradesh,2014,46,Jhansi,GEN,Rajendra Kumar,M,IND,IND,8600,1932052
Uttar Pradesh,2014,46,Jhansi,GEN,Ram Kumar ''''''''Ank Shastri'''''''',M,IND,IND,11443,1932052
Uttar Pradesh,2014,46,Jhansi,GEN,None Of The Above,,NOTA,NOTA,13959,1932052
Uttar Pradesh,2014,46,Jhansi,GEN,Pradeep Jain ''''''''Aditya'''''''',M,INC,INC,84089,1932052
Uttar Pradesh,2014,46,Jhansi,GEN,Anuradha Sharma,F,BSP,BSP,213792,1932052
Uttar Pradesh,2014,46,Jhansi,GEN,Dr. Chandrapal Singh Yadav,M,SP,SP,385422,1932052
Uttar Pradesh,2014,46,Jhansi,GEN,Uma Bharati,F,BJP,BJP,575889,1932052
Uttar Pradesh,2014,47,Hamirpur,GEN,Kailash Prasad Nishad,M,EKSP,EKSP,1756,1737993
Uttar Pradesh,2014,47,Hamirpur,GEN,Ramsajivan,M,BSCP,BSCP,2955,1737993
Uttar Pradesh,2014,47,Hamirpur,GEN,Ramesh Prajapati,M,MBCOI,MBCOI,2981,1737993
Uttar Pradesh,2014,47,Hamirpur,GEN,Shripal,M,BC,BC,3435,1737993
Uttar Pradesh,2014,47,Hamirpur,GEN,Kiran,F,IND,IND,4079,1737993
Uttar Pradesh,2014,47,Hamirpur,GEN,Pravesh Kumar Vyas,M,IND,IND,4314,1737993
Uttar Pradesh,2014,47,Hamirpur,GEN,Anil Kumar,M,ASP,ASP,4860,1737993
Uttar Pradesh,2014,47,Hamirpur,GEN,Vivek Kumar,M,RKSP,RKSP,5749,1737993
Uttar Pradesh,2014,47,Hamirpur,GEN,Avinash Kumar Mishra,M,AITC,AITC,6297,1737993
Uttar Pradesh,2014,47,Hamirpur,GEN,Atul Kumar Prajapati,M,AAAP,AAAP,9663,1737993
Uttar Pradesh,2014,47,Hamirpur,GEN,None Of The Above,,NOTA,NOTA,10449,1737993
Uttar Pradesh,2014,47,Hamirpur,GEN,Vimlesh,F,IND,IND,23137,1737993
Uttar Pradesh,2014,47,Hamirpur,GEN,"Pritam Singh Lodhi ""Kisaan""",M,INC,INC,78229,1737993
Uttar Pradesh,2014,47,Hamirpur,GEN,Rakesh Kumar Goswami,M,BSP,BSP,176356,1737993
Uttar Pradesh,2014,47,Hamirpur,GEN,Bishambhar Prasad Nishad,M,SP,SP,187096,1737993
Uttar Pradesh,2014,47,Hamirpur,GEN,Kunwar Pushpendra Singh Chandel,M,BJP,BJP,453884,1737993
Uttar Pradesh,2014,48,Banda,GEN,Pappu Yadav,M,JD(U),JD(U),2436,1601855
Uttar Pradesh,2014,48,Banda,GEN,Prabhakar Prasad,M,BKSL,BKSL,2605,1601855
Uttar Pradesh,2014,48,Banda,GEN,Susheela Singh,F,BSCP,BSCP,2931,1601855
Uttar Pradesh,2014,48,Banda,GEN,Mo. Sageer,M,PECP,PECP,3201,1601855
Uttar Pradesh,2014,48,Banda,GEN,Vishvambhar Nath,M,BMUP,BMUP,4755,1601855
Uttar Pradesh,2014,48,Banda,GEN,Narendra Kumar Shrivastava,M,IND,IND,5115,1601855
Uttar Pradesh,2014,48,Banda,GEN,Amar Singh Rathaur,M,AAAP,AAAP,6439,1601855
Uttar Pradesh,2014,48,Banda,GEN,Vijay Prakash,M,IND,IND,7140,1601855
Uttar Pradesh,2014,48,Banda,GEN,None Of The Above,,NOTA,NOTA,13824,1601855
Uttar Pradesh,2014,48,Banda,GEN,Ramchandra Saras,M,CPI,CPI,15156,1601855
Uttar Pradesh,2014,48,Banda,GEN,Vivek Kumar Singh,M,INC,INC,36650,1601855
Uttar Pradesh,2014,48,Banda,GEN,Bal Kumar Patel Alias Rajkumar,M,SP,SP,189730,1601855
Uttar Pradesh,2014,48,Banda,GEN,R. K. Singh Patel,M,BSP,BSP,226278,1601855
Uttar Pradesh,2014,48,Banda,GEN,Bhairon Prasad Mishra,M,BJP,BJP,342066,1601855
Uttar Pradesh,2014,49,Fatehpur,GEN,Rukmini Devi Nishad,F,PMSP,PMSP,1345,1804753
Uttar Pradesh,2014,49,Fatehpur,GEN,Mohammad Javed,M,NBDP,NBDP,1657,1804753
Uttar Pradesh,2014,49,Fatehpur,GEN,Arvind Kumar,M,IND,IND,1967,1804753
Uttar Pradesh,2014,49,Fatehpur,GEN,Ramlochan Sen,M,BMUP,BMUP,2173,1804753
Uttar Pradesh,2014,49,Fatehpur,GEN,Zainul Abdin,M,AAAP,AAAP,2454,1804753
Uttar Pradesh,2014,49,Fatehpur,GEN,Chandrabhan Singh,M,IND,IND,2498,1804753
Uttar Pradesh,2014,49,Fatehpur,GEN,Ashok Mishra,M,SARP,SARP,3029,1804753
Uttar Pradesh,2014,49,Fatehpur,GEN,Ranjana Kakkar,F,IND,IND,5448,1804753
Uttar Pradesh,2014,49,Fatehpur,GEN,Sridevi,F,IND,IND,5838,1804753
Uttar Pradesh,2014,49,Fatehpur,GEN,Ramkrishna Tripathi,M,AITC,AITC,7578,1804753
Uttar Pradesh,2014,49,Fatehpur,GEN,None Of The Above,,NOTA,NOTA,11607,1804753
Uttar Pradesh,2014,49,Fatehpur,GEN,Usha Maurya,F,INC,INC,46588,1804753
Uttar Pradesh,2014,49,Fatehpur,GEN,Rakesh Sachan,M,SP,SP,179724,1804753
Uttar Pradesh,2014,49,Fatehpur,GEN,Afzal Siddiqui,M,BSP,BSP,298788,1804753
Uttar Pradesh,2014,49,Fatehpur,GEN,Niranjan Jyoti,F,BJP,BJP,485994,1804753
Uttar Pradesh,2014,50,Kaushambi,SC,Chheddoo,M,IND,IND,3342,1738509
Uttar Pradesh,2014,50,Kaushambi,SC,Swarnalata Suman,F,AAAP,AAAP,3693,1738509
Uttar Pradesh,2014,50,Kaushambi,SC,Beena Rani,F,IND,IND,4958,1738509
Uttar Pradesh,2014,50,Kaushambi,SC,Rajendra Sonkar,M,LD,LD,6389,1738509
Uttar Pradesh,2014,50,Kaushambi,SC,Malti Devi,F,RSMD,RSMD,6556,1738509
Uttar Pradesh,2014,50,Kaushambi,SC,Shripal,M,BMUP,BMUP,7350,1738509
Uttar Pradesh,2014,50,Kaushambi,SC,Mohan Lal,M,IND,IND,9182,1738509
Uttar Pradesh,2014,50,Kaushambi,SC,None Of The Above,,NOTA,NOTA,15169,1738509
Uttar Pradesh,2014,50,Kaushambi,SC,Mahendra Kumar,M,INC,INC,31905,1738509
Uttar Pradesh,2014,50,Kaushambi,SC,Suresh Pasi,M,BSP,BSP,201322,1738509
Uttar Pradesh,2014,50,Kaushambi,SC,Shailendra Kumar,M,SP,SP,288824,1738509
Uttar Pradesh,2014,50,Kaushambi,SC,Vinod Kumar Sonkar,M,BJP,BJP,331724,1738509
Uttar Pradesh,2014,51,Phulpur,GEN,Dakkhini Prasad Kushwaha,M,RGD,RGD,1111,1913275
Uttar Pradesh,2014,51,Phulpur,GEN,Parvez Ashfaque Siddiqui,M,QED,QED,1302,1913275
Uttar Pradesh,2014,51,Phulpur,GEN,Nathu Ram Boudha,M,BMUP,BMUP,1306,1913275
Uttar Pradesh,2014,51,Phulpur,GEN,Ganeshji Tripathi,M,RaBaP,RaBaP,1521,1913275
Uttar Pradesh,2014,51,Phulpur,GEN,Surendra Kumar Mishra,M,LD,LD,1585,1913275
Uttar Pradesh,2014,51,Phulpur,GEN,Dr. Neeraj,M,IND,IND,2187,1913275
Uttar Pradesh,2014,51,Phulpur,GEN,Gyanendra Kumar Srivastava (Gyani Bhai),M,NCP,NCP,2706,1913275
Uttar Pradesh,2014,51,Phulpur,GEN,Mithilesh Kumar,M,IND,IND,3114,1913275
Uttar Pradesh,2014,51,Phulpur,GEN,Ziaoul Haque,M,IND,IND,3392,1913275
Uttar Pradesh,2014,51,Phulpur,GEN,Milan Mukerjee,M,IND,IND,5652,1913275
Uttar Pradesh,2014,51,Phulpur,GEN,Shimala Shri,F,AAAP,AAAP,7384,1913275
Uttar Pradesh,2014,51,Phulpur,GEN,None Of The Above,,NOTA,NOTA,8424,1913275
Uttar Pradesh,2014,51,Phulpur,GEN,Mohd. Kaif,M,INC,INC,58127,1913275
Uttar Pradesh,2014,51,Phulpur,GEN,Kapil Muni Karwariya,M,BSP,BSP,163710,1913275
Uttar Pradesh,2014,51,Phulpur,GEN,Dharam Raj Singh Patel,M,SP,SP,195256,1913275
Uttar Pradesh,2014,51,Phulpur,GEN,Keshav Prasad Maurya,M,BJP,BJP,503564,1913275
Uttar Pradesh,2014,52,Allahabad,GEN,Shailendra Kumar Prajapati,M,IND,IND,1212,1666569
Uttar Pradesh,2014,52,Allahabad,GEN,Chandra Prakash Tiwari Alias C. P. Tiwari (Advocate),M,BKSL,BKSL,1221,1666569
Uttar Pradesh,2014,52,Allahabad,GEN,Gaytri Prasad,M,BSCP,BSCP,1293,1666569
Uttar Pradesh,2014,52,Allahabad,GEN,Brijesh Kumar,M,IND,IND,1438,1666569
Uttar Pradesh,2014,52,Allahabad,GEN,Hira Lal,M,IND,IND,1711,1666569
Uttar Pradesh,2014,52,Allahabad,GEN,Rajendra Prasad,M,kajp,kajp,1730,1666569
Uttar Pradesh,2014,52,Allahabad,GEN,Hansraj,M,IND,IND,1928,1666569
Uttar Pradesh,2014,52,Allahabad,GEN,Shyam Sundar Das,M,ssrd,ssrd,2115,1666569
Uttar Pradesh,2014,52,Allahabad,GEN,Nistha Dev Maurya,M,PGSP,PGSP,2181,1666569
Uttar Pradesh,2014,52,Allahabad,GEN,Wahid Ali Alias Wajid Ali,M,RUC,RUC,2332,1666569
Uttar Pradesh,2014,52,Allahabad,GEN,Shyam Charan,M,IND,IND,2593,1666569
Uttar Pradesh,2014,52,Allahabad,GEN,Sanjay Robinson,M,NAP,NAP,3315,1666569
Uttar Pradesh,2014,52,Allahabad,GEN,Ajeet Kumar,M,IND,IND,3388,1666569
Uttar Pradesh,2014,52,Allahabad,GEN,None Of The Above,,NOTA,NOTA,3624,1666569
Uttar Pradesh,2014,52,Allahabad,GEN,Parmanand,M,IND,IND,3744,1666569
Uttar Pradesh,2014,52,Allahabad,GEN,Mahendra Kumar,M,BMUP,BMUP,4190,1666569
Uttar Pradesh,2014,52,Allahabad,GEN,Shiv Prasad Agrahari,M,IND,IND,4324,1666569
Uttar Pradesh,2014,52,Allahabad,GEN,Mohd. Ameen Azhar Ansari,M,QED,QED,4426,1666569
Uttar Pradesh,2014,52,Allahabad,GEN,Adarsh Shastri,M,AAAP,AAAP,6439,1666569
Uttar Pradesh,2014,52,Allahabad,GEN,Draupadi Devi,F,IND,IND,8321,1666569
Uttar Pradesh,2014,52,Allahabad,GEN,Nand Gopal Gupta Nandi,M,INC,INC,102453,1666569
Uttar Pradesh,2014,52,Allahabad,GEN,Keshri Devi,F,BSP,BSP,162073,1666569
Uttar Pradesh,2014,52,Allahabad,GEN,Kunwar Rewati Raman Singh Alias Mani,M,SP,SP,251763,1666569
Uttar Pradesh,2014,52,Allahabad,GEN,Shyama Charan Gupta,M,BJP,BJP,313772,1666569
Uttar Pradesh,2014,53,Barabanki,SC,Nitin Singh,M,NAP,NAP,1315,1721278
Uttar Pradesh,2014,53,Barabanki,SC,Babu Lal,M,MwSP,MwSP,2035,1721278
Uttar Pradesh,2014,53,Barabanki,SC,Medi Lal,M,BMUP,BMUP,2171,1721278
Uttar Pradesh,2014,53,Barabanki,SC,P. C. Kureel,M,INL,INL,2560,1721278
Uttar Pradesh,2014,53,Barabanki,SC,Abhilakh Rawat,M,IND,IND,3038,1721278
Uttar Pradesh,2014,53,Barabanki,SC,Dinesh Chandra Gautam,M,AAAP,AAAP,3126,1721278
Uttar Pradesh,2014,53,Barabanki,SC,Kishan Lal,M,SHS,SHS,3261,1721278
Uttar Pradesh,2014,53,Barabanki,SC,Mahesh,M,IND,IND,3836,1721278
Uttar Pradesh,2014,53,Barabanki,SC,Khanjan Lal,M,IND,IND,7136,1721278
Uttar Pradesh,2014,53,Barabanki,SC,Rajesh Kumar Vidyarthi,M,PECP,PECP,7980,1721278
Uttar Pradesh,2014,53,Barabanki,SC,None Of The Above,,NOTA,NOTA,8726,1721278
Uttar Pradesh,2014,53,Barabanki,SC,Rajrani Rawat,F,SP,SP,159284,1721278
Uttar Pradesh,2014,53,Barabanki,SC,Kamla Prasad Rawat,M,BSP,BSP,167150,1721278
Uttar Pradesh,2014,53,Barabanki,SC,P. L. Punia,M,INC,INC,242336,1721278
Uttar Pradesh,2014,53,Barabanki,SC,Priyanka Singh Rawat,F,BJP,BJP,454214,1721278
Uttar Pradesh,2014,54,Faizabad,GEN,Nasreen Bano,F,RUC,RUC,2678,1738701
Uttar Pradesh,2014,54,Faizabad,GEN,Shailendra Kumar Shukla,M,NAP,NAP,4187,1738701
Uttar Pradesh,2014,54,Faizabad,GEN,Mayuri Tiwari,F,AAAP,AAAP,4795,1738701
Uttar Pradesh,2014,54,Faizabad,GEN,Jai Ram Singh Jai,M,LPSP,LPSP,5702,1738701
Uttar Pradesh,2014,54,Faizabad,GEN,Makasud Ali,M,PECP,PECP,5963,1738701
Uttar Pradesh,2014,54,Faizabad,GEN,Ram Janam,M,MADP,MADP,6308,1738701
Uttar Pradesh,2014,54,Faizabad,GEN,Radhika Prasad,M,ISSP,ISSP,9055,1738701
Uttar Pradesh,2014,54,Faizabad,GEN,None Of The Above,,NOTA,NOTA,11537,1738701
Uttar Pradesh,2014,54,Faizabad,GEN,Nirmal Khatri,M,INC,INC,129917,1738701
Uttar Pradesh,2014,54,Faizabad,GEN,Jitendra Kumar Singh (Bablu Bhaiya),M,BSP,BSP,141827,1738701
Uttar Pradesh,2014,54,Faizabad,GEN,Mitrasen Yadav,M,SP,SP,208986,1738701
Uttar Pradesh,2014,54,Faizabad,GEN,Lallu Singh,M,BJP,BJP,491761,1738701
Uttar Pradesh,2014,55,Ambedkar Nagar,GEN,Ram Bahal Verma,M,SPP,SPP,1137,1718774
Uttar Pradesh,2014,55,Ambedkar Nagar,GEN,Balmukund Dhuriya,M,CPI(ML)(L),CPI(ML)(L),1942,1718774
Uttar Pradesh,2014,55,Ambedkar Nagar,GEN,Surendra Kumar,M,ARVP,ARVP,2590,1718774
Uttar Pradesh,2014,55,Ambedkar Nagar,GEN,Brijesh Kumar,M,AAAP,AAAP,3025,1718774
Uttar Pradesh,2014,55,Ambedkar Nagar,GEN,Sreeram,M,MBCOI,MBCOI,4138,1718774
Uttar Pradesh,2014,55,Ambedkar Nagar,GEN,Vinod Kumar Tiwari,M,IND,IND,4707,1718774
Uttar Pradesh,2014,55,Ambedkar Nagar,GEN,Gopal Nishad,M,SBSP,SBSP,5792,1718774
Uttar Pradesh,2014,55,Ambedkar Nagar,GEN,J.S. Kashyap(Jahar Singh Kashyap),M,BMUP,BMUP,6896,1718774
Uttar Pradesh,2014,55,Ambedkar Nagar,GEN,Tiger Ramnihor Patel,M,IND,IND,7040,1718774
Uttar Pradesh,2014,55,Ambedkar Nagar,GEN,None Of The Above,,NOTA,NOTA,7422,1718774
Uttar Pradesh,2014,55,Ambedkar Nagar,GEN,Suresh Kumar Bauddh,M,MADP,MADP,7694,1718774
Uttar Pradesh,2014,55,Ambedkar Nagar,GEN,Ashok Singh,M,INC,INC,22775,1718774
Uttar Pradesh,2014,55,Ambedkar Nagar,GEN,Ram Murti Verma,M,SP,SP,234467,1718774
Uttar Pradesh,2014,55,Ambedkar Nagar,GEN,Rakesh Pandey,M,BSP,BSP,292675,1718774
Uttar Pradesh,2014,55,Ambedkar Nagar,GEN,Hari Om Pandey,M,BJP,BJP,432104,1718774
Uttar Pradesh,2014,56,Bahraich,SC,Madhav,M,LD,LD,2676,1638640
Uttar Pradesh,2014,56,Bahraich,SC,Vinod Kumar,M,BMUP,BMUP,3719,1638640
Uttar Pradesh,2014,56,Bahraich,SC,Hira Lal Rao,M,ANC,ANC,4026,1638640
Uttar Pradesh,2014,56,Bahraich,SC,Ramashanker Gond,M,jhspt,jhspt,5735,1638640
Uttar Pradesh,2014,56,Bahraich,SC,Ram Naresh,M,IND,IND,5826,1638640
Uttar Pradesh,2014,56,Bahraich,SC,Jagat Ram,M,AAAP,AAAP,8319,1638640
Uttar Pradesh,2014,56,Bahraich,SC,None Of The Above,,NOTA,NOTA,13498,1638640
Uttar Pradesh,2014,56,Bahraich,SC,Comando Kamal Kishor,M,INC,INC,24421,1638640
Uttar Pradesh,2014,56,Bahraich,SC,Dr.Vijay Kumar,M,BSP,BSP,96904,1638640
Uttar Pradesh,2014,56,Bahraich,SC,Shabbir Ahmad,M,SP,SP,336747,1638640
Uttar Pradesh,2014,56,Bahraich,SC,Sadhvi Savitri Bai Foole,F,BJP,BJP,432392,1638640
Uttar Pradesh,2014,57,Kaiserganj,GEN,Nirhu,M,CPIM,CPIM,1466,1711967
Uttar Pradesh,2014,57,Kaiserganj,GEN,Chaman Lal Kasaundhan,M,LD,LD,1822,1711967
Uttar Pradesh,2014,57,Kaiserganj,GEN,Nihaluddin Ahamad,M,AIPF,AIPF,2119,1711967
Uttar Pradesh,2014,57,Kaiserganj,GEN,Nishant Kanchan,M,IND,IND,3246,1711967
Uttar Pradesh,2014,57,Kaiserganj,GEN,Rizwan Ahmad,M,AAAP,AAAP,3710,1711967
Uttar Pradesh,2014,57,Kaiserganj,GEN,Prahlad Nath Mishra,M,IND,IND,3867,1711967
Uttar Pradesh,2014,57,Kaiserganj,GEN,Jameer Ahmad,M,IND,IND,3905,1711967
Uttar Pradesh,2014,57,Kaiserganj,GEN,Munni,F,IND,IND,5245,1711967
Uttar Pradesh,2014,57,Kaiserganj,GEN,Govind Prasad,M,SPP,SPP,5849,1711967
Uttar Pradesh,2014,57,Kaiserganj,GEN,Rampher Alias Chunti,M,IND,IND,11366,1711967
Uttar Pradesh,2014,57,Kaiserganj,GEN,None Of The Above,,NOTA,NOTA,11853,1711967
Uttar Pradesh,2014,57,Kaiserganj,GEN,Mukesh Srivastav Alias Gyanendra Pratap,M,INC,INC,57401,1711967
Uttar Pradesh,2014,57,Kaiserganj,GEN,Krishna Kumar Ojha,M,BSP,BSP,146726,1711967
Uttar Pradesh,2014,57,Kaiserganj,GEN,Vinod Kumar Alias Pandit Singh,M,SP,SP,303282,1711967
Uttar Pradesh,2014,57,Kaiserganj,GEN,Brij Bhusan Sharan Singh,M,BJP,BJP,381500,1711967
Uttar Pradesh,2014,58,Shrawasti,GEN,Ratnesh,M,AAAP,AAAP,2578,1788080
Uttar Pradesh,2014,58,Shrawasti,GEN,Ram Sudhi,M,JSEP,JSEP,2961,1788080
Uttar Pradesh,2014,58,Shrawasti,GEN,Saxsen,M,SPP,SPP,3188,1788080
Uttar Pradesh,2014,58,Shrawasti,GEN,Tej Bahadur,M,IND,IND,3474,1788080
Uttar Pradesh,2014,58,Shrawasti,GEN,Arjun Yadav,M,IND,IND,3730,1788080
Uttar Pradesh,2014,58,Shrawasti,GEN,Praksh Chandra Mishra,M,JSK,JSK,4489,1788080
Uttar Pradesh,2014,58,Shrawasti,GEN,Vijay Kumar,M,IND,IND,5542,1788080
Uttar Pradesh,2014,58,Shrawasti,GEN,Ram Adhar,M,IND,IND,6278,1788080
Uttar Pradesh,2014,58,Shrawasti,GEN,Arun Kumar,M,IND,IND,10083,1788080
Uttar Pradesh,2014,58,Shrawasti,GEN,None Of The Above,,NOTA,NOTA,14587,1788080
Uttar Pradesh,2014,58,Shrawasti,GEN,Vinay Kumar Pandey ''''''''Vinnu'''''''',M,INC,INC,20006,1788080
Uttar Pradesh,2014,58,Shrawasti,GEN,Rizwan Zaheer,M,PECP,PECP,101817,1788080
Uttar Pradesh,2014,58,Shrawasti,GEN,Lal Ji Verma,M,BSP,BSP,194890,1788080
Uttar Pradesh,2014,58,Shrawasti,GEN,Atiq Ahmad,M,SP,SP,260051,1788080
Uttar Pradesh,2014,58,Shrawasti,GEN,Daddan Mishra,M,BJP,BJP,345964,1788080
Uttar Pradesh,2014,59,Gonda,GEN,Rajendra Prasad,M,SPP,SPP,1519,1710825
Uttar Pradesh,2014,59,Gonda,GEN,Prem Kumar,M,MBCOI,MBCOI,1900,1710825
Uttar Pradesh,2014,59,Gonda,GEN,Rajesh Kumar Maurya,M,SP(I),SP(I),2199,1710825
Uttar Pradesh,2014,59,Gonda,GEN,Brijnandan Tiwari,M,IND,IND,2395,1710825
Uttar Pradesh,2014,59,Gonda,GEN,Mahesh Kumar,M,JPS,JPS,2555,1710825
Uttar Pradesh,2014,59,Gonda,GEN,Ajay Kumar Prabhakar,M,BMUP,BMUP,3200,1710825
Uttar Pradesh,2014,59,Gonda,GEN,Mashooq Ahmad,M,AAAP,AAAP,3358,1710825
Uttar Pradesh,2014,59,Gonda,GEN,Satya Prakash,M,SHS,SHS,4748,1710825
Uttar Pradesh,2014,59,Gonda,GEN,Tilak Ram,M,IND,IND,5374,1710825
Uttar Pradesh,2014,59,Gonda,GEN,None Of The Above,,NOTA,NOTA,7988,1710825
Uttar Pradesh,2014,59,Gonda,GEN,Om Prakash,M,CPI,CPI,18450,1710825
Uttar Pradesh,2014,59,Gonda,GEN,Masood Alam Khan,M,PECP,PECP,42744,1710825
Uttar Pradesh,2014,59,Gonda,GEN,Beni Prasad Verma,M,INC,INC,102254,1710825
Uttar Pradesh,2014,59,Gonda,GEN,Akbar Ahmad Dumpy,M,BSP,BSP,116178,1710825
Uttar Pradesh,2014,59,Gonda,GEN,Nandita Shukla,F,SP,SP,199227,1710825
Uttar Pradesh,2014,59,Gonda,GEN,Kirti Vardhan Singh,M,BJP,BJP,359639,1710825
Uttar Pradesh,2014,60,Domariyaganj,GEN,Ravi Kumar,M,SPP,SPP,2535,1761415
Uttar Pradesh,2014,60,Domariyaganj,GEN,Manoj Kumar,M,SBSP,SBSP,2709,1761415
Uttar Pradesh,2014,60,Domariyaganj,GEN,Badre Alam,M,AAAP,AAAP,3174,1761415
Uttar Pradesh,2014,60,Domariyaganj,GEN,Santram,M,BRABSVP,BRABSVP,3238,1761415
Uttar Pradesh,2014,60,Domariyaganj,GEN,Kali Ram,M,IND,IND,4939,1761415
Uttar Pradesh,2014,60,Domariyaganj,GEN,Diwakar Prasad,M,IND,IND,5123,1761415
Uttar Pradesh,2014,60,Domariyaganj,GEN,Pingle Prasad,M,S(J),S(J),5521,1761415
Uttar Pradesh,2014,60,Domariyaganj,GEN,None Of The Above,,NOTA,NOTA,6776,1761415
Uttar Pradesh,2014,60,Domariyaganj,GEN,Hamidullah Chaudhary,M,NCP,NCP,7159,1761415
Uttar Pradesh,2014,60,Domariyaganj,GEN,Ram Ugrah,M,IND,IND,7762,1761415
Uttar Pradesh,2014,60,Domariyaganj,GEN,Dr. Satyendra Nath Pandey,M,AAMJP,AAMJP,9371,1761415
Uttar Pradesh,2014,60,Domariyaganj,GEN,Arjun Singh,M,BMUP,BMUP,9529,1761415
Uttar Pradesh,2014,60,Domariyaganj,GEN,Mukesh Narayan Shukla Urf Gyanesh Narayan Shukla,M,IND,IND,10952,1761415
Uttar Pradesh,2014,60,Domariyaganj,GEN,Vasundhara,F,INC,INC,88117,1761415
Uttar Pradesh,2014,60,Domariyaganj,GEN,Dr. Mohd. Ayub,M,PECP,PECP,99242,1761415
Uttar Pradesh,2014,60,Domariyaganj,GEN,Mata Prasad Pandey,M,SP,SP,174778,1761415
Uttar Pradesh,2014,60,Domariyaganj,GEN,Muhammad Muqeem,M,BSP,BSP,195257,1761415
Uttar Pradesh,2014,60,Domariyaganj,GEN,Jagdambika Pal,M,BJP,BJP,298845,1761415
Uttar Pradesh,2014,61,Basti,GEN,Sita Ram,M,JPS,JPS,2240,1787476
Uttar Pradesh,2014,61,Basti,GEN,Ram Karan Alias R.K. Gautam,M,BMUP,BMUP,2803,1787476
Uttar Pradesh,2014,61,Basti,GEN,Bhagwandas,M,BSP(K),BSP(K),3532,1787476
Uttar Pradesh,2014,61,Basti,GEN,Arun Kumar,M,IND,IND,3587,1787476
Uttar Pradesh,2014,61,Basti,GEN,Ram Shankar Gupta,M,IND,IND,4521,1787476
Uttar Pradesh,2014,61,Basti,GEN,Krishna Kumar Upadhyay Advocate,M,IND,IND,4823,1787476
Uttar Pradesh,2014,61,Basti,GEN,Shivpoojan Rajbhar,M,SBSP,SBSP,7063,1787476
Uttar Pradesh,2014,61,Basti,GEN,Purushottam Pandey,M,PECP,PECP,8172,1787476
Uttar Pradesh,2014,61,Basti,GEN,Anand Rajpal,M,AAAP,AAAP,8407,1787476
Uttar Pradesh,2014,61,Basti,GEN,None Of The Above,,NOTA,NOTA,10168,1787476
Uttar Pradesh,2014,61,Basti,GEN,Ambika Singh,M,INC,INC,27673,1787476
Uttar Pradesh,2014,61,Basti,GEN,Ram Prasad Chaudhary,M,BSP,BSP,283747,1787476
Uttar Pradesh,2014,61,Basti,GEN,"Brij Kishor Singh ""Dimpal""",M,SP,SP,324118,1787476
Uttar Pradesh,2014,61,Basti,GEN,Harish Chandra Alias Harish Dwivedi,M,BJP,BJP,357680,1787476
Uttar Pradesh,2014,62,Sant Kabir Nagar,GEN,Kripanarayan Rai,M,IND,IND,1215,1904315
Uttar Pradesh,2014,62,Sant Kabir Nagar,GEN,Jaiyantri Prasad,M,IND,IND,1335,1904315
Uttar Pradesh,2014,62,Sant Kabir Nagar,GEN,Shayam Lal,M,IND,IND,1477,1904315
Uttar Pradesh,2014,62,Sant Kabir Nagar,GEN,Ravikant,M,MBCOI,MBCOI,1721,1904315
Uttar Pradesh,2014,62,Sant Kabir Nagar,GEN,Jyoti Singh,F,BSP(K),BSP(K),1884,1904315
Uttar Pradesh,2014,62,Sant Kabir Nagar,GEN,Prem Prakash,M,IPP,IPP,2155,1904315
Uttar Pradesh,2014,62,Sant Kabir Nagar,GEN,Mohammad Irfan,M,IND,IND,2164,1904315
Uttar Pradesh,2014,62,Sant Kabir Nagar,GEN,Rajendra Kumar,M,RJPK,RJPK,2278,1904315
Uttar Pradesh,2014,62,Sant Kabir Nagar,GEN,Jantri Lal Chauhan,M,JPS,JPS,2439,1904315
Uttar Pradesh,2014,62,Sant Kabir Nagar,GEN,Amit,M,IND,IND,2796,1904315
Uttar Pradesh,2014,62,Sant Kabir Nagar,GEN,Subodh Chandra,M,IND,IND,3061,1904315
Uttar Pradesh,2014,62,Sant Kabir Nagar,GEN,Kailash Nath Beldar,M,IND,IND,3181,1904315
Uttar Pradesh,2014,62,Sant Kabir Nagar,GEN,Lotan Urf Lautan Prasad,M,SSD,SSD,3618,1904315
Uttar Pradesh,2014,62,Sant Kabir Nagar,GEN,Sant Siromani Baboolal Yadav Maharaj Ji,M,SBSP,SBSP,3900,1904315
Uttar Pradesh,2014,62,Sant Kabir Nagar,GEN,Mohammad Ali,M,PPI,PPI,4082,1904315
Uttar Pradesh,2014,62,Sant Kabir Nagar,GEN,None Of The Above,,NOTA,NOTA,4747,1904315
Uttar Pradesh,2014,62,Sant Kabir Nagar,GEN,Rajmani,M,BMUP,BMUP,5036,1904315
Uttar Pradesh,2014,62,Sant Kabir Nagar,GEN,Surendra Kumar Chaudhary,M,IND,IND,5866,1904315
Uttar Pradesh,2014,62,Sant Kabir Nagar,GEN,Aftab Alam Khan,M,AAAP,AAAP,7458,1904315
Uttar Pradesh,2014,62,Sant Kabir Nagar,GEN,Shabbeer Husen,M,jhspt,jhspt,8993,1904315
Uttar Pradesh,2014,62,Sant Kabir Nagar,GEN,Aparna,F,IND,IND,11046,1904315
Uttar Pradesh,2014,62,Sant Kabir Nagar,GEN,Rohit Kumar Pandey,M,INC,INC,22029,1904315
Uttar Pradesh,2014,62,Sant Kabir Nagar,GEN,Rajaram,M,PECP,PECP,69193,1904315
Uttar Pradesh,2014,62,Sant Kabir Nagar,GEN,Bhal Chandra Yadav,M,SP,SP,240169,1904315
Uttar Pradesh,2014,62,Sant Kabir Nagar,GEN,Bhism Shankar Alias Kushal Tiwari,M,BSP,BSP,250914,1904315
Uttar Pradesh,2014,62,Sant Kabir Nagar,GEN,Sharad Tripathi,M,BJP,BJP,348892,1904315
Uttar Pradesh,2014,63,Maharajganj,GEN,Mangal Lal,M,LD,LD,1491,1743131
Uttar Pradesh,2014,63,Maharajganj,GEN,Dinesh Kumar,M,IND,IND,1671,1743131
Uttar Pradesh,2014,63,Maharajganj,GEN,Rakesh Kumar Gupta,M,IND,IND,1828,1743131
Uttar Pradesh,2014,63,Maharajganj,GEN,Radheyshyam,M,MBCOI,MBCOI,1961,1743131
Uttar Pradesh,2014,63,Maharajganj,GEN,Dinanath,M,IND,IND,2149,1743131
Uttar Pradesh,2014,63,Maharajganj,GEN,Vimlesh Tripathi,M,NAP,NAP,2339,1743131
Uttar Pradesh,2014,63,Maharajganj,GEN,Rakesh Kumar Giri,M,IND,IND,2545,1743131
Uttar Pradesh,2014,63,Maharajganj,GEN,Pashupati Nath Gupta,M,AAAP,AAAP,3196,1743131
Uttar Pradesh,2014,63,Maharajganj,GEN,Shivcharan,M,jhspt,jhspt,3455,1743131
Uttar Pradesh,2014,63,Maharajganj,GEN,Mummataj,M,PECP,PECP,3582,1743131
Uttar Pradesh,2014,63,Maharajganj,GEN,Arat Kharvar,M,BMUP,BMUP,3752,1743131
Uttar Pradesh,2014,63,Maharajganj,GEN,Ajaydhar,M,IND,IND,4079,1743131
Uttar Pradesh,2014,63,Maharajganj,GEN,Dayaram Nishad,M,IND,IND,4210,1743131
Uttar Pradesh,2014,63,Maharajganj,GEN,Govind Das,M,IND,IND,4216,1743131
Uttar Pradesh,2014,63,Maharajganj,GEN,None Of The Above,,NOTA,NOTA,4545,1743131
Uttar Pradesh,2014,63,Maharajganj,GEN,Ramsamujh,M,S(J),S(J),5001,1743131
Uttar Pradesh,2014,63,Maharajganj,GEN,Kavilas,M,SBSP,SBSP,5195,1743131
Uttar Pradesh,2014,63,Maharajganj,GEN,Shree Akhilesh Kumar,M,ADUP,ADUP,5422,1743131
Uttar Pradesh,2014,63,Maharajganj,GEN,Tej Pratap,M,IND,IND,6131,1743131
Uttar Pradesh,2014,63,Maharajganj,GEN,Anil Kumar Shahani,M,IND,IND,15517,1743131
Uttar Pradesh,2014,63,Maharajganj,GEN,Harsh Vardhan,M,INC,INC,57193,1743131
Uttar Pradesh,2014,63,Maharajganj,GEN,Akhilesh,M,SP,SP,213974,1743131
Uttar Pradesh,2014,63,Maharajganj,GEN,Kashi Nath Shukla,M,BSP,BSP,231084,1743131
Uttar Pradesh,2014,63,Maharajganj,GEN,Pankaj,M,BJP,BJP,471542,1743131
Uttar Pradesh,2014,64,Gorakhpur,GEN,Rajit Mishra,M,NAP,NAP,1171,1903988
Uttar Pradesh,2014,64,Gorakhpur,GEN,Rajesh,M,CPI(ML)(L),CPI(ML)(L),1873,1903988
Uttar Pradesh,2014,64,Gorakhpur,GEN,Mohd. Waseem Khan,M,BMUP,BMUP,2016,1903988
Uttar Pradesh,2014,64,Gorakhpur,GEN,Subash Kumar Maurya,M,RJPK,RJPK,2123,1903988
Uttar Pradesh,2014,64,Gorakhpur,GEN,Indra Deo Yadava,M,BSCP,BSCP,2398,1903988
Uttar Pradesh,2014,64,Gorakhpur,GEN,Munna,M,SWPI,SWPI,4024,1903988
Uttar Pradesh,2014,64,Gorakhpur,GEN,Ashok,M,IND,IND,4194,1903988
Uttar Pradesh,2014,64,Gorakhpur,GEN,Ramkishun,M,IND,IND,4387,1903988
Uttar Pradesh,2014,64,Gorakhpur,GEN,Faiz Ahamad Faizi,M,PECP,PECP,5046,1903988
Uttar Pradesh,2014,64,Gorakhpur,GEN,Achhe Lal Gupta,M,IND,IND,5339,1903988
Uttar Pradesh,2014,64,Gorakhpur,GEN,None Of The Above,,NOTA,NOTA,8153,1903988
Uttar Pradesh,2014,64,Gorakhpur,GEN,Radhe Mohan Misra,M,AAAP,AAAP,11873,1903988
Uttar Pradesh,2014,64,Gorakhpur,GEN,Astbhuja Prasad Tripathi,M,INC,INC,45719,1903988
Uttar Pradesh,2014,64,Gorakhpur,GEN,Ram Bhual Nishad,M,BSP,BSP,176412,1903988
Uttar Pradesh,2014,64,Gorakhpur,GEN,Rajmati Nishad,F,SP,SP,226344,1903988
Uttar Pradesh,2014,64,Gorakhpur,GEN,Adityanath,M,BJP,BJP,539127,1903988
Uttar Pradesh,2014,65,Kushi Nagar,GEN,Gobardhan Prasad,M,SP(I),SP(I),1963,1680992
Uttar Pradesh,2014,65,Kushi Nagar,GEN,Bachchoolaal,M,MBCOI,MBCOI,2145,1680992
Uttar Pradesh,2014,65,Kushi Nagar,GEN,Jahid,M,SBSP,SBSP,2677,1680992
Uttar Pradesh,2014,65,Kushi Nagar,GEN,Arvind,M,S(J),S(J),3630,1680992
Uttar Pradesh,2014,65,Kushi Nagar,GEN,Akhand,M,AAAP,AAAP,3802,1680992
Uttar Pradesh,2014,65,Kushi Nagar,GEN,Ameeruddin,M,ADUP,ADUP,3843,1680992
Uttar Pradesh,2014,65,Kushi Nagar,GEN,Markande,M,BMUP,BMUP,4270,1680992
Uttar Pradesh,2014,65,Kushi Nagar,GEN,Rampratap,M,JD(U),JD(U),4806,1680992
Uttar Pradesh,2014,65,Kushi Nagar,GEN,Ramdhanee,M,DNP,DNP,5485,1680992
Uttar Pradesh,2014,65,Kushi Nagar,GEN,Kashim Ali,M,PECP,PECP,9024,1680992
Uttar Pradesh,2014,65,Kushi Nagar,GEN,None Of The Above,,NOTA,NOTA,10102,1680992
Uttar Pradesh,2014,65,Kushi Nagar,GEN,Radhe Shyam Singh,M,SP,SP,111256,1680992
Uttar Pradesh,2014,65,Kushi Nagar,GEN,Dr. Sangam Mishra,M,BSP,BSP,132881,1680992
Uttar Pradesh,2014,65,Kushi Nagar,GEN,Kunwar Ratanjit Pratap Narain Singh,M,INC,INC,284511,1680992
Uttar Pradesh,2014,65,Kushi Nagar,GEN,Rajesh Pandey Urf Guddu,M,BJP,BJP,370051,1680992
Uttar Pradesh,2014,66,Deoria,GEN,Awadh Kishor Nigam,M,ARVP,ARVP,1153,1806926
Uttar Pradesh,2014,66,Deoria,GEN,Intzarul,M,BMUP,BMUP,1833,1806926
Uttar Pradesh,2014,66,Deoria,GEN,Ram Preet,M,MBCOI,MBCOI,1906,1806926
Uttar Pradesh,2014,66,Deoria,GEN,Ved Prakash Mall,M,JD(U),JD(U),1916,1806926
Uttar Pradesh,2014,66,Deoria,GEN,Barkha Kinnar,O,IND,IND,4124,1806926
Uttar Pradesh,2014,66,Deoria,GEN,Umesh,M,SBSP,SBSP,4343,1806926
Uttar Pradesh,2014,66,Deoria,GEN,Aroon Kumar Tripathi,M,AAAP,AAAP,4952,1806926
Uttar Pradesh,2014,66,Deoria,GEN,Shyam Sundar,M,PECP,PECP,5130,1806926
Uttar Pradesh,2014,66,Deoria,GEN,Raju,M,MOP,MOP,5406,1806926
Uttar Pradesh,2014,66,Deoria,GEN,Hemant Kishor Srivastava,M,IND,IND,5763,1806926
Uttar Pradesh,2014,66,Deoria,GEN,Ram Pravesh,M,BED,BED,6408,1806926
Uttar Pradesh,2014,66,Deoria,GEN,None Of The Above,,NOTA,NOTA,12405,1806926
Uttar Pradesh,2014,66,Deoria,GEN,Sabha Kunwar,M,INC,INC,37752,1806926
Uttar Pradesh,2014,66,Deoria,GEN,Baleshwar Yadav,M,SP,SP,150852,1806926
Uttar Pradesh,2014,66,Deoria,GEN,Niyaj Ahmad,M,BSP,BSP,231114,1806926
Uttar Pradesh,2014,66,Deoria,GEN,Kalraj Mishra,M,BJP,BJP,496500,1806926
Uttar Pradesh,2014,67,Bansgaon,SC,Chandrika Prasad Bharati,M,RJPK,RJPK,1327,1760090
Uttar Pradesh,2014,67,Bansgaon,SC,Arjun Prasad Raw,M,BaSaP,BaSaP,2896,1760090
Uttar Pradesh,2014,67,Bansgaon,SC,Ramnaresh,M,ISSP,ISSP,2963,1760090
Uttar Pradesh,2014,67,Bansgaon,SC,Ramprit Jakhmee,M,BMUP,BMUP,3080,1760090
Uttar Pradesh,2014,67,Bansgaon,SC,Sheo Shankar,M,IND,IND,4013,1760090
Uttar Pradesh,2014,67,Bansgaon,SC,Kunjawati,F,IND,IND,4346,1760090
Uttar Pradesh,2014,67,Bansgaon,SC,Ramnivas Paswan,M,AAAP,AAAP,5236,1760090
Uttar Pradesh,2014,67,Bansgaon,SC,Lalchand Prasad Jatav,M,ASP,ASP,9769,1760090
Uttar Pradesh,2014,67,Bansgaon,SC,None Of The Above,,NOTA,NOTA,13495,1760090
Uttar Pradesh,2014,67,Bansgaon,SC,Sanjai Kumar,M,INC,INC,50675,1760090
Uttar Pradesh,2014,67,Bansgaon,SC,Gorakh Prasad Paswan,M,SP,SP,133675,1760090
Uttar Pradesh,2014,67,Bansgaon,SC,Sadal Prasad,M,BSP,BSP,228443,1760090
Uttar Pradesh,2014,67,Bansgaon,SC,Kamlesh Paswan,M,BJP,BJP,417959,1760090
Uttar Pradesh,2014,68,Lalganj,SC,Sukhanayan,M,JSEP,JSEP,1398,1661470
Uttar Pradesh,2014,68,Lalganj,SC,Dinesh Kumar,M,Aa S P,Aa S P,1733,1661470
Uttar Pradesh,2014,68,Lalganj,SC,Lal Bahadur,M,BMUP,BMUP,1911,1661470
Uttar Pradesh,2014,68,Lalganj,SC,Avadhesh,M,IND,IND,2129,1661470
Uttar Pradesh,2014,68,Lalganj,SC,Jangbahadur,M,IND,IND,3307,1661470
Uttar Pradesh,2014,68,Lalganj,SC,Achchhelal,M,IND,IND,4536,1661470
Uttar Pradesh,2014,68,Lalganj,SC,Shripati,M,QED,QED,4620,1661470
Uttar Pradesh,2014,68,Lalganj,SC,Jiya Lal,M,AAAP,AAAP,5668,1661470
Uttar Pradesh,2014,68,Lalganj,SC,None Of The Above,,NOTA,NOTA,7713,1661470
Uttar Pradesh,2014,68,Lalganj,SC,Hariprasad Sonkar,M,CPI,CPI,10523,1661470
Uttar Pradesh,2014,68,Lalganj,SC,Pradeep Kumar,M,RUC,RUC,14368,1661470
Uttar Pradesh,2014,68,Lalganj,SC,Balihari Babu,M,INC,INC,21832,1661470
Uttar Pradesh,2014,68,Lalganj,SC,Dr. Baliram,M,BSP,BSP,233971,1661470
Uttar Pradesh,2014,68,Lalganj,SC,Bechai Saroj,M,SP,SP,260930,1661470
Uttar Pradesh,2014,68,Lalganj,SC,Neelam Sonkar,F,BJP,BJP,324016,1661470
Uttar Pradesh,2014,69,Azamgarh,GEN,Kiran Sharama,F,BSCP,BSCP,1298,1703121
Uttar Pradesh,2014,69,Azamgarh,GEN,Durg Vijay Yadav,M,BMUP,BMUP,1566,1703121
Uttar Pradesh,2014,69,Azamgarh,GEN,Rajdhari Rajbhar,M,MOSP,MOSP,1695,1703121
Uttar Pradesh,2014,69,Azamgarh,GEN,Sugriv Chauhan,M,IND,IND,1882,1703121
Uttar Pradesh,2014,69,Azamgarh,GEN,Prakash Chandra,M,ssrd,ssrd,2103,1703121
Uttar Pradesh,2014,69,Azamgarh,GEN,Ram Singh Chauhan,M,IND,IND,2507,1703121
Uttar Pradesh,2014,69,Azamgarh,GEN,Rajesh Yadav,M,AAAP,AAAP,3082,1703121
Uttar Pradesh,2014,69,Azamgarh,GEN,Sanjay Chauhan,M,IND,IND,3517,1703121
Uttar Pradesh,2014,69,Azamgarh,GEN,Pramod Singh,M,IND,IND,3752,1703121
Uttar Pradesh,2014,69,Azamgarh,GEN,Santosh Kumar Gautam,M,MwSP,MwSP,3866,1703121
Uttar Pradesh,2014,69,Azamgarh,GEN,Sanjay Kumar Chaturvedi,M,ISSP,ISSP,4051,1703121
Uttar Pradesh,2014,69,Azamgarh,GEN,Shamshad Ahmad,M,IND,IND,4875,1703121
Uttar Pradesh,2014,69,Azamgarh,GEN,Madan,M,AITC,AITC,5207,1703121
Uttar Pradesh,2014,69,Azamgarh,GEN,None Of The Above,,NOTA,NOTA,5660,1703121
Uttar Pradesh,2014,69,Azamgarh,GEN,M. Amir Rashadi,M,RUC,RUC,13271,1703121
Uttar Pradesh,2014,69,Azamgarh,GEN,Arvind Kumar Jaiswal,M,INC,INC,17950,1703121
Uttar Pradesh,2014,69,Azamgarh,GEN,Shah Alam Alias Guddu Jamali,M,BSP,BSP,266528,1703121
Uttar Pradesh,2014,69,Azamgarh,GEN,Ramakant Yadav,M,BJP,BJP,277102,1703121
Uttar Pradesh,2014,69,Azamgarh,GEN,Mulayam Singh Yadav,M,SP,SP,340306,1703121
Uttar Pradesh,2014,70,Ghosi,GEN,Harinath,M,NAP,NAP,1786,1891112
Uttar Pradesh,2014,70,Ghosi,GEN,Rajkumar Chauhan,M,JPS,JPS,2246,1891112
Uttar Pradesh,2014,70,Ghosi,GEN,Ravi Shankar Bharat,M,JaRaP,JaRaP,2543,1891112
Uttar Pradesh,2014,70,Ghosi,GEN,Vishun Dayal,M,IND,IND,2721,1891112
Uttar Pradesh,2014,70,Ghosi,GEN,Hemant Kumar,M,BaSaP,BaSaP,2949,1891112
Uttar Pradesh,2014,70,Ghosi,GEN,Vijay Kumar Upadhyay,M,RKSP,RKSP,3826,1891112
Uttar Pradesh,2014,70,Ghosi,GEN,Surya Kumar,M,IND,IND,4030,1891112
Uttar Pradesh,2014,70,Ghosi,GEN,Harish Chandra,M,RJPK,RJPK,4130,1891112
Uttar Pradesh,2014,70,Ghosi,GEN,Manish Kumar Rai,M,AAAP,AAAP,4188,1891112
Uttar Pradesh,2014,70,Ghosi,GEN,None Of The Above,,NOTA,NOTA,4457,1891112
Uttar Pradesh,2014,70,Ghosi,GEN,Dr. Shameem Abidi,M,PECP,PECP,7581,1891112
Uttar Pradesh,2014,70,Ghosi,GEN,Badri Nath Yadav,M,RaCP,RaCP,7650,1891112
Uttar Pradesh,2014,70,Ghosi,GEN,Doodhnath Chauhan,M,IND,IND,8163,1891112
Uttar Pradesh,2014,70,Ghosi,GEN,Atul Kumar Singh Anjaan,M,CPI,CPI,18162,1891112
Uttar Pradesh,2014,70,Ghosi,GEN,Rashtra Kunwar Singh,M,INC,INC,19315,1891112
Uttar Pradesh,2014,70,Ghosi,GEN,Rajeev Kumar Rai,M,SP,SP,165887,1891112
Uttar Pradesh,2014,70,Ghosi,GEN,Mokhtar Ansari,M,QED,QED,166443,1891112
Uttar Pradesh,2014,70,Ghosi,GEN,Dara Singh Chauhan,M,BSP,BSP,233782,1891112
Uttar Pradesh,2014,70,Ghosi,GEN,Harinarayan Rajbhar,M,BJP,BJP,379797,1891112
Uttar Pradesh,2014,71,Salempur,GEN,Firoz Akhtar,M,RUC,RUC,1507,1661737
Uttar Pradesh,2014,71,Salempur,GEN,Dr Sanjay Kr. Singh,M,JD(U),JD(U),1675,1661737
Uttar Pradesh,2014,71,Salempur,GEN,Siyaram Das,M,IND,IND,2709,1661737
Uttar Pradesh,2014,71,Salempur,GEN,Shriram Chaudhary,M,CPI(ML)(L),CPI(ML)(L),3572,1661737
Uttar Pradesh,2014,71,Salempur,GEN,Sushant Raj Pathak,M,IND,IND,3631,1661737
Uttar Pradesh,2014,71,Salempur,GEN,Chandra Pratap Singh,M,AAAP,AAAP,4263,1661737
Uttar Pradesh,2014,71,Salempur,GEN,Ram Kripal,M,IND,IND,4377,1661737
Uttar Pradesh,2014,71,Salempur,GEN,Onkar Singh,M,SaSaP,SaSaP,4947,1661737
Uttar Pradesh,2014,71,Salempur,GEN,None Of The Above,,NOTA,NOTA,8322,1661737
Uttar Pradesh,2014,71,Salempur,GEN,Dr.Bhola Pandey,M,INC,INC,41890,1661737
Uttar Pradesh,2014,71,Salempur,GEN,Om Prakash Rajbhar,M,SBSP,SBSP,66084,1661737
Uttar Pradesh,2014,71,Salempur,GEN,Haribansh Sahai Kushwaha,M,SP,SP,159688,1661737
Uttar Pradesh,2014,71,Salempur,GEN,"Ravi Shanker Singh""Pappu""",M,BSP,BSP,159871,1661737
Uttar Pradesh,2014,71,Salempur,GEN,Ravindra Kushawaha,M,BJP,BJP,392213,1661737
Uttar Pradesh,2014,72,Ballia,GEN,Mannu Yadav,M,NAP,NAP,980,1768271
Uttar Pradesh,2014,72,Ballia,GEN,Ramji,M,BSD,BSD,1096,1768271
Uttar Pradesh,2014,72,Ballia,GEN,Suchit Gond,M,GGP,GGP,2506,1768271
Uttar Pradesh,2014,72,Ballia,GEN,Avadhesh Verma,M,BMUP,BMUP,2529,1768271
Uttar Pradesh,2014,72,Ballia,GEN,Bhola Nath,M,IND,IND,2815,1768271
Uttar Pradesh,2014,72,Ballia,GEN,Col(Retd) Bharat Singh Shaurya Chakra,M,AAAP,AAAP,3297,1768271
Uttar Pradesh,2014,72,Ballia,GEN,Sheshnath,M,IND,IND,3674,1768271
Uttar Pradesh,2014,72,Ballia,GEN,Manish,M,IND,IND,6166,1768271
Uttar Pradesh,2014,72,Ballia,GEN,Ramroop,M,jhspt,jhspt,6435,1768271
Uttar Pradesh,2014,72,Ballia,GEN,None Of The Above,,NOTA,NOTA,6670,1768271
Uttar Pradesh,2014,72,Ballia,GEN,Manoj,M,IND,IND,6833,1768271
Uttar Pradesh,2014,72,Ballia,GEN,Sudha Rai,F,INC,INC,13501,1768271
Uttar Pradesh,2014,72,Ballia,GEN,Virendra Kumar Pathak,M,BSP,BSP,141684,1768271
Uttar Pradesh,2014,72,Ballia,GEN,Afzal Ansari,M,QED,QED,163943,1768271
Uttar Pradesh,2014,72,Ballia,GEN,Neeraj Shekhar,M,SP,SP,220324,1768271
Uttar Pradesh,2014,72,Ballia,GEN,Bharat Singh,M,BJP,BJP,359758,1768271
Uttar Pradesh,2014,73,Jaunpur,GEN,Gulab Chand Dubey,M,SHS,SHS,1751,1848842
Uttar Pradesh,2014,73,Jaunpur,GEN,Dr. Sanjivan Bind,M,IND,IND,1863,1848842
Uttar Pradesh,2014,73,Jaunpur,GEN,Sarfaraj,M,PECP,PECP,2064,1848842
Uttar Pradesh,2014,73,Jaunpur,GEN,Vimal Kumar Yadav,M,IND,IND,2109,1848842
Uttar Pradesh,2014,73,Jaunpur,GEN,Arvind,M,SBSP,SBSP,2204,1848842
Uttar Pradesh,2014,73,Jaunpur,GEN,Rajesh Prajapati,M,SaDa,SaDa,2329,1848842
Uttar Pradesh,2014,73,Jaunpur,GEN,None Of The Above,,NOTA,NOTA,2595,1848842
Uttar Pradesh,2014,73,Jaunpur,GEN,Ravishankar Maurya,M,SUCI,SUCI,2608,1848842
Uttar Pradesh,2014,73,Jaunpur,GEN,Anil Kumar Singh,M,IND,IND,2694,1848842
Uttar Pradesh,2014,73,Jaunpur,GEN,Yogish Chandra Dubey,M,IND,IND,2773,1848842
Uttar Pradesh,2014,73,Jaunpur,GEN,Anupati Ram Yadav,M,BMUP,BMUP,4026,1848842
Uttar Pradesh,2014,73,Jaunpur,GEN,Premchand Bind,M,PMSP,PMSP,6814,1848842
Uttar Pradesh,2014,73,Jaunpur,GEN,Pramod Kumar Alias Pramod Bhai Patel,M,SPP,SPP,7206,1848842
Uttar Pradesh,2014,73,Jaunpur,GEN,Jogendra Prasad,M,IND,IND,7281,1848842
Uttar Pradesh,2014,73,Jaunpur,GEN,Shahabuddin,M,RUC,RUC,19636,1848842
Uttar Pradesh,2014,73,Jaunpur,GEN,Ravikant Yadav,M,IND,IND,20832,1848842
Uttar Pradesh,2014,73,Jaunpur,GEN,Ravi Kishan,M,INC,INC,42759,1848842
Uttar Pradesh,2014,73,Jaunpur,GEN,Dr. K. P. Yadav,M,AAAP,AAAP,43471,1848842
Uttar Pradesh,2014,73,Jaunpur,GEN,Dhananjay Singh,M,IND,IND,64137,1848842
Uttar Pradesh,2014,73,Jaunpur,GEN,Parasnath Yadav,M,SP,SP,180003,1848842
Uttar Pradesh,2014,73,Jaunpur,GEN,Subhash Pandey,M,BSP,BSP,220839,1848842
Uttar Pradesh,2014,73,Jaunpur,GEN,Krishna Pratap ''''''''K.P.'''''''',M,BJP,BJP,367149,1848842
Uttar Pradesh,2014,74,Machhlishahr,SC,Suresh Gautam,M,ARVP,ARVP,1467,1891969
Uttar Pradesh,2014,74,Machhlishahr,SC,Lalji,M,BSCP,BSCP,1543,1891969
Uttar Pradesh,2014,74,Machhlishahr,SC,Rajesh,M,JD(U),JD(U),1552,1891969
Uttar Pradesh,2014,74,Machhlishahr,SC,Sikandar,M,BMUP,BMUP,2114,1891969
Uttar Pradesh,2014,74,Machhlishahr,SC,Hari,M,SBSP,SBSP,2669,1891969
Uttar Pradesh,2014,74,Machhlishahr,SC,Omprakash Alias Ambedkar,M,IND,IND,2708,1891969
Uttar Pradesh,2014,74,Machhlishahr,SC,Rajesh Sonkar,M,IND,IND,4362,1891969
Uttar Pradesh,2014,74,Machhlishahr,SC,Harinath,M,IND,IND,5279,1891969
Uttar Pradesh,2014,74,Machhlishahr,SC,Shravan Kumar Paswan,M,IND,IND,7833,1891969
Uttar Pradesh,2014,74,Machhlishahr,SC,None Of The Above,,NOTA,NOTA,8448,1891969
Uttar Pradesh,2014,74,Machhlishahr,SC,Raj Alias Virendra Kumar Sonkar,M,AAAP,AAAP,9223,1891969
Uttar Pradesh,2014,74,Machhlishahr,SC,Subas Chandra,M,CPI,CPI,18777,1891969
Uttar Pradesh,2014,74,Machhlishahr,SC,Tufani Nishad,M,INC,INC,36275,1891969
Uttar Pradesh,2014,74,Machhlishahr,SC,Tufani,M,SP,SP,191387,1891969
Uttar Pradesh,2014,74,Machhlishahr,SC,Bholanath Alias B.P. Saroj,M,BSP,BSP,266055,1891969
Uttar Pradesh,2014,74,Machhlishahr,SC,Ram Charitra Nishad,M,BJP,BJP,438210,1891969
Uttar Pradesh,2014,75,Ghazipur,GEN,Gupteshwar,M,LD,LD,1111,1801519
Uttar Pradesh,2014,75,Ghazipur,GEN,Lakshaman,M,IND,IND,1588,1801519
Uttar Pradesh,2014,75,Ghazipur,GEN,Deendayal,M,PMSP,PMSP,2122,1801519
Uttar Pradesh,2014,75,Ghazipur,GEN,Omkar Chauhan,M,JPS,JPS,2416,1801519
Uttar Pradesh,2014,75,Ghazipur,GEN,Bharat,M,JRPa,JRPa,2484,1801519
Uttar Pradesh,2014,75,Ghazipur,GEN,Rajendra Nath Ram,M,BMUP,BMUP,3468,1801519
Uttar Pradesh,2014,75,Ghazipur,GEN,Pappu,M,EKSP,EKSP,3585,1801519
Uttar Pradesh,2014,75,Ghazipur,GEN,Ishwar Dev,M,ARVP,ARVP,4019,1801519
Uttar Pradesh,2014,75,Ghazipur,GEN,Kuber,M,IND,IND,4889,1801519
Uttar Pradesh,2014,75,Ghazipur,GEN,None Of The Above,,NOTA,NOTA,5611,1801519
Uttar Pradesh,2014,75,Ghazipur,GEN,Satya Dev Yadav,M,NAP,NAP,6381,1801519
Uttar Pradesh,2014,75,Ghazipur,GEN,Ishwari,M,CPI(ML)(L),CPI(ML)(L),6512,1801519
Uttar Pradesh,2014,75,Ghazipur,GEN,Brij Bhushan,M,AAAP,AAAP,6925,1801519
Uttar Pradesh,2014,75,Ghazipur,GEN,Mo. Maksud Khan,M,INC,INC,18908,1801519
Uttar Pradesh,2014,75,Ghazipur,GEN,Arun Kumar Singh,M,IND,IND,34093,1801519
Uttar Pradesh,2014,75,Ghazipur,GEN,Dharm Yadav Alias D.P.Yadav,M,RPD,RPD,59510,1801519
Uttar Pradesh,2014,75,Ghazipur,GEN,Kailash Nath Singh Yadav,M,BSP,BSP,241645,1801519
Uttar Pradesh,2014,75,Ghazipur,GEN,Smt Shivkanya Kushwaha,F,SP,SP,274477,1801519
Uttar Pradesh,2014,75,Ghazipur,GEN,Manoj Sinha,M,BJP,BJP,306929,1801519
Uttar Pradesh,2014,76,Chandauli,GEN,Mritunjaya Pandey,M,JaRaPa,JaRaPa,1318,1593133
Uttar Pradesh,2014,76,Chandauli,GEN,Chanchal,M,JRPa,JRPa,1362,1593133
Uttar Pradesh,2014,76,Chandauli,GEN,Ramashanker Singh Maurya,M,BSKD,BSKD,1423,1593133
Uttar Pradesh,2014,76,Chandauli,GEN,Gulvas,F,IND,IND,1482,1593133
Uttar Pradesh,2014,76,Chandauli,GEN,Sanjai,M,IND,IND,2148,1593133
Uttar Pradesh,2014,76,Chandauli,GEN,Ram Dular,M,CPI(ML)(L),CPI(ML)(L),2386,1593133
Uttar Pradesh,2014,76,Chandauli,GEN,Jitendra,M,GGP,GGP,2502,1593133
Uttar Pradesh,2014,76,Chandauli,GEN,Bindu,M,IND,IND,2769,1593133
Uttar Pradesh,2014,76,Chandauli,GEN,Shashi Sinha,F,ESKP,ESKP,2988,1593133
Uttar Pradesh,2014,76,Chandauli,GEN,None Of The Above,,NOTA,NOTA,3186,1593133
Uttar Pradesh,2014,76,Chandauli,GEN,Dr. Vinay Kumar Singh Yadav,M,INL,INL,3882,1593133
Uttar Pradesh,2014,76,Chandauli,GEN,Rajnarayan,M,IND,IND,4221,1593133
Uttar Pradesh,2014,76,Chandauli,GEN,Heeralal,M,BMUP,BMUP,4768,1593133
Uttar Pradesh,2014,76,Chandauli,GEN,Sanjeev Singh,M,SBSP,SBSP,4993,1593133
Uttar Pradesh,2014,76,Chandauli,GEN,Raja Jaiswal,M,AITC,AITC,6170,1593133
Uttar Pradesh,2014,76,Chandauli,GEN,Rajendra,M,PMSP,PMSP,7767,1593133
Uttar Pradesh,2014,76,Chandauli,GEN,Dr. Haridwar Singh Yadav,M,JD(U),JD(U),8756,1593133
Uttar Pradesh,2014,76,Chandauli,GEN,Irshad,M,AAAP,AAAP,15598,1593133
Uttar Pradesh,2014,76,Chandauli,GEN,Tarun Patel Urf Tarunendra Chand Patel,M,INC,INC,27194,1593133
Uttar Pradesh,2014,76,Chandauli,GEN,Ramkishun,M,SP,SP,204145,1593133
Uttar Pradesh,2014,76,Chandauli,GEN,Anil Kumar Maurya,M,BSP,BSP,257379,1593133
Uttar Pradesh,2014,76,Chandauli,GEN,Dr Mahendra Nath Pandey,M,BJP,BJP,414135,1593133
Uttar Pradesh,2014,77,Varanasi,GEN,Shiv Kumar Shah,M,IND,IND,312,1766487
Uttar Pradesh,2014,77,Varanasi,GEN,Rampyare Singh,M,IND,IND,423,1766487
Uttar Pradesh,2014,77,Varanasi,GEN,Satish Shankar Jayaswal,M,IND,IND,459,1766487
Uttar Pradesh,2014,77,Varanasi,GEN,Mahendra Mishra,M,IND,IND,573,1766487
Uttar Pradesh,2014,77,Varanasi,GEN,Satyaprakash Srivastava,M,IND,IND,599,1766487
Uttar Pradesh,2014,77,Varanasi,GEN,Rajiv Kumar Mishra,M,IND,IND,677,1766487
Uttar Pradesh,2014,77,Varanasi,GEN,Hari Lal,M,RaIP,RaIP,838,1766487
Uttar Pradesh,2014,77,Varanasi,GEN,Usman,M,RsAD,RsAD,878,1766487
Uttar Pradesh,2014,77,Varanasi,GEN,Ahmed Sohel Siddiqui,M,IND,IND,937,1766487
Uttar Pradesh,2014,77,Varanasi,GEN,Lallan,M,MaJP,MaJP,997,1766487
Uttar Pradesh,2014,77,Varanasi,GEN,Ravindra Kumar,M,IND,IND,1012,1766487
Uttar Pradesh,2014,77,Varanasi,GEN,Manoj Kumar Chaubey,M,IND,IND,1074,1766487
Uttar Pradesh,2014,77,Varanasi,GEN,Prabhat Kumar,M,IND,IND,1089,1766487
Uttar Pradesh,2014,77,Varanasi,GEN,Om Guru Charan Das Alias Vimal Kumar Singh,M,ssrd,ssrd,1144,1766487
Uttar Pradesh,2014,77,Varanasi,GEN,Ghanshyam,M,IND,IND,1151,1766487
Uttar Pradesh,2014,77,Varanasi,GEN,Bachchelal,M,LPSP,LPSP,1172,1766487
Uttar Pradesh,2014,77,Varanasi,GEN,Bachchan Prasad Yadav,M,IND,IND,1192,1766487
Uttar Pradesh,2014,77,Varanasi,GEN,Hemant Kumar Yadav,M,INL,INL,1202,1766487
Uttar Pradesh,2014,77,Varanasi,GEN,Narendra Bahadur Singh,M,IND,IND,1306,1766487
Uttar Pradesh,2014,77,Varanasi,GEN,Prakash Prasad,M,IND,IND,1361,1766487
Uttar Pradesh,2014,77,Varanasi,GEN,Rajendra Prasad (Garib Das),M,IND,IND,1367,1766487
Uttar Pradesh,2014,77,Varanasi,GEN,Ram Lakhan Gupta,M,JAP,JAP,1376,1766487
Uttar Pradesh,2014,77,Varanasi,GEN,Santosh Kumar,M,RVMP,RVMP,1434,1766487
Uttar Pradesh,2014,77,Varanasi,GEN,Johnson Thomas,M,IND,IND,1524,1766487
Uttar Pradesh,2014,77,Varanasi,GEN,Abhimanyu Singh Patel,M,BMUP,BMUP,1644,1766487
Uttar Pradesh,2014,77,Varanasi,GEN,Devi Prasad Nand,M,MADP,MADP,1740,1766487
Uttar Pradesh,2014,77,Varanasi,GEN,Pramod Kumar,M,IND,IND,1807,1766487
Uttar Pradesh,2014,77,Varanasi,GEN,Shivhari Agarwal,M,BhNP,BhNP,2000,1766487
Uttar Pradesh,2014,77,Varanasi,GEN,A.K. Aggarwal,M,AGRJP,AGRJP,2037,1766487
Uttar Pradesh,2014,77,Varanasi,GEN,None Of The Above,,NOTA,NOTA,2051,1766487
Uttar Pradesh,2014,77,Varanasi,GEN,Narendra Nath Dubey Adig,M,JSEP,JSEP,2277,1766487
Uttar Pradesh,2014,77,Varanasi,GEN,Iftekhar Kuraishi,M,IND,IND,2323,1766487
Uttar Pradesh,2014,77,Varanasi,GEN,Hiralal Yadav,M,CPM,CPM,2457,1766487
Uttar Pradesh,2014,77,Varanasi,GEN,Indira Tiwari,F,AITC,AITC,2674,1766487
Uttar Pradesh,2014,77,Varanasi,GEN,Baseer Kinnar,O,IND,IND,2850,1766487
Uttar Pradesh,2014,77,Varanasi,GEN,Sarvesh Kumar Gupta,M,IND,IND,3023,1766487
Uttar Pradesh,2014,77,Varanasi,GEN,Arun,M,BSCP,BSCP,3634,1766487
Uttar Pradesh,2014,77,Varanasi,GEN,Rajesh Bharti Surya,M,RaAD,RaAD,4327,1766487
Uttar Pradesh,2014,77,Varanasi,GEN,Kailash Chaurasiya,M,SP,SP,45291,1766487
Uttar Pradesh,2014,77,Varanasi,GEN,Vijay Prakash Jaisawal,M,BSP,BSP,60579,1766487
Uttar Pradesh,2014,77,Varanasi,GEN,Ajay Rai,M,INC,INC,75614,1766487
Uttar Pradesh,2014,77,Varanasi,GEN,Arvind Kejriwal,M,AAAP,AAAP,209238,1766487
Uttar Pradesh,2014,77,Varanasi,GEN,Narendra Modi,M,BJP,BJP,581022,1766487
Uttar Pradesh,2014,78,Bhadohi,GEN,Rajesh Kumar Alias Khanna Maurya,M,AMP,AMP,1920,1834598
Uttar Pradesh,2014,78,Bhadohi,GEN,Jagjeevan Ram Alias Jeevan Ram,M,IND,IND,1964,1834598
Uttar Pradesh,2014,78,Bhadohi,GEN,Chandrashekhar,M,IND,IND,2191,1834598
Uttar Pradesh,2014,78,Bhadohi,GEN,Ram Sagar Bind,M,QED,QED,2442,1834598
Uttar Pradesh,2014,78,Bhadohi,GEN,Jeevan Kumar Mallah,M,IND,IND,4169,1834598
Uttar Pradesh,2014,78,Bhadohi,GEN,Ram Sakha Tripathi,M,IND,IND,4319,1834598
Uttar Pradesh,2014,78,Bhadohi,GEN,Santraj Singh,M,IND,IND,4821,1834598
Uttar Pradesh,2014,78,Bhadohi,GEN,Ajay Kumar Maurya,M,PMSP,PMSP,5808,1834598
Uttar Pradesh,2014,78,Bhadohi,GEN,Dr. Akhilesh Kumar Dwivedi,M,NCP,NCP,7734,1834598
Uttar Pradesh,2014,78,Bhadohi,GEN,None Of The Above,,NOTA,NOTA,8969,1834598
Uttar Pradesh,2014,78,Bhadohi,GEN,Sartaj Imam,M,INC,INC,22573,1834598
Uttar Pradesh,2014,78,Bhadohi,GEN,Tej Bahadur Yadav Advocate,M,JD(U),JD(U),26995,1834598
Uttar Pradesh,2014,78,Bhadohi,GEN,Seema Mishra,F,SP,SP,238712,1834598
Uttar Pradesh,2014,78,Bhadohi,GEN,Rakesh Dhar Tripathi,M,BSP,BSP,245554,1834598
Uttar Pradesh,2014,78,Bhadohi,GEN,Virendra Singh,M,BJP,BJP,403695,1834598
Uttar Pradesh,2014,79,Mirzapur,GEN,Raja Ram,M,IND,IND,2010,1720661
Uttar Pradesh,2014,79,Mirzapur,GEN,Radheshyam Insan,M,BRPI,BRPI,2138,1720661
Uttar Pradesh,2014,79,Mirzapur,GEN,Girja Shankar Urf Chunmun,M,IND,IND,2363,1720661
Uttar Pradesh,2014,79,Mirzapur,GEN,Hinch Lal,M,IND,IND,2685,1720661
Uttar Pradesh,2014,79,Mirzapur,GEN,Adesh Tyagi,M,IND,IND,3300,1720661
Uttar Pradesh,2014,79,Mirzapur,GEN,Bhagwan Das,M,BMUP,BMUP,3324,1720661
Uttar Pradesh,2014,79,Mirzapur,GEN,Dr. Karnail Singh,M,IND,IND,3627,1720661
Uttar Pradesh,2014,79,Mirzapur,GEN,Jeera Bharti,F,CPI(ML)(L),CPI(ML)(L),4148,1720661
Uttar Pradesh,2014,79,Mirzapur,GEN,Jittoo Ram Ratna,M,LD,LD,4209,1720661
Uttar Pradesh,2014,79,Mirzapur,GEN,Sarvesh Dubey,M,RPI(A),RPI(A),4304,1720661
Uttar Pradesh,2014,79,Mirzapur,GEN,Brijesh Kumar Rai,M,AAAP,AAAP,4318,1720661
Uttar Pradesh,2014,79,Mirzapur,GEN,Shivraj Sahni,M,PMSP,PMSP,4405,1720661
Uttar Pradesh,2014,79,Mirzapur,GEN,None Of The Above,,NOTA,NOTA,4539,1720661
Uttar Pradesh,2014,79,Mirzapur,GEN,Vineet Sahai,M,AITC,AITC,4548,1720661
Uttar Pradesh,2014,79,Mirzapur,GEN,Devi,M,IND,IND,4639,1720661
Uttar Pradesh,2014,79,Mirzapur,GEN,Sukchara Nand Urf Aaloo Baba,M,SHS,SHS,4787,1720661
Uttar Pradesh,2014,79,Mirzapur,GEN,Ajad,M,GGP,GGP,6762,1720661
Uttar Pradesh,2014,79,Mirzapur,GEN,Santosh Kumar,M,SPP,SPP,6811,1720661
Uttar Pradesh,2014,79,Mirzapur,GEN,Ram Murat,M,IND,IND,7947,1720661
Uttar Pradesh,2014,79,Mirzapur,GEN,Ashok Kumar,M,IND,IND,11245,1720661
Uttar Pradesh,2014,79,Mirzapur,GEN,Surendra Singh Patel,M,SP,SP,108859,1720661
Uttar Pradesh,2014,79,Mirzapur,GEN,Lalitesh Pati Tripathi,M,INC,INC,152666,1720661
Uttar Pradesh,2014,79,Mirzapur,GEN,Samudra Bind,F,BSP,BSP,217457,1720661
Uttar Pradesh,2014,79,Mirzapur,GEN,Anupriya Singh Patel,F,AD,AD,436536,1720661
Uttar Pradesh,2014,80,Robertsganj,SC,Mangoi,M,BMUP,BMUP,2966,1639074
Uttar Pradesh,2014,80,Robertsganj,SC,Rajkumar,M,shsap,shsap,2982,1639074
Uttar Pradesh,2014,80,Robertsganj,SC,S. R. Darapuri,M,AIPF,AIPF,4891,1639074
Uttar Pradesh,2014,80,Robertsganj,SC,Gun Devi ( Gyani Devi),F,QED,QED,5307,1639074
Uttar Pradesh,2014,80,Robertsganj,SC,Arun Singh(Chero),M,IND,IND,5613,1639074
Uttar Pradesh,2014,80,Robertsganj,SC,Shankar Kol,M,CPI(ML)(L),CPI(ML)(L),6101,1639074
Uttar Pradesh,2014,80,Robertsganj,SC,Lawrence Anthony,M,IND,IND,7703,1639074
Uttar Pradesh,2014,80,Robertsganj,SC,Rambriksha,M,IND,IND,9408,1639074
Uttar Pradesh,2014,80,Robertsganj,SC,Ravi Shankar Kannaujia,M,AAAP,AAAP,9913,1639074
Uttar Pradesh,2014,80,Robertsganj,SC,None Of The Above,,NOTA,NOTA,18489,1639074
Uttar Pradesh,2014,80,Robertsganj,SC,Ashok Kumar Kannaoujiya,M,CPI,CPI,24363,1639074
Uttar Pradesh,2014,80,Robertsganj,SC,Bhagwati Prasad Chaudhary,M,INC,INC,86235,1639074
Uttar Pradesh,2014,80,Robertsganj,SC,Pakaudi Lal Kol,M,SP,SP,135966,1639074
Uttar Pradesh,2014,80,Robertsganj,SC,Sharada Prasad,M,BSP,BSP,187725,1639074
Uttar Pradesh,2014,80,Robertsganj,SC,Chhotelal,M,BJP,BJP,378211,1639074
Uttarakhand,2014,1,Tehri Garhwal,GEN,Jauhari Lal Suman(Muni),M,BMNSP,BMNSP,877,1352614
Uttarakhand,2014,1,Tehri Garhwal,GEN,Satendra Sharma,M,NADP,NADP,878,1352614
Uttarakhand,2014,1,Tehri Garhwal,GEN,Haji Mohd. Yousuf,M,PECP,PECP,900,1352614
Uttarakhand,2014,1,Tehri Garhwal,GEN,Barhm Dev Jha,M,IND,IND,1554,1352614
Uttarakhand,2014,1,Tehri Garhwal,GEN,Jai Prakash Upadhyay,M,IND,IND,1619,1352614
Uttarakhand,2014,1,Tehri Garhwal,GEN,Navneet Singh Gosain,M,raup,raup,1629,1352614
Uttarakhand,2014,1,Tehri Garhwal,GEN,Raju Maurya,M,IND,IND,1935,1352614
Uttarakhand,2014,1,Tehri Garhwal,GEN,Japinder Singh,M,RLD,RLD,1958,1352614
Uttarakhand,2014,1,Tehri Garhwal,GEN,Prem Singh Yadav,M,IND,IND,2007,1352614
Uttarakhand,2014,1,Tehri Garhwal,GEN,Gaurav Pundir,M,IND,IND,2302,1352614
Uttarakhand,2014,1,Tehri Garhwal,GEN,Shiv Prasad Deoli,M,CPM,CPM,6577,1352614
Uttarakhand,2014,1,Tehri Garhwal,GEN,Sohan Pal Singh,M,IND,IND,6672,1352614
Uttarakhand,2014,1,Tehri Garhwal,GEN,None Of The Above,,NOTA,NOTA,10762,1352614
Uttarakhand,2014,1,Tehri Garhwal,GEN,Shishpal Singh,M,BSP,BSP,11538,1352614
Uttarakhand,2014,1,Tehri Garhwal,GEN,Anoop Nautiyal,M,AAAP,AAAP,24043,1352614
Uttarakhand,2014,1,Tehri Garhwal,GEN,Saket Bahuguna,M,INC,INC,254230,1352614
Uttarakhand,2014,1,Tehri Garhwal,GEN,Mala Rajya Laxmi Shah,F,BJP,BJP,446733,1352614
Uttarakhand,2014,2,Garhwal,GEN,Anup Negi,M,IND,IND,2279,1267218
Uttarakhand,2014,2,Garhwal,GEN,Renu Agarwal,F,IND,IND,3051,1267218
Uttarakhand,2014,2,Garhwal,GEN,Abdul Salam,M,IND,IND,4510,1267218
Uttarakhand,2014,2,Garhwal,GEN,Narendra Singh Negi,M,CPI,CPI,6525,1267218
Uttarakhand,2014,2,Garhwal,GEN,Bhupal Singh Gusain (Ukd),M,IND,IND,6699,1267218
Uttarakhand,2014,2,Garhwal,GEN,(Dr) Rakesh Singh,M,AAAP,AAAP,6727,1267218
Uttarakhand,2014,2,Garhwal,GEN,Indresh Maikhuri,M,CPI(ML)(L),CPI(ML)(L),7470,1267218
Uttarakhand,2014,2,Garhwal,GEN,None Of The Above,,NOTA,NOTA,8659,1267218
Uttarakhand,2014,2,Garhwal,GEN,Dheer Singh Bisht,M,BSP,BSP,9250,1267218
Uttarakhand,2014,2,Garhwal,GEN,(Dr) Harak Singh Rawat,M,INC,INC,221164,1267218
Uttarakhand,2014,2,Garhwal,GEN,(Maj Gen (Retd.) ) Bhuwan Chandra Khanduri (Avsm),M,BJP,BJP,405690,1267218
Uttarakhand,2014,3,Almora,SC,Bhagawati Prasad Trikoti,M,SP,SP,1851,1253541
Uttarakhand,2014,3,Almora,SC,Amar Prakash,M,UPP,UPP,2045,1253541
Uttarakhand,2014,3,Almora,SC,Vijay Kumar,M,CPI(ML)(L),CPI(ML)(L),2392,1253541
Uttarakhand,2014,3,Almora,SC,Bansi Ram,M,IND,IND,3857,1253541
Uttarakhand,2014,3,Almora,SC,Harish Chandra Arya,M,AAAP,AAAP,7916,1253541
Uttarakhand,2014,3,Almora,SC,Sajjan Lal Tamta,M,IND,IND,8387,1253541
Uttarakhand,2014,3,Almora,SC,Bahadur Ram Dhauni,M,BSP,BSP,14150,1253541
Uttarakhand,2014,3,Almora,SC,None Of The Above,,NOTA,NOTA,15245,1253541
Uttarakhand,2014,3,Almora,SC,Pradeep Tamta,M,INC,INC,252496,1253541
Uttarakhand,2014,3,Almora,SC,Ajay Tamta,M,BJP,BJP,348186,1253541
Uttarakhand,2014,4,Nainital-Udhamsingh Nagar,GEN,Khashti Suyal,F,BCP,BCP,802,1610811
Uttarakhand,2014,4,Nainital-Udhamsingh Nagar,GEN,Asharam Kashyap,M,RMGP,RMGP,1037,1610811
Uttarakhand,2014,4,Nainital-Udhamsingh Nagar,GEN,Ram Singh,M,PECP,PECP,1064,1610811
Uttarakhand,2014,4,Nainital-Udhamsingh Nagar,GEN,Kailash Pandey,M,CPI(ML)(L),CPI(ML)(L),1530,1610811
Uttarakhand,2014,4,Nainital-Udhamsingh Nagar,GEN,Kailash Chandra,M,IND,IND,1635,1610811
Uttarakhand,2014,4,Nainital-Udhamsingh Nagar,GEN,Bhagwan Swaroop,M,IND,IND,1869,1610811
Uttarakhand,2014,4,Nainital-Udhamsingh Nagar,GEN,Shakil Ahmed,M,IND,IND,2529,1610811
Uttarakhand,2014,4,Nainital-Udhamsingh Nagar,GEN,Sheeshpalarya,M,ANC,ANC,2706,1610811
Uttarakhand,2014,4,Nainital-Udhamsingh Nagar,GEN,Bhuwan Chandra Joshi,M,IND,IND,3180,1610811
Uttarakhand,2014,4,Nainital-Udhamsingh Nagar,GEN,D.S.Rawal,M,BKLJP,BKLJP,3392,1610811
Uttarakhand,2014,4,Nainital-Udhamsingh Nagar,GEN,Avtar Singh,M,SP,SP,9825,1610811
Uttarakhand,2014,4,Nainital-Udhamsingh Nagar,GEN,None Of The Above,,NOTA,NOTA,10328,1610811
Uttarakhand,2014,4,Nainital-Udhamsingh Nagar,GEN,Balli Singh Cheema,M,AAAP,AAAP,13472,1610811
Uttarakhand,2014,4,Nainital-Udhamsingh Nagar,GEN,Laik Ahmed,M,BSP,BSP,59245,1610811
Uttarakhand,2014,4,Nainital-Udhamsingh Nagar,GEN,K.C.Singh Baba,M,INC,INC,352052,1610811
Uttarakhand,2014,4,Nainital-Udhamsingh Nagar,GEN,Bhagat Singh Koshyari,M,BJP,BJP,636769,1610811
Uttarakhand,2014,5,Hardwar,GEN,Pervez Aqil,M,AIMF,AIMF,454,1642873
Uttarakhand,2014,5,Hardwar,GEN,Javed,M,ABML(S),ABML(S),614,1642873
Uttarakhand,2014,5,Hardwar,GEN,V. K. Kampani,M,PHRC,PHRC,637,1642873
Uttarakhand,2014,5,Hardwar,GEN,Mukesh Saini,M,BMUP,BMUP,664,1642873
Uttarakhand,2014,5,Hardwar,GEN,Anand Kumar Verma,M,HKRD,HKRD,710,1642873
Uttarakhand,2014,5,Hardwar,GEN,Pramod Rana,M,IND,IND,765,1642873
Uttarakhand,2014,5,Hardwar,GEN,Sunil,M,IND,IND,820,1642873
Uttarakhand,2014,5,Hardwar,GEN,Sanjay Goyal,M,NADP,NADP,915,1642873
Uttarakhand,2014,5,Hardwar,GEN,Rakesh,M,IND,IND,1015,1642873
Uttarakhand,2014,5,Hardwar,GEN,Vishal Chaudhary,M,SHS,SHS,1043,1642873
Uttarakhand,2014,5,Hardwar,GEN,Mohar Singh Kataria,M,IND,IND,1051,1642873
Uttarakhand,2014,5,Hardwar,GEN,Ramnaresh Yadav,M,kajp,kajp,1117,1642873
Uttarakhand,2014,5,Hardwar,GEN,Abdul Aleem,M,IND,IND,1682,1642873
Uttarakhand,2014,5,Hardwar,GEN,Brigadier Govind Prasad Barthwal Vsm,M,IND,IND,1888,1642873
Uttarakhand,2014,5,Hardwar,GEN,D.D.Sharma,M,IND,IND,2067,1642873
Uttarakhand,2014,5,Hardwar,GEN,Asraf,M,IND,IND,2535,1642873
Uttarakhand,2014,5,Hardwar,GEN,Jai Singh,M,IND,IND,2769,1642873
Uttarakhand,2014,5,Hardwar,GEN,None Of The Above,,NOTA,NOTA,3049,1642873
Uttarakhand,2014,5,Hardwar,GEN,Ishwar Chand,M,IND,IND,3740,1642873
Uttarakhand,2014,5,Hardwar,GEN,Razia Beg,F,IND,IND,3741,1642873
Uttarakhand,2014,5,Hardwar,GEN,Anita Saini,F,SP,SP,5765,1642873
Uttarakhand,2014,5,Hardwar,GEN,Kanchan Choudhry,F,AAAP,AAAP,18170,1642873
Uttarakhand,2014,5,Hardwar,GEN,Haji Mohd Islam,M,BSP,BSP,113663,1642873
Uttarakhand,2014,5,Hardwar,GEN,Renuka Rawat,F,INC,INC,414498,1642873
Uttarakhand,2014,5,Hardwar,GEN,Ramesh Pokhriyal Nishank,M,BJP,BJP,592320,1642873
West Bengal,2014,1,Cooch Behar,SC,Dalendra Nath Ray,M,AMB,AMB,4169,1613403
West Bengal,2014,1,Cooch Behar,SC,Hitendra Das,M,IND,IND,5059,1613403
West Bengal,2014,1,Cooch Behar,SC,Pijush Barman,M,WPOI,WPOI,5137,1613403
West Bengal,2014,1,Cooch Behar,SC,Harekrishna Sarkar,M,RPI(A),RPI(A),5796,1613403
West Bengal,2014,1,Cooch Behar,SC,Nripen Karjee,M,SUCI,SUCI,6742,1613403
West Bengal,2014,1,Cooch Behar,SC,Kamal Krishna Bairagi,M,RaJSP,RaJSP,7125,1613403
West Bengal,2014,1,Cooch Behar,SC,None Of The Above,,NOTA,NOTA,11409,1613403
West Bengal,2014,1,Cooch Behar,SC,Bangshi Badan Barman,M,IND,IND,13205,1613403
West Bengal,2014,1,Cooch Behar,SC,Girindra Nath Barman,M,BSP,BSP,15683,1613403
West Bengal,2014,1,Cooch Behar,SC,Keshab Chandra Ray,M,INC,INC,74540,1613403
West Bengal,2014,1,Cooch Behar,SC,Hem Chandra Barman,M,BJP,BJP,217653,1613403
West Bengal,2014,1,Cooch Behar,SC,Dipak Kumar Roy,M,AIFB,AIFB,439392,1613403
West Bengal,2014,1,Cooch Behar,SC,Renuka Sinha,F,AITC,AITC,526499,1613403
West Bengal,2014,2,Alipurduars,ST,Bilkan Bara,M,SWJP,SWJP,5340,1470911
West Bengal,2014,2,Alipurduars,ST,Ishabela Kujur,F,RaJSP,RaJSP,5961,1470911
West Bengal,2014,2,Alipurduars,ST,Subash Chik Baraik,M,SUCI,SUCI,7131,1470911
West Bengal,2014,2,Alipurduars,ST,Dr. Kapin Ch. Boro,M,IND,IND,7676,1470911
West Bengal,2014,2,Alipurduars,ST,Paul Dexion Khariya,M,IND,IND,10450,1470911
West Bengal,2014,2,Alipurduars,ST,Eliash Narjinary,M,BSP,BSP,11039,1470911
West Bengal,2014,2,Alipurduars,ST,None Of The Above,,NOTA,NOTA,19885,1470911
West Bengal,2014,2,Alipurduars,ST,Joseph Munda,M,INC,INC,116718,1470911
West Bengal,2014,2,Alipurduars,ST,Birendra Bara (Oraon),M,BJP,BJP,335857,1470911
West Bengal,2014,2,Alipurduars,ST,Manohar Tirkey,M,RSP,RSP,341056,1470911
West Bengal,2014,2,Alipurduars,ST,Dasrath Tirkey,M,AITC,AITC,362453,1470911
West Bengal,2014,3,Jalpaiguri,SC,Dhirendra Nath Roy,M,AMB,AMB,2835,1531469
West Bengal,2014,3,Jalpaiguri,SC,Dhritiman Roy,M,RaJSP,RaJSP,4501,1531469
West Bengal,2014,3,Jalpaiguri,SC,Dilip Sarkar,M,BMUP,BMUP,4900,1531469
West Bengal,2014,3,Jalpaiguri,SC,Haripada Barman,M,RJNP,RJNP,6608,1531469
West Bengal,2014,3,Jalpaiguri,SC,Harekrishna Sarkar,M,RPI(A),RPI(A),7636,1531469
West Bengal,2014,3,Jalpaiguri,SC,Subhas Biswas,M,IND,IND,8545,1531469
West Bengal,2014,3,Jalpaiguri,SC,Haribhakta Sardar,M,SUCI,SUCI,9283,1531469
West Bengal,2014,3,Jalpaiguri,SC,Kshitish Chandra Mandal,M,BSP,BSP,12147,1531469
West Bengal,2014,3,Jalpaiguri,SC,None Of The Above,,NOTA,NOTA,16541,1531469
West Bengal,2014,3,Jalpaiguri,SC,Sukhbilas Barma,M,INC,INC,87588,1531469
West Bengal,2014,3,Jalpaiguri,SC,Satyalal Sarkar,M,BJP,BJP,221593,1531469
West Bengal,2014,3,Jalpaiguri,SC,Mahendra Kumar Roy,M,CPM,CPM,425167,1531469
West Bengal,2014,3,Jalpaiguri,SC,Bijoy Chandra Barman,M,AITC,AITC,494773,1531469
West Bengal,2014,4,Darjeeling,GEN,Niranjan Saha,M,AMB,AMB,2029,1437154
West Bengal,2014,4,Darjeeling,GEN,Lalit Singha,M,BMUP,BMUP,2100,1437154
West Bengal,2014,4,Darjeeling,GEN,Nima Lama,M,grac,grac,2906,1437154
West Bengal,2014,4,Darjeeling,GEN,Sunil Pandit,M,RJNP,RJNP,3043,1437154
West Bengal,2014,4,Darjeeling,GEN,Goutam Bhattacharya,M,SUCI,SUCI,3993,1437154
West Bengal,2014,4,Darjeeling,GEN,Arun Kumar Agarwal,M,IND,IND,5449,1437154
West Bengal,2014,4,Darjeeling,GEN,Kakali Majumdar (Roy),F,BSP,BSP,6040,1437154
West Bengal,2014,4,Darjeeling,GEN,Rabindra Roy Basunia,M,IND,IND,6100,1437154
West Bengal,2014,4,Darjeeling,GEN,None Of The Above,,NOTA,NOTA,18045,1437154
West Bengal,2014,4,Darjeeling,GEN,Mahendra P. Lama,M,IND,IND,55767,1437154
West Bengal,2014,4,Darjeeling,GEN,Sujay Ghatak,M,INC,INC,90076,1437154
West Bengal,2014,4,Darjeeling,GEN,Saman Pathak (Suraj),M,CPM,CPM,167186,1437154
West Bengal,2014,4,Darjeeling,GEN,Bhai Chung Bhutia,M,AITC,AITC,291018,1437154
West Bengal,2014,4,Darjeeling,GEN,S.S.Ahluwalia,M,BJP,BJP,488257,1437154
West Bengal,2014,5,Raiganj,GEN,Nandakishor Singha,M,AMB,AMB,3338,1387526
West Bengal,2014,5,Raiganj,GEN,Zameerul Hasan,M,AIUDF,AIUDF,3471,1387526
West Bengal,2014,5,Raiganj,GEN,Pasarul Alam,M,AAAP,AAAP,3614,1387526
West Bengal,2014,5,Raiganj,GEN,Bablu Soren,M,JDP,JDP,5544,1387526
West Bengal,2014,5,Raiganj,GEN,Subrata Adhikary,M,IND,IND,5548,1387526
West Bengal,2014,5,Raiganj,GEN,Swapan Kumar Das,M,BSP,BSP,5629,1387526
West Bengal,2014,5,Raiganj,GEN,Dulal Rajbanshi,M,SUCI,SUCI,8592,1387526
West Bengal,2014,5,Raiganj,GEN,None Of The Above,,NOTA,NOTA,10929,1387526
West Bengal,2014,5,Raiganj,GEN,Sudiip Ranjan Sen,M,SP,SP,32303,1387526
West Bengal,2014,5,Raiganj,GEN,Pabitra Ranjan Dasmunshi (Satya),M,AITC,AITC,192698,1387526
West Bengal,2014,5,Raiganj,GEN,Nimu Bhowmick,M,BJP,BJP,203131,1387526
West Bengal,2014,5,Raiganj,GEN,Deepa Dasmunsi,F,INC,INC,315881,1387526
West Bengal,2014,5,Raiganj,GEN,Md. Salim,M,CPM,CPM,317515,1387526
West Bengal,2014,6,Balurghat,GEN,Manas Chakraborty (Ganesh),M,CPIM,CPIM,1466,1254497
West Bengal,2014,6,Balurghat,GEN,Ranendranath Mali,M,BMUP,BMUP,1687,1254497
West Bengal,2014,6,Balurghat,GEN,Islam Nural,M,SUCI,SUCI,2644,1254497
West Bengal,2014,6,Balurghat,GEN,Sasti Chandra Sarkar,M,RaJSP,RaJSP,3969,1254497
West Bengal,2014,6,Balurghat,GEN,Rajen Hansda,M,BSP,BSP,4581,1254497
West Bengal,2014,6,Balurghat,GEN,Som Hemram,M,JDP,JDP,4774,1254497
West Bengal,2014,6,Balurghat,GEN,Siben Sarkar,M,IND,IND,5647,1254497
West Bengal,2014,6,Balurghat,GEN,Abdus Sadek Sarkar,M,AIUDF,AIUDF,10547,1254497
West Bengal,2014,6,Balurghat,GEN,None Of The Above,,NOTA,NOTA,11691,1254497
West Bengal,2014,6,Balurghat,GEN,Om Prakas Mishra,M,INC,INC,80715,1254497
West Bengal,2014,6,Balurghat,GEN,Biswapriya Roy Choudhury,M,BJP,BJP,223014,1254497
West Bengal,2014,6,Balurghat,GEN,Bimalendu Sarkar (Bimal),M,RSP,RSP,302677,1254497
West Bengal,2014,6,Balurghat,GEN,Arpita Ghosh,F,AITC,AITC,409641,1254497
West Bengal,2014,7,Maldaha Uttar,GEN,Minara Khatun,F,HKRD,HKRD,3348,1425428
West Bengal,2014,7,Maldaha Uttar,GEN,Bishnupada Barman,M,AMB,AMB,4225,1425428
West Bengal,2014,7,Maldaha Uttar,GEN,Abdul Khaleque,M,AIUDF,AIUDF,4650,1425428
West Bengal,2014,7,Maldaha Uttar,GEN,Monatan Hembram,M,BMUP,BMUP,4696,1425428
West Bengal,2014,7,Maldaha Uttar,GEN,Chitta Ranjan Kirttania,M,BSP,BSP,6229,1425428
West Bengal,2014,7,Maldaha Uttar,GEN,Suren Murmu,M,IND,IND,6446,1425428
West Bengal,2014,7,Maldaha Uttar,GEN,Imanuyel Hemram (Baidya),M,JDP,JDP,6805,1425428
West Bengal,2014,7,Maldaha Uttar,GEN,Nurul Islam Majidi,M,WPOI,WPOI,7128,1425428
West Bengal,2014,7,Maldaha Uttar,GEN,Gautam Sarkar,M,SUCI,SUCI,8988,1425428
West Bengal,2014,7,Maldaha Uttar,GEN,None Of The Above,,NOTA,NOTA,10481,1425428
West Bengal,2014,7,Maldaha Uttar,GEN,Milan Das,M,SP,SP,12163,1425428
West Bengal,2014,7,Maldaha Uttar,GEN,Subhash Krishna Goswami,M,BJP,BJP,179000,1425428
West Bengal,2014,7,Maldaha Uttar,GEN,Soumitra Ray,M,AITC,AITC,197313,1425428
West Bengal,2014,7,Maldaha Uttar,GEN,Khagen Murmu,M,CPM,CPM,322904,1425428
West Bengal,2014,7,Maldaha Uttar,GEN,Mausam Noor,F,INC,INC,388609,1425428
West Bengal,2014,8,Maldaha Dakshin,GEN,Firoz Akhtar,M,BMUP,BMUP,1342,1347143
West Bengal,2014,8,Maldaha Dakshin,GEN,Dipak Singh,M,RaJSP,RaJSP,1449,1347143
West Bengal,2014,8,Maldaha Dakshin,GEN,Bimal Mardi,M,JDP,JDP,1921,1347143
West Bengal,2014,8,Maldaha Dakshin,GEN,Nasmul Hoque,M,PDS,PDS,2466,1347143
West Bengal,2014,8,Maldaha Dakshin,GEN,Mursed Sekh,M,RPI(A),RPI(A),2720,1347143
West Bengal,2014,8,Maldaha Dakshin,GEN,Md Faruque Hossain (Sahityaratna),M,IUML,IUML,3282,1347143
West Bengal,2014,8,Maldaha Dakshin,GEN,Md Ezaruddin,M,JeSM,JeSM,3377,1347143
West Bengal,2014,8,Maldaha Dakshin,GEN,Nikhil Chandra Mandal,M,BSP,BSP,6138,1347143
West Bengal,2014,8,Maldaha Dakshin,GEN,Naresh Rishi,M,IND,IND,6616,1347143
West Bengal,2014,8,Maldaha Dakshin,GEN,None Of The Above,,NOTA,NOTA,8392,1347143
West Bengal,2014,8,Maldaha Dakshin,GEN,Sadhan Chatterjee,M,IND,IND,10536,1347143
West Bengal,2014,8,Maldaha Dakshin,GEN,Manjur Alahi Munshi,M,IND,IND,11426,1347143
West Bengal,2014,8,Maldaha Dakshin,GEN,Imtiaz Ahmed Mollah,M,SDPI,SDPI,12952,1347143
West Bengal,2014,8,Maldaha Dakshin,GEN,Md Najrul Islam,M,AIUDF,AIUDF,21207,1347143
West Bengal,2014,8,Maldaha Dakshin,GEN,Md Moazzem Hossain,M,AITC,AITC,192632,1347143
West Bengal,2014,8,Maldaha Dakshin,GEN,Abul Hasnat Khan,M,CPM,CPM,209480,1347143
West Bengal,2014,8,Maldaha Dakshin,GEN,Bisnu Pada Roy,M,BJP,BJP,216180,1347143
West Bengal,2014,8,Maldaha Dakshin,GEN,Abu Hasem Khan Chowdhury,M,INC,INC,380291,1347143
West Bengal,2014,9,Jangipur,GEN,Md. Ginnatulla Sk,M,JeSM,JeSM,2318,1391656
West Bengal,2014,9,Jangipur,GEN,Dhananjay Banerjee,M,AMB,AMB,3019,1391656
West Bengal,2014,9,Jangipur,GEN,Sanjit Singh,M,BSP,BSP,5507,1391656
West Bengal,2014,9,Jangipur,GEN,Abdus Sayeed,M,SUCI,SUCI,7926,1391656
West Bengal,2014,9,Jangipur,GEN,Monirul Islam,M,WPOI,WPOI,9476,1391656
West Bengal,2014,9,Jangipur,GEN,Abhijit Sarkar,M,IND,IND,10055,1391656
West Bengal,2014,9,Jangipur,GEN,None Of The Above,,NOTA,NOTA,11079,1391656
West Bengal,2014,9,Jangipur,GEN,Md. Sahabuddin,M,SDPI,SDPI,17257,1391656
West Bengal,2014,9,Jangipur,GEN,Samrat Ghosh,M,BJP,BJP,96751,1391656
West Bengal,2014,9,Jangipur,GEN,Sk Nurul Islam,M,AITC,AITC,207455,1391656
West Bengal,2014,9,Jangipur,GEN,Muzaffar Hossain,M,CPM,CPM,370040,1391656
West Bengal,2014,9,Jangipur,GEN,Abhijit Mukherjee,M,INC,INC,378201,1391656
West Bengal,2014,10,Baharampur,GEN,Abdus Sukur,M,IUML,IUML,4322,1453783
West Bengal,2014,10,Baharampur,GEN,Kushadhwaj Bala,M,BSP,BSP,4676,1453783
West Bengal,2014,10,Baharampur,GEN,Md. Ezaruddin,M,JeSM,JeSM,4869,1453783
West Bengal,2014,10,Baharampur,GEN,None Of The Above,,NOTA,NOTA,11192,1453783
West Bengal,2014,10,Baharampur,GEN,Badrul Sekh,M,SDPI,SDPI,11642,1453783
West Bengal,2014,10,Baharampur,GEN,Debes Adhikari,M,BJP,BJP,81656,1453783
West Bengal,2014,10,Baharampur,GEN,Pramothes Mukherjee,M,RSP,RSP,225699,1453783
West Bengal,2014,10,Baharampur,GEN,Indranil Sen,M,AITC,AITC,226982,1453783
West Bengal,2014,10,Baharampur,GEN,Adhir Ranjan Chowdhury,M,INC,INC,583549,1453783
West Bengal,2014,11,Murshidabad,GEN,Swapan Kumar Mandal,M,AMB,AMB,4260,1512098
West Bengal,2014,11,Murshidabad,GEN,Asim Kumar Das,M,IND,IND,4539,1512098
West Bengal,2014,11,Murshidabad,GEN,Abdul Bari,M,IUML,IUML,5383,1512098
West Bengal,2014,11,Murshidabad,GEN,Jitendra Nath Halder,M,BSP,BSP,5722,1512098
West Bengal,2014,11,Murshidabad,GEN,Masudul Islam,M,SDPI,SDPI,6010,1512098
West Bengal,2014,11,Murshidabad,GEN,Md. Khodabox Sekh,M,WPOI,WPOI,6445,1512098
West Bengal,2014,11,Murshidabad,GEN,Kamarujjaman Khandekar(Bakul),M,SUCI,SUCI,8378,1512098
West Bengal,2014,11,Murshidabad,GEN,None Of The Above,,NOTA,NOTA,10156,1512098
West Bengal,2014,11,Murshidabad,GEN,Md. Najmul Hoque,M,AIUDF,AIUDF,11333,1512098
West Bengal,2014,11,Murshidabad,GEN,Sujit Kumar Ghosh,M,BJP,BJP,101069,1512098
West Bengal,2014,11,Murshidabad,GEN,Ali Mohammad,M,AITC,AITC,289027,1512098
West Bengal,2014,11,Murshidabad,GEN,Abdul Mannan Hossain,M,INC,INC,408494,1512098
West Bengal,2014,11,Murshidabad,GEN,Badaruddoza Khan,M,CPM,CPM,426947,1512098
West Bengal,2014,12,Krishnanagar,GEN,Ahamed Hossain,M,IUML,IUML,3749,1476783
West Bengal,2014,12,Krishnanagar,GEN,Molla Jaforulla,M,BMUP,BMUP,4865,1476783
West Bengal,2014,12,Krishnanagar,GEN,Harashit Biswas,M,BSP,BSP,6168,1476783
West Bengal,2014,12,Krishnanagar,GEN,Kamal Datta,M,SUCI,SUCI,7214,1476783
West Bengal,2014,12,Krishnanagar,GEN,None Of The Above,,NOTA,NOTA,7642,1476783
West Bengal,2014,12,Krishnanagar,GEN,Subimal Sengupta,M,CPI(ML)(L),CPI(ML)(L),7777,1476783
West Bengal,2014,12,Krishnanagar,GEN,Ahmed Razia,F,INC,INC,74789,1476783
West Bengal,2014,12,Krishnanagar,GEN,Satya Brata Mookherjee,M,BJP,BJP,329387,1476783
West Bengal,2014,12,Krishnanagar,GEN,Jha Shantanu,M,CPM,CPM,367534,1476783
West Bengal,2014,12,Krishnanagar,GEN,Tapas Paul,M,AITC,AITC,438789,1476783
West Bengal,2014,13,Ranaghat,SC,Chaitanya Barai,M,NSBP,NSBP,3829,1602849
West Bengal,2014,13,Ranaghat,SC,Nadiyar Chand Mondal,M,RPI(A),RPI(A),3992,1602849
West Bengal,2014,13,Ranaghat,SC,Paresh Halder,M,SUCI,SUCI,7952,1602849
West Bengal,2014,13,Ranaghat,SC,Subhas Chandra Sarkar,M,IND,IND,8658,1602849
West Bengal,2014,13,Ranaghat,SC,Utpala Biswas,F,BSP,BSP,9116,1602849
West Bengal,2014,13,Ranaghat,SC,None Of The Above,,NOTA,NOTA,14626,1602849
West Bengal,2014,13,Ranaghat,SC,Pratap Kanti Ray,M,INC,INC,92218,1602849
West Bengal,2014,13,Ranaghat,SC,Supravat Biswas,M,BJP,BJP,233670,1602849
West Bengal,2014,13,Ranaghat,SC,Archana Biswas,F,CPM,CPM,388684,1602849
West Bengal,2014,13,Ranaghat,SC,Tapas Mandal,M,AITC,AITC,590451,1602849
West Bengal,2014,14,Bangaon,SC,Pinaki Ranjan Bharati,M,TRMRPPI,TRMRPPI,1071,1540713
West Bengal,2014,14,Bangaon,SC,Sarat Chandra Mandal,M,RAHM,RAHM,1172,1540713
West Bengal,2014,14,Bangaon,SC,Shyam Prasad Mondal,M,PDS,PDS,2624,1540713
West Bengal,2014,14,Bangaon,SC,Tarapada Biswas,M,AMB,AMB,2848,1540713
West Bengal,2014,14,Bangaon,SC,Swapan Mondal,M,SUCI,SUCI,3589,1540713
West Bengal,2014,14,Bangaon,SC,Pranita Mandal,F,IND,IND,8738,1540713
West Bengal,2014,14,Bangaon,SC,Chandan Mallick,M,BSP,BSP,9207,1540713
West Bengal,2014,14,Bangaon,SC,None Of The Above,,NOTA,NOTA,9965,1540713
West Bengal,2014,14,Bangaon,SC,Ila Mondal,F,INC,INC,43866,1540713
West Bengal,2014,14,Bangaon,SC,K.D. Biswas,M,BJP,BJP,244783,1540713
West Bengal,2014,14,Bangaon,SC,Debesh Das,M,CPM,CPM,404612,1540713
West Bengal,2014,14,Bangaon,SC,Kapil Krishna Thakur,M,AITC,AITC,551213,1540713
West Bengal,2014,15,Barrackpore,GEN,Mihir Biswas,M,AAAP,AAAP,1787,1287222
West Bengal,2014,15,Barrackpore,GEN,Sharmistha Choudhury,F,CPIM,CPIM,2036,1287222
West Bengal,2014,15,Barrackpore,GEN,Pradip Chaudhuri,M,SUCI,SUCI,2200,1287222
West Bengal,2014,15,Barrackpore,GEN,Girish Chandra Singh,M,IND,IND,3132,1287222
West Bengal,2014,15,Barrackpore,GEN,Om Prakash Shaw,M,IND,IND,3555,1287222
West Bengal,2014,15,Barrackpore,GEN,Omprakash Rajbhar,M,CPI(ML)(L),CPI(ML)(L),4416,1287222
West Bengal,2014,15,Barrackpore,GEN,Dina Shankar Singh,M,IND,IND,5036,1287222
West Bengal,2014,15,Barrackpore,GEN,Tapas Sarkar,M,BSP,BSP,5458,1287222
West Bengal,2014,15,Barrackpore,GEN,None Of The Above,,NOTA,NOTA,10979,1287222
West Bengal,2014,15,Barrackpore,GEN,Samrat Topadar,M,INC,INC,30491,1287222
West Bengal,2014,15,Barrackpore,GEN,Rumesh Kumar Handa,M,BJP,BJP,230401,1287222
West Bengal,2014,15,Barrackpore,GEN,Subhashini Ali,F,CPM,CPM,272433,1287222
West Bengal,2014,15,Barrackpore,GEN,Dinesh Trivedi,M,AITC,AITC,479206,1287222
West Bengal,2014,16,Dum Dum,GEN,Sikha Sen Roy,F,CPIM,CPIM,1544,1405981
West Bengal,2014,16,Dum Dum,GEN,Satyabrata Bandyopadhyay,M,RaJSP,RaJSP,1618,1405981
West Bengal,2014,16,Dum Dum,GEN,Sukha Ranjan Banik,M,IND,IND,3256,1405981
West Bengal,2014,16,Dum Dum,GEN,Narendra Nath Ghosh (Naren Ghosh),M,BSP,BSP,4077,1405981
West Bengal,2014,16,Dum Dum,GEN,Ashok Kundu,M,PDS,PDS,4823,1405981
West Bengal,2014,16,Dum Dum,GEN,None Of The Above,,NOTA,NOTA,16837,1405981
West Bengal,2014,16,Dum Dum,GEN,Dhananjay (Shakti) Moitra,M,INC,INC,34116,1405981
West Bengal,2014,16,Dum Dum,GEN,Tapan Sikdar,M,BJP,BJP,254819,1405981
West Bengal,2014,16,Dum Dum,GEN,Asim Kumar Dasgupta,M,CPM,CPM,328310,1405981
West Bengal,2014,16,Dum Dum,GEN,Saugata Roy,M,AITC,AITC,483244,1405981
West Bengal,2014,17,Barasat,GEN,Sukla Bhuimali,F,CPIM,CPIM,1332,1512792
West Bengal,2014,17,Barasat,GEN,Bikash Hazra,M,BMUP,BMUP,1478,1512792
West Bengal,2014,17,Barasat,GEN,Paresh Chandra Ghosh,M,SUCI,SUCI,2439,1512792
West Bengal,2014,17,Barasat,GEN,Kalyan Basak,M,IND,IND,4122,1512792
West Bengal,2014,17,Barasat,GEN,Shri Kaushik Das Gupta,M,IND,IND,6375,1512792
West Bengal,2014,17,Barasat,GEN,Md. Rafikul Islam,M,WPOI,WPOI,6895,1512792
West Bengal,2014,17,Barasat,GEN,Morttaja Hosen,M,IND,IND,6911,1512792
West Bengal,2014,17,Barasat,GEN,Sukumar Bala,M,BSP,BSP,12178,1512792
West Bengal,2014,17,Barasat,GEN,None Of The Above,,NOTA,NOTA,12700,1512792
West Bengal,2014,17,Barasat,GEN,Riju Ghosal,M,INC,INC,40660,1512792
West Bengal,2014,17,Barasat,GEN,P.C. Sorcar Junior,M,BJP,BJP,296608,1512792
West Bengal,2014,17,Barasat,GEN,Dr. Mortoza Hossain,M,AIFB,AIFB,352246,1512792
West Bengal,2014,17,Barasat,GEN,Dr. Kakali Ghoshdostidar,F,AITC,AITC,525387,1512792
West Bengal,2014,18,Basirhat,GEN,Md. Hafiz,M,IND,IND,5976,1490596
West Bengal,2014,18,Basirhat,GEN,Ajay Kumar Bain,M,SUCI,SUCI,6532,1490596
West Bengal,2014,18,Basirhat,GEN,Gopal Das,M,BSP,BSP,7016,1490596
West Bengal,2014,18,Basirhat,GEN,Ranjit Gayen,M,IND,IND,8088,1490596
West Bengal,2014,18,Basirhat,GEN,None Of The Above,,NOTA,NOTA,9971,1490596
West Bengal,2014,18,Basirhat,GEN,Chowdhury Siddiqullah,M,AIUDF,AIUDF,25178,1490596
West Bengal,2014,18,Basirhat,GEN,Abdur Rahim Quazi,M,INC,INC,102130,1490596
West Bengal,2014,18,Basirhat,GEN,Samik Bhattacharya,M,BJP,BJP,233887,1490596
West Bengal,2014,18,Basirhat,GEN,Nurul Huda,M,CPI,CPI,382667,1490596
West Bengal,2014,18,Basirhat,GEN,Idris Ali,M,AITC,AITC,492326,1490596
West Bengal,2014,19,Joynagar,SC,Dr. Rabin Naskar,M,BMUP,BMUP,2657,1458724
West Bengal,2014,19,Joynagar,SC,Ananya Sarkar,M,BSP,BSP,2909,1458724
West Bengal,2014,19,Joynagar,SC,Subhas Naskar,M,IND,IND,5161,1458724
West Bengal,2014,19,Joynagar,SC,Maniklal Sardar,M,RaJSP,RaJSP,5908,1458724
West Bengal,2014,19,Joynagar,SC,None Of The Above,,NOTA,NOTA,8819,1458724
West Bengal,2014,19,Joynagar,SC,Taranga Mondal,M,AIUDF,AIUDF,13333,1458724
West Bengal,2014,19,Joynagar,SC,Arnab Roy,M,INC,INC,38493,1458724
West Bengal,2014,19,Joynagar,SC,Krishnapada Majumder,M,BJP,BJP,113206,1458724
West Bengal,2014,19,Joynagar,SC,Dr. Tarun Mandal,M,SUCI,SUCI,117454,1458724
West Bengal,2014,19,Joynagar,SC,Subhas Naskar,M,RSP,RSP,386362,1458724
West Bengal,2014,19,Joynagar,SC,Pratima Mondal,F,AITC,AITC,494746,1458724
West Bengal,2014,20,Mathurapur,SC,Nandadulal Mandal,M,RJNP,RJNP,1361,1488785
West Bengal,2014,20,Mathurapur,SC,Abanindra Nath Baidya,M,IND,IND,2100,1488785
West Bengal,2014,20,Mathurapur,SC,Rabindranath Mistri,M,PDS,PDS,3221,1488785
West Bengal,2014,20,Mathurapur,SC,Soumen Saradar,M,BSP,BSP,4395,1488785
West Bengal,2014,20,Mathurapur,SC,Mantu Ram Halder,M,WPOI,WPOI,4693,1488785
West Bengal,2014,20,Mathurapur,SC,None Of The Above,,NOTA,NOTA,9342,1488785
West Bengal,2014,20,Mathurapur,SC,Purna Chandra Naiya,M,SUCI,SUCI,10203,1488785
West Bengal,2014,20,Mathurapur,SC,Shri Manoranjan Halder,M,INC,INC,47376,1488785
West Bengal,2014,20,Mathurapur,SC,Tapan Naskar,M,BJP,BJP,66538,1488785
West Bengal,2014,20,Mathurapur,SC,Rinku Naskar,F,CPM,CPM,491494,1488785
West Bengal,2014,20,Mathurapur,SC,Choudhury Mohan Jatua,M,AITC,AITC,630262,1488785
West Bengal,2014,21,Diamond Harbour,GEN,Alok Sen,M,IND,IND,977,1555914
West Bengal,2014,21,Diamond Harbour,GEN,Habibur Rahaman Molla,M,RJNP,RJNP,1260,1555914
West Bengal,2014,21,Diamond Harbour,GEN,Samir Putatunda,M,PDS,PDS,1322,1555914
West Bengal,2014,21,Diamond Harbour,GEN,Bijan Majumder,M,IND,IND,1348,1555914
West Bengal,2014,21,Diamond Harbour,GEN,Jaynal Abedin Mondal,M,IUML,IUML,1856,1555914
West Bengal,2014,21,Diamond Harbour,GEN,Ajay Ghosh,M,SUCI,SUCI,2529,1555914
West Bengal,2014,21,Diamond Harbour,GEN,Dilip Kumar Mandal,M,BSP,BSP,2892,1555914
West Bengal,2014,21,Diamond Harbour,GEN,Nazma Yasmeen,F,WPOI,WPOI,3272,1555914
West Bengal,2014,21,Diamond Harbour,GEN,Bechu Mondal,M,IND,IND,3607,1555914
West Bengal,2014,21,Diamond Harbour,GEN,Sailen Sadhukhan,M,IND,IND,6633,1555914
West Bengal,2014,21,Diamond Harbour,GEN,Sougata Ghosh,M,IND,IND,6634,1555914
West Bengal,2014,21,Diamond Harbour,GEN,Sudip Kumar Saha,M,IND,IND,8740,1555914
West Bengal,2014,21,Diamond Harbour,GEN,None Of The Above,,NOTA,NOTA,10657,1555914
West Bengal,2014,21,Diamond Harbour,GEN,Md. Qamruzzaman Qamar,M,INC,INC,63047,1555914
West Bengal,2014,21,Diamond Harbour,GEN,Abhijit Das (Bobby),M,BJP,BJP,200858,1555914
West Bengal,2014,21,Diamond Harbour,GEN,Dr. Abul Hasnat,M,CPM,CPM,437183,1555914
West Bengal,2014,21,Diamond Harbour,GEN,Abhishek Banerjee,M,AITC,AITC,508481,1555914
West Bengal,2014,22,Jadavpur,GEN,Ashok Kumar Shaw,M,IND,IND,1294,1595746
West Bengal,2014,22,Jadavpur,GEN,Pintu Sanpui,M,BMUP,BMUP,1340,1595746
West Bengal,2014,22,Jadavpur,GEN,Hasibul Islam Mir,M,RJNP,RJNP,1464,1595746
West Bengal,2014,22,Jadavpur,GEN,Kartik Kayal,M,IND,IND,2837,1595746
West Bengal,2014,22,Jadavpur,GEN,Shamali Das,F,IND,IND,2885,1595746
West Bengal,2014,22,Jadavpur,GEN,Susanta Kumar Naskar,M,IND,IND,3067,1595746
West Bengal,2014,22,Jadavpur,GEN,Mangal Kumar Sardar,M,IND,IND,3406,1595746
West Bengal,2014,22,Jadavpur,GEN,Sandhya Mandal,F,BSP,BSP,3945,1595746
West Bengal,2014,22,Jadavpur,GEN,Dr. Asok Kumar Samanta,M,SUCI,SUCI,11317,1595746
West Bengal,2014,22,Jadavpur,GEN,None Of The Above,,NOTA,NOTA,15667,1595746
West Bengal,2014,22,Jadavpur,GEN,Samir Aich,M,INC,INC,26344,1595746
West Bengal,2014,22,Jadavpur,GEN,Dr. Sarup Prasad Ghosh,M,BJP,BJP,155511,1595746
West Bengal,2014,22,Jadavpur,GEN,Sujan Chakraborty,M,CPM,CPM,459041,1595746
West Bengal,2014,22,Jadavpur,GEN,Sugata Bose,M,AITC,AITC,584244,1595746
West Bengal,2014,23,Kolkata Dakshin,GEN,Raveendran. T.P (Ravi Paloor),M,CPIM,CPIM,875,1685296
West Bengal,2014,23,Kolkata Dakshin,GEN,Karan Singh,M,IJP,IJP,1103,1685296
West Bengal,2014,23,Kolkata Dakshin,GEN,Syed Md Wasim Raza,M,AIMF,AIMF,1195,1685296
West Bengal,2014,23,Kolkata Dakshin,GEN,Md. Heshamuddin,M,WPOI,WPOI,1554,1685296
West Bengal,2014,23,Kolkata Dakshin,GEN,Badri Mondal,M,IND,IND,1844,1685296
West Bengal,2014,23,Kolkata Dakshin,GEN,Hitangshu Banerjee,M,AMB,AMB,2921,1685296
West Bengal,2014,23,Kolkata Dakshin,GEN,Shamali Das,F,IND,IND,3356,1685296
West Bengal,2014,23,Kolkata Dakshin,GEN,K. P. Md. Sharif,M,IUML,IUML,3776,1685296
West Bengal,2014,23,Kolkata Dakshin,GEN,Zubair Rabbani,M,SUCI,SUCI,3994,1685296
West Bengal,2014,23,Kolkata Dakshin,GEN,Ashoke Biswas,M,IND,IND,4335,1685296
West Bengal,2014,23,Kolkata Dakshin,GEN,Omprakash Prajapati,M,BSP,BSP,4564,1685296
West Bengal,2014,23,Kolkata Dakshin,GEN,None Of The Above,,NOTA,NOTA,19511,1685296
West Bengal,2014,23,Kolkata Dakshin,GEN,Mala Roy,F,INC,INC,113453,1685296
West Bengal,2014,23,Kolkata Dakshin,GEN,Nandini Mukherjee,F,CPM,CPM,278414,1685296
West Bengal,2014,23,Kolkata Dakshin,GEN,Tathagata Roy,M,BJP,BJP,295376,1685296
West Bengal,2014,23,Kolkata Dakshin,GEN,Subrata Bakshi,M,AITC,AITC,431715,1685296
West Bengal,2014,24,Kolkata Uttar,GEN,Sunirmal Basu,M,IND,IND,518,1433985
West Bengal,2014,24,Kolkata Uttar,GEN,Mitul Kumar Singh,M,RAHM,RAHM,548,1433985
West Bengal,2014,24,Kolkata Uttar,GEN,S.M. Habibullah,M,GaAP,GaAP,660,1433985
West Bengal,2014,24,Kolkata Uttar,GEN,Tarun Mukherjee,M,RJNP,RJNP,708,1433985
West Bengal,2014,24,Kolkata Uttar,GEN,Md. Ibrahim Khan,M,IUML,IUML,749,1433985
West Bengal,2014,24,Kolkata Uttar,GEN,Rathindra Nath Roy,M,IND,IND,1149,1433985
West Bengal,2014,24,Kolkata Uttar,GEN,Debajyoti Sengupta,M,IND,IND,1435,1433985
West Bengal,2014,24,Kolkata Uttar,GEN,Kaushik Biswas,M,IND,IND,1810,1433985
West Bengal,2014,24,Kolkata Uttar,GEN,Kali Pada Jana,M,IND,IND,1860,1433985
West Bengal,2014,24,Kolkata Uttar,GEN,Phul Chand Ram,M,BSP,BSP,2127,1433985
West Bengal,2014,24,Kolkata Uttar,GEN,Saumen Mitra,M,IND,IND,3752,1433985
West Bengal,2014,24,Kolkata Uttar,GEN,Dr. Devendra Pandey,M,IND,IND,4168,1433985
West Bengal,2014,24,Kolkata Uttar,GEN,Alok Chaturvedi,M,AAAP,AAAP,4399,1433985
West Bengal,2014,24,Kolkata Uttar,GEN,Sanjoy Saha,M,IND,IND,4808,1433985
West Bengal,2014,24,Kolkata Uttar,GEN,None Of The Above,,NOTA,NOTA,9103,1433985
West Bengal,2014,24,Kolkata Uttar,GEN,Somendranath Mitra,M,INC,INC,130783,1433985
West Bengal,2014,24,Kolkata Uttar,GEN,Bagchi Rupa,F,CPM,CPM,196053,1433985
West Bengal,2014,24,Kolkata Uttar,GEN,Rahul (Biswajit) Sinha,M,BJP,BJP,247461,1433985
West Bengal,2014,24,Kolkata Uttar,GEN,Sudip Bandyopadhyay,M,AITC,AITC,343687,1433985
West Bengal,2014,25,Howrah,GEN,Sukumar Baral,M,BMUP,BMUP,635,1505099
West Bengal,2014,25,Howrah,GEN,Mohammad Sirajuddin Sekh,M,GaAP,GaAP,1079,1505099
West Bengal,2014,25,Howrah,GEN,Sajal Kumar Das,M,IND,IND,1572,1505099
West Bengal,2014,25,Howrah,GEN,Soumitra Sengupta,M,SUCI,SUCI,1814,1505099
West Bengal,2014,25,Howrah,GEN,Mrityunjay Sarkar,M,IND,IND,2034,1505099
West Bengal,2014,25,Howrah,GEN,Sanjib Sarkar,M,IND,IND,2105,1505099
West Bengal,2014,25,Howrah,GEN,Suraj Narayan Singh,M,AAAP,AAAP,2186,1505099
West Bengal,2014,25,Howrah,GEN,Dinesh Kumar Sharma,M,IND,IND,2343,1505099
West Bengal,2014,25,Howrah,GEN,Gobarddhan Manna,M,IUC,IUC,2680,1505099
West Bengal,2014,25,Howrah,GEN,Shib Chandra Ram,M,BSP,BSP,3241,1505099
West Bengal,2014,25,Howrah,GEN,Sonia Das,F,IND,IND,4441,1505099
West Bengal,2014,25,Howrah,GEN,None Of The Above,,NOTA,NOTA,9929,1505099
West Bengal,2014,25,Howrah,GEN,Manoj Kumar Pandey,M,INC,INC,63254,1505099
West Bengal,2014,25,Howrah,GEN,George Baker,M,BJP,BJP,248120,1505099
West Bengal,2014,25,Howrah,GEN,Sridip Bhattacharya,M,CPM,CPM,291505,1505099
West Bengal,2014,25,Howrah,GEN,Prasun Banerjee,M,AITC,AITC,488461,1505099
West Bengal,2014,26,Uluberia,GEN,Sujata Dutta,F,BMUP,BMUP,1400,1448632
West Bengal,2014,26,Uluberia,GEN,Ashis Kumar Das,M,IND,IND,2437,1448632
West Bengal,2014,26,Uluberia,GEN,Ramesh Dhara,M,IND,IND,2529,1448632
West Bengal,2014,26,Uluberia,GEN,Minati Sarkar,F,SUCI,SUCI,2902,1448632
West Bengal,2014,26,Uluberia,GEN,Susanta Kumar Dalui,M,IND,IND,2990,1448632
West Bengal,2014,26,Uluberia,GEN,Rekha Das,F,BSP,BSP,3918,1448632
West Bengal,2014,26,Uluberia,GEN,Dilip Kumar Hait,M,IND,IND,3947,1448632
West Bengal,2014,26,Uluberia,GEN,Hasan Nawaj,M,AIUDF,AIUDF,5709,1448632
West Bengal,2014,26,Uluberia,GEN,Abul Qasem,M,IUC,IUC,6607,1448632
West Bengal,2014,26,Uluberia,GEN,None Of The Above,,NOTA,NOTA,8277,1448632
West Bengal,2014,26,Uluberia,GEN,Asit Mitra,M,INC,INC,67826,1448632
West Bengal,2014,26,Uluberia,GEN,Ranjit Kishore Mohanty,M,BJP,BJP,137137,1448632
West Bengal,2014,26,Uluberia,GEN,Sabir Uddin Molla,M,CPM,CPM,369563,1448632
West Bengal,2014,26,Uluberia,GEN,Sultan Ahmed,M,AITC,AITC,570785,1448632
West Bengal,2014,27,Srerampur,GEN,Kailash Naskar,M,IND,IND,2674,1624038
West Bengal,2014,27,Srerampur,GEN,Md. Shanawaz,M,SUCI,SUCI,2698,1624038
West Bengal,2014,27,Srerampur,GEN,Manasa Sen,M,WPOI,WPOI,3406,1624038
West Bengal,2014,27,Srerampur,GEN,Nasiruddin Mir,M,IUC,IUC,4240,1624038
West Bengal,2014,27,Srerampur,GEN,Raju Dey Sarkar,M,IND,IND,4277,1624038
West Bengal,2014,27,Srerampur,GEN,Dr. Somnath Ghosh,M,IND,IND,6613,1624038
West Bengal,2014,27,Srerampur,GEN,None Of The Above,,NOTA,NOTA,15374,1624038
West Bengal,2014,27,Srerampur,GEN,Abdul Mannan,M,INC,INC,86099,1624038
West Bengal,2014,27,Srerampur,GEN,Bappi Lahiri,M,BJP,BJP,287712,1624038
West Bengal,2014,27,Srerampur,GEN,Tirthankar Ray,M,CPM,CPM,362407,1624038
West Bengal,2014,27,Srerampur,GEN,Kalyan Banerjee,M,AITC,AITC,514933,1624038
West Bengal,2014,28,Hooghly,GEN,Shukchand Murmu,M,JDP,JDP,3197,1630042
West Bengal,2014,28,Hooghly,GEN,Sanghamitra Mukherjee,F,RJNP,RJNP,3766,1630042
West Bengal,2014,28,Hooghly,GEN,Vijay Kumar Mahato,M,BSP,BSP,5519,1630042
West Bengal,2014,28,Hooghly,GEN,Paban Mazumder,M,SUCI,SUCI,7682,1630042
West Bengal,2014,28,Hooghly,GEN,Sajal Adhikari,M,CPI(ML)(L),CPI(ML)(L),9152,1630042
West Bengal,2014,28,Hooghly,GEN,None Of The Above,,NOTA,NOTA,16517,1630042
West Bengal,2014,28,Hooghly,GEN,Pritam Ghosh,M,INC,INC,42226,1630042
West Bengal,2014,28,Hooghly,GEN,Dr. Chandan Mitra,M,BJP,BJP,221271,1630042
West Bengal,2014,28,Hooghly,GEN,Pradip Saha,M,CPM,CPM,425228,1630042
West Bengal,2014,28,Hooghly,GEN,Dr. Ratna De (Nag),F,AITC,AITC,614312,1630042
West Bengal,2014,29,Arambagh,SC,Ganesh Bag,M,JDP,JDP,7062,1600293
West Bengal,2014,29,Arambagh,SC,None Of The Above,,NOTA,NOTA,17837,1600293
West Bengal,2014,29,Arambagh,SC,Sambhunath Malik,M,INC,INC,27872,1600293
West Bengal,2014,29,Arambagh,SC,Madhusudan Bag,M,BJP,BJP,158480,1600293
West Bengal,2014,29,Arambagh,SC,Saktimohan Malik,M,CPM,CPM,401919,1600293
West Bengal,2014,29,Arambagh,SC,Aparupa Poddar (Afrin Ali),F,AITC,AITC,748764,1600293
West Bengal,2014,30,Tamluk,GEN,Manik Chandra Mondal,M,IUML,IUML,1500,1527273
West Bengal,2014,30,Tamluk,GEN,Abdur Rezak Sk,M,IND,IND,1682,1527273
West Bengal,2014,30,Tamluk,GEN,Kalisankar Jana,M,IND,IND,2658,1527273
West Bengal,2014,30,Tamluk,GEN,Kamal Bag,M,BSP,BSP,3110,1527273
West Bengal,2014,30,Tamluk,GEN,Rajyashree Chaudhuri,F,IND,IND,3609,1527273
West Bengal,2014,30,Tamluk,GEN,Bibekananda Ray,M,SUCI,SUCI,10197,1527273
West Bengal,2014,30,Tamluk,GEN,None Of The Above,,NOTA,NOTA,11643,1527273
West Bengal,2014,30,Tamluk,GEN,Anwar Ali Sk,M,INC,INC,29645,1527273
West Bengal,2014,30,Tamluk,GEN,Badsha Alam,M,BJP,BJP,86265,1527273
West Bengal,2014,30,Tamluk,GEN,Sekh Ibrahim Ali,M,CPM,CPM,470447,1527273
West Bengal,2014,30,Tamluk,GEN,Adhikari Suvendu,M,AITC,AITC,716928,1527273
West Bengal,2014,31,Kanthi,GEN,Sk Golam Nabi Ajad,M,IND,IND,3260,1490409
West Bengal,2014,31,Kanthi,GEN,Manas Pradhan,M,SUCI,SUCI,7335,1490409
West Bengal,2014,31,Kanthi,GEN,Ansar Ali Sk,M,BSP,BSP,8298,1490409
West Bengal,2014,31,Kanthi,GEN,None Of The Above,,NOTA,NOTA,9598,1490409
West Bengal,2014,31,Kanthi,GEN,Kunal Banerjee,M,INC,INC,27230,1490409
West Bengal,2014,31,Kanthi,GEN,Kamalendu Pahari,M,BJP,BJP,111082,1490409
West Bengal,2014,31,Kanthi,GEN,Sinha Tapas,M,CPM,CPM,447259,1490409
West Bengal,2014,31,Kanthi,GEN,Adhikari Sisir Kumar,M,AITC,AITC,676749,1490409
West Bengal,2014,32,Ghatal,GEN,Gangaram Sasmal,M,PDS,PDS,1758,1610489
West Bengal,2014,32,Ghatal,GEN,Gobardhan Ghosh,M,RaJSP,RaJSP,1983,1610489
West Bengal,2014,32,Ghatal,GEN,Gopal Murmu,M,JHAP,JHAP,2154,1610489
West Bengal,2014,32,Ghatal,GEN,Gopal Mondal,M,IND,IND,4498,1610489
West Bengal,2014,32,Ghatal,GEN,Goutam Kouri,M,AMB,AMB,5547,1610489
West Bengal,2014,32,Ghatal,GEN,Anjan Jana,M,SUCI,SUCI,8080,1610489
West Bengal,2014,32,Ghatal,GEN,None Of The Above,,NOTA,NOTA,14418,1610489
West Bengal,2014,32,Ghatal,GEN,Md. Alam,M,BJP,BJP,94842,1610489
West Bengal,2014,32,Ghatal,GEN,Manas Ranjan Bhunia,M,INC,INC,123128,1610489
West Bengal,2014,32,Ghatal,GEN,Santosh Rana,M,CPI,CPI,424805,1610489
West Bengal,2014,32,Ghatal,GEN,Adhikari Deepak (Dev),M,AITC,AITC,685696,1610489
West Bengal,2014,33,Jhargram,ST,Murari Mohan Baske,M,JHAP,JHAP,3877,1475112
West Bengal,2014,33,Jhargram,ST,Rajib Mudi,M,SUCI,SUCI,5058,1475112
West Bengal,2014,33,Jhargram,ST,Milan Mandi,M,JDP,JDP,6013,1475112
West Bengal,2014,33,Jhargram,ST,Subodh Kumar Mandi,M,IND,IND,7453,1475112
West Bengal,2014,33,Jhargram,ST,Chunibala Hansda,F,JKP(N),JKP(N),7608,1475112
West Bengal,2014,33,Jhargram,ST,Gomasta Prasad Soren,M,AKBJHP,AKBJHP,8364,1475112
West Bengal,2014,33,Jhargram,ST,Rampada Hansda,M,AMB,AMB,8478,1475112
West Bengal,2014,33,Jhargram,ST,Hiranmoy Majhi,M,IND,IND,8616,1475112
West Bengal,2014,33,Jhargram,ST,Buddhadeb Mandi,M,JMM,JMM,15114,1475112
West Bengal,2014,33,Jhargram,ST,None Of The Above,,NOTA,NOTA,22935,1475112
West Bengal,2014,33,Jhargram,ST,Anita Hansda,F,INC,INC,40513,1475112
West Bengal,2014,33,Jhargram,ST,Bikash Mudi,M,BJP,BJP,122459,1475112
West Bengal,2014,33,Jhargram,ST,Dr. Pulin Bihari Baske,M,CPM,CPM,326621,1475112
West Bengal,2014,33,Jhargram,ST,Uma Saren,F,AITC,AITC,674504,1475112
West Bengal,2014,34,Medinipur,GEN,Ramkrisna Sarkar,M,IND,IND,4663,1499673
West Bengal,2014,34,Medinipur,GEN,Mukim Khan,M,JMM,JMM,5339,1499673
West Bengal,2014,34,Medinipur,GEN,Soumen Samanta,M,PDS,PDS,6070,1499673
West Bengal,2014,34,Medinipur,GEN,Ashok Bera,M,AMB,AMB,7881,1499673
West Bengal,2014,34,Medinipur,GEN,Kavita Rani,F,BSP,BSP,8640,1499673
West Bengal,2014,34,Medinipur,GEN,Tushar Jana,M,SUCI,SUCI,9800,1499673
West Bengal,2014,34,Medinipur,GEN,None Of The Above,,NOTA,NOTA,13616,1499673
West Bengal,2014,34,Medinipur,GEN,Dr. Bimal Kumar Raj,M,INC,INC,48914,1499673
West Bengal,2014,34,Medinipur,GEN,Prabhakar Tewari,M,BJP,BJP,180071,1499673
West Bengal,2014,34,Medinipur,GEN,Prabodh Panda,M,CPI,CPI,395313,1499673
West Bengal,2014,34,Medinipur,GEN,Sandhya Roy,F,AITC,AITC,580441,1499673
West Bengal,2014,35,Purulia,GEN,Purna Chandra Tudu,M,IND,IND,4073,1471933
West Bengal,2014,35,Purulia,GEN,Dhiren Rajak,M,IND,IND,5584,1471933
West Bengal,2014,35,Purulia,GEN,Monbodh Mahato,M,IND,IND,6774,1471933
West Bengal,2014,35,Purulia,GEN,Baidyanath Hansda,M,JDP,JDP,7168,1471933
West Bengal,2014,35,Purulia,GEN,Tapan Kumar Mahato,M,JMM,JMM,7386,1471933
West Bengal,2014,35,Purulia,GEN,Ajit Prasad Mahata,M,JVM,JVM,9012,1471933
West Bengal,2014,35,Purulia,GEN,Mihir Kumar Rajwar,M,BSP,BSP,9850,1471933
West Bengal,2014,35,Purulia,GEN,Subarna Kumar,M,SUCI,SUCI,11266,1471933
West Bengal,2014,35,Purulia,GEN,None Of The Above,,NOTA,NOTA,16726,1471933
West Bengal,2014,35,Purulia,GEN,Bikash Banerjee,M,BJP,BJP,86236,1471933
West Bengal,2014,35,Purulia,GEN,Nepal Mahata,M,INC,INC,257923,1471933
West Bengal,2014,35,Purulia,GEN,Narahari Mahato,M,AIFB,AIFB,314400,1471933
West Bengal,2014,35,Purulia,GEN,Dr. Mriganka Mahato,M,AITC,AITC,468277,1471933
West Bengal,2014,36,Bankura,GEN,Shib Sankar Ghosh,M,JVM,JVM,3105,1503812
West Bengal,2014,36,Bankura,GEN,Gour Chandra Hembram,M,IND,IND,4876,1503812
West Bengal,2014,36,Bankura,GEN,Panmani Besra,F,JDP,JDP,5909,1503812
West Bengal,2014,36,Bankura,GEN,Banerjee Prabir,M,JHAP,JHAP,6209,1503812
West Bengal,2014,36,Bankura,GEN,Binoy Chowdhury,M,BSP,BSP,7388,1503812
West Bengal,2014,36,Bankura,GEN,Hulu Khetrapal,M,BMUP,BMUP,7564,1503812
West Bengal,2014,36,Bankura,GEN,Sudhir Kumar Murmu,M,CPI(ML)(L),CPI(ML)(L),7579,1503812
West Bengal,2014,36,Bankura,GEN,Shyamal Sikdar,M,IND,IND,9045,1503812
West Bengal,2014,36,Bankura,GEN,Kabita Singhababu,F,SUCI,SUCI,9125,1503812
West Bengal,2014,36,Bankura,GEN,Paresh Marandi,M,JMM,JMM,10229,1503812
West Bengal,2014,36,Bankura,GEN,Nilmadhab Gupta,M,INC,INC,22021,1503812
West Bengal,2014,36,Bankura,GEN,None Of The Above,,NOTA,NOTA,23682,1503812
West Bengal,2014,36,Bankura,GEN,Subhas Kumar Sarkar,M,BJP,BJP,251183,1503812
West Bengal,2014,36,Bankura,GEN,Acharia Basudeb,M,CPM,CPM,384949,1503812
West Bengal,2014,36,Bankura,GEN,Sreemati Dev Varma (Moon Moon Sen),F,AITC,AITC,483455,1503812
West Bengal,2014,37,Bishnupur,SC,Sadananda Mandal,M,SUCI,SUCI,4886,1466921
West Bengal,2014,37,Bishnupur,SC,Dinesh Lohar,M,IND,IND,6820,1466921
West Bengal,2014,37,Bishnupur,SC,Tarani Roy,M,IND,IND,6854,1466921
West Bengal,2014,37,Bishnupur,SC,Joydeb Bauri,M,BMUP,BMUP,7816,1466921
West Bengal,2014,37,Bishnupur,SC,Jagadananda Roy,M,BSP,BSP,10127,1466921
West Bengal,2014,37,Bishnupur,SC,None Of The Above,,NOTA,NOTA,20928,1466921
West Bengal,2014,37,Bishnupur,SC,Narayan Chandra Khan,M,INC,INC,27054,1466921
West Bengal,2014,37,Bishnupur,SC,Jayanta Mondal,M,BJP,BJP,179530,1466921
West Bengal,2014,37,Bishnupur,SC,Susmita Bauri,F,CPM,CPM,429185,1466921
West Bengal,2014,37,Bishnupur,SC,Khan Saumitra,M,AITC,AITC,578870,1466921
West Bengal,2014,38,Bardhaman Purba,SC,Prosanta Bag,M,JDP,JDP,3410,1532244
West Bengal,2014,38,Bardhaman Purba,SC,Mukul Biswas,M,BSP,BSP,5442,1532244
West Bengal,2014,38,Bardhaman Purba,SC,Pejush Kumar Sahana,M,CPI(ML)(L),CPI(ML)(L),5919,1532244
West Bengal,2014,38,Bardhaman Purba,SC,Kalicharan Sardar,M,SUCI,SUCI,7981,1532244
West Bengal,2014,38,Bardhaman Purba,SC,Swapan Malik,M,JMM,JMM,9666,1532244
West Bengal,2014,38,Bardhaman Purba,SC,None Of The Above,,NOTA,NOTA,13951,1532244
West Bengal,2014,38,Bardhaman Purba,SC,Chandana Majhi,F,INC,INC,68884,1532244
West Bengal,2014,38,Bardhaman Purba,SC,Santosh Roy,M,BJP,BJP,170828,1532244
West Bengal,2014,38,Bardhaman Purba,SC,Iswar Chandra Das,M,CPM,CPM,460181,1532244
West Bengal,2014,38,Bardhaman Purba,SC,Sunil Kumar Mondal,M,AITC,AITC,574560,1532244
West Bengal,2014,39,Burdwan - Durgapur,GEN,Sarada Moni Samanta,F,IND,IND,4984,1583495
West Bengal,2014,39,Burdwan - Durgapur,GEN,Dr. Dhanapati Das,M,BMUP,BMUP,6665,1583495
West Bengal,2014,39,Burdwan - Durgapur,GEN,Sunil Kumar Purkait,M,SUCI,SUCI,7574,1583495
West Bengal,2014,39,Burdwan - Durgapur,GEN,Md. Harun,M,BSP,BSP,11862,1583495
West Bengal,2014,39,Burdwan - Durgapur,GEN,None Of The Above,,NOTA,NOTA,16886,1583495
West Bengal,2014,39,Burdwan - Durgapur,GEN,Agasty Pradip,M,INC,INC,44355,1583495
West Bengal,2014,39,Burdwan - Durgapur,GEN,Debasree Chaudhuri,F,BJP,BJP,237205,1583495
West Bengal,2014,39,Burdwan - Durgapur,GEN,Sk. Saidul Haque,M,CPM,CPM,447190,1583495
West Bengal,2014,39,Burdwan - Durgapur,GEN,Dr. Mamtaz Sanghamita,F,AITC,AITC,554521,1583495
West Bengal,2014,40,Asansol,GEN,Buro Murmu,M,JDP,JDP,2434,1469684
West Bengal,2014,40,Asansol,GEN,Md. Mustaqim,M,GaAP,GaAP,2450,1469684
West Bengal,2014,40,Asansol,GEN,Ananta Lal Gupta,M,SUCI,SUCI,3115,1469684
West Bengal,2014,40,Asansol,GEN,Atul Chandra Bouri,M,BMUP,BMUP,4256,1469684
West Bengal,2014,40,Asansol,GEN,Jarasandha Sinha,M,BSP,BSP,4663,1469684
West Bengal,2014,40,Asansol,GEN,Md. Reyazuddin,M,IUML,IUML,4947,1469684
West Bengal,2014,40,Asansol,GEN,Sujit Kar,M,IND,IND,5016,1469684
West Bengal,2014,40,Asansol,GEN,Kanai Banerjee,M,JMM,JMM,5728,1469684
West Bengal,2014,40,Asansol,GEN,Jyotirmoy Maiti,M,IND,IND,10227,1469684
West Bengal,2014,40,Asansol,GEN,None Of The Above,,NOTA,NOTA,11479,1469684
West Bengal,2014,40,Asansol,GEN,Manash Sarkar,M,IND,IND,14263,1469684
West Bengal,2014,40,Asansol,GEN,Indrani Mishra,F,INC,INC,48502,1469684
West Bengal,2014,40,Asansol,GEN,Bansa Gopal Choudhury,M,CPM,CPM,255829,1469684
West Bengal,2014,40,Asansol,GEN,Dola Sen,F,AITC,AITC,349503,1469684
West Bengal,2014,40,Asansol,GEN,Babul Supriya Baral (Babul Supriyo),M,BJP,BJP,419983,1469684
West Bengal,2014,41,Bolpur,SC,Bijoy Dolui,M,SUCI,SUCI,5410,1538421
West Bengal,2014,41,Bolpur,SC,Samiran Das,M,BSP,BSP,5952,1538421
West Bengal,2014,41,Bolpur,SC,Sanjib Malik,M,JDP,JDP,6371,1538421
West Bengal,2014,41,Bolpur,SC,None Of The Above,,NOTA,NOTA,17322,1538421
West Bengal,2014,41,Bolpur,SC,Tapan Kumar Saha,M,INC,INC,46953,1538421
West Bengal,2014,41,Bolpur,SC,Kamini Mohan Sarkar,M,BJP,BJP,197474,1538421
West Bengal,2014,41,Bolpur,SC,Dome Ramchandra,M,CPM,CPM,394581,1538421
West Bengal,2014,41,Bolpur,SC,Anupam Hazra,M,AITC,AITC,630693,1538421
West Bengal,2014,42,Birbhum,GEN,Nurul Islam,M,JD(U),JD(U),2205,1495089
West Bengal,2014,42,Birbhum,GEN,Sajal Das,M,BMUP,BMUP,2982,1495089
West Bengal,2014,42,Birbhum,GEN,Suttam Das,M,IND,IND,5448,1495089
West Bengal,2014,42,Birbhum,GEN,Ayesha Khatun,F,SUCI,SUCI,6593,1495089
West Bengal,2014,42,Birbhum,GEN,Prabir Mukhopadhyay,M,BSP,BSP,7141,1495089
West Bengal,2014,42,Birbhum,GEN,Prasanta Roy,M,SP,SP,7194,1495089
West Bengal,2014,42,Birbhum,GEN,Shibratan Sharma,M,JMM,JMM,7989,1495089
West Bengal,2014,42,Birbhum,GEN,None Of The Above,,NOTA,NOTA,14557,1495089
West Bengal,2014,42,Birbhum,GEN,Syed Siraj Jimmi,M,INC,INC,132084,1495089
West Bengal,2014,42,Birbhum,GEN,Joy Banerjee,M,BJP,BJP,235753,1495089
West Bengal,2014,42,Birbhum,GEN,Dr. Elahi Kamre Mahammad,M,CPM,CPM,393305,1495089
West Bengal,2014,42,Birbhum,GEN,Satabdi Roy,F,AITC,AITC,460568,1495089
